county,pov,moe
Kusilvak Census Area,30.026022131215115,5.2
Bethel Census Area,23.668858921854874,3
Lake and Peninsula Borough,23.027873720972874,10.3
Wrangell,22.265064496240722,9.8
Yukon-Koyukuk Census Area,20.83032019584926,5.4
Denali Borough,18.39359606025387,13.100000000000001
Southeast Fairbanks Census Area,18.252272761030504,7.000000000000001
Aleutians East Borough,18.044485486683794,6.6000000000000005
Northwest Arctic Borough,17.708770777104895,3.4000000000000004
Nome Census Area,17.6130784600205,3.5000000000000004
Yakutat,17.471200171839396,10.899999999999999
Prince of Wales-Hyder Census Area,17.3931754721344,4.7
North Slope Borough,17.00687236009249,6.1000000000000005
Dillingham Census Area,16.855489681433887,3.8
Aleutians West Census Area,16.50007621396668,5.5
Kenai Peninsula Borough,16.475370285610243,3.6000000000000005
Bristol Bay Borough,16.25548968555492,7.000000000000001
Sitka,16.163353961408014,4.9
Hoonah-Angoon Census Area,16.067246497057823,4.3
Ketchikan Gateway Borough,15.845051423663579,3.6000000000000005
Petersburg Borough,15.639991002959059,4.1
Kodiak Island Borough,15.60452356661797,3.0999999999999996
Skagway Municipality,15.577283727448222,4.9
Anchorage Municipality,15.515823905949244,1.8000000000000003
Matanuska-Susitna Borough,15.510928955734704,1.7000000000000002
Juneau,15.428936775335206,2.5
Fairbanks North Star Borough,15.204751691701112,1.6
Haines Borough,15.00019809220615,1.3
