county,pov,moe
Sierra,26.633722422932426,18.1
Trinity,25.224372403047962,12.3
Modoc,24.031884200220457,13.3
Mariposa,23.625086281090567,9.6
Alpine,19.8172881853378,10
Mono,18.87444074118883,7.6
Glenn,18.78186885281189,6
Madera,18.0354751889033,3.7000000000000006
Tehama,18.003306468696337,4.6
Siskiyou,17.981983566096222,4.9
Plumas,17.81903926407117,5.9
Del Norte,17.778484052691375,5.3
Calaveras,17.619191191378448,5.2
Imperial,17.499607769159333,3.0999999999999996
Inyo,17.450473187886058,6
Mendocino,17.39660137236424,4
Lake,17.32159258964462,3.8
Lassen,17.245675345954997,4.7
Colusa,17.14568255103018,4.4
Kings,17.10570995334088,3.2
Yuba,17.024640791362632,3.5000000000000004
Sutter,16.82534315718829,3.4000000000000004
Merced,16.765592140858082,2.4
Humboldt,16.545686996394593,2.6
Tuolumne,16.42944269293353,3.5000000000000004
San Benito,16.376375615202203,3.4000000000000004
Butte,16.249509167996063,2.3
Yolo,16.15094622729601,2.5
Tulare,16.126070120204385,1.6
Fresno,16.091167301879807,1.3999999999999997
Monterey,16.07798414003977,2
Nevada,16.064103906655987,2.7
Kern,16.04687483224562,1.3999999999999997
Shasta,15.874719132744966,1.9
San Luis Obispo,15.82404477136409,2
Santa Cruz,15.806047485225012,2
Amador,15.765502460453613,2.4
Stanislaus,15.763575878993041,1.3999999999999997
Napa,15.742655407453665,2
El Dorado,15.728706197881442,1.9
Santa Barbara,15.66892457113553,1.3999999999999997
Sacramento,15.578963424740685,1.1
Solano,15.576831339954863,1.3999999999999997
Sonoma,15.546800476195036,1.3999999999999997
San Joaquin,15.528424726799445,1
San Bernardino,15.443252973644759,0.8
Marin,15.438427808302425,1.3
Ventura,15.42845241976441,1
San Francisco,15.367868969319368,1
Placer,15.365456909022571,1.1
Contra Costa,15.349925704306171,0.9000000000000001
Riverside,15.333093561483443,0.6999999999999998
San Mateo,15.293019345626057,0.9000000000000001
Alameda,15.2635769391418,0.6999999999999998
Orange,15.245047318788604,0.6
Los Angeles,15.217305942260184,0.4
San Diego,15.216999394155875,0.5
Santa Clara,15.19534623041737,0.6
