county,pov,moe
Greater Bridgeport,19.334429460927435,1.5
South Central Connecticut,19.334429460927435,1.5
Northeastern Connecticut,16.746352416335935,3.0999999999999996
Northwest Hills,16.586206854176627,2.4
Southeastern Connecticut,16.480869909694025,1.9
Naugatuck Valley,16.215153336615888,1.5
Capitol,15.860442942659677,1
Western Connecticut,15.346779098788263,1
Lower Connecticut River Valley,15.215834850461885,1.3999999999999997
