county,pov,moe
Franklin,49.91216619646425,14.099999999999998
Hardee,24.27393958670222,9.2
DeSoto,23.980789896662113,9.1
Glades,23.528680281245084,11.8
Lafayette,22.950523200178424,13.5
Hamilton,21.980178598293982,9.1
Taylor,21.632426853119252,11.5
Washington,21.608612720410893,9.2
Madison,21.3270792816633,8.7
Dixie,21.21696822480854,10.4
Gadsden,21.144399674494338,6.199999999999999
Sumter,20.689658074087568,7.3
Calhoun,20.62314753649751,8.6
Union,20.370359741565682,10.1
Jefferson,20.24097384381737,7.5
Liberty,20.066352392290838,8.3
Putnam,19.646554618095436,6
Jackson,19.640289182228905,6.6000000000000005
Hendry,19.54198824232935,6.7
Okeechobee,19.525463058542243,6.3
Bradford,19.489237633325562,7.6
Holmes,19.412493648635046,8.4
Levy,18.285478539072212,5.800000000000001
Baker,18.01574457187469,6.199999999999999
Gulf,17.972732245867096,6.9
Suwannee,17.43806865229636,4.8
Highlands,17.30176702593616,4.2
Gilchrist,17.20584731816753,5.4
Citrus,17.101451504981156,3.8
Walton,17.048124658780473,4.4
Columbia,16.951708922313347,4
Martin,16.86193150798225,4
Charlotte,16.545846694323963,3.3000000000000003
Monroe,16.535753783464415,3.6000000000000005
Nassau,16.53136738524777,3.8
Escambia,16.32723252946178,2.4
Indian River,16.324376372617806,2.9000000000000004
Flagler,16.322454646872135,3.0999999999999996
St. Lucie,16.280489673625166,2.6
Alachua,16.27462698864556,2.7999999999999994
Clay,16.270597531722263,3.0999999999999996
Hernando,16.254329562756432,2.7999999999999994
Wakulla,16.14825369068042,3.6000000000000005
Okaloosa,16.120159976703544,2.6
Bay,16.096035618718183,2.4
Lake,16.073544048975798,2.5
Leon,16.056820956180154,2.2
Collier,16.017108640178417,2.3
Marion,15.995031003279895,1.9
Manatee,15.954060916600918,2.2
Osceola,15.939840616166927,2
Brevard,15.816980488210197,2
Sarasota,15.778771909571615,2
Santa Rosa,15.775602788983123,2.1
Polk,15.755762890867139,1.3999999999999997
Volusia,15.744483981088052,1.7000000000000002
Pasco,15.723706524158152,1.6
Duval,15.71548024739188,1.3999999999999997
Lee,15.68940687458549,1.5
St. Johns,15.524530437072936,1.6
Orange,15.520181808090816,1.1
Pinellas,15.506863638528753,1.2
Palm Beach,15.486443262694028,1.1
Hillsborough,15.468438392219383,1
Seminole,15.44956993634976,1.2
Broward,15.449419539959052,1
Miami-Dade,15.441873013899098,0.9000000000000001
