county,pov,moe
Hampden,20.779239281236585,2
Suffolk,19.334429460927435,1.5
Franklin,18.814058595225493,3.7000000000000006
Berkshire,18.099648090806816,3.2
Dukes,16.816459214661357,4.8
Bristol,16.013226780316963,1.3
Hampshire,15.937512912172231,2
Essex,15.754172924993002,1.2
Barnstable,15.702363058432594,1.6
Worcester,15.650325400311885,1.1
Plymouth,15.394187507417179,1
Middlesex,15.23890107177945,0.6
Norfolk,15.230197448085114,0.6999999999999998
Nantucket,15.123334200263935,0.8
