county,pov,moe
Somerset,37.250071196843656,7.7
Dorchester,33.78252766401889,6.5
Caroline,27.714326418720482,4.4
Baltimore,20.49027731717475,1.9
Allegany,17.416156168448147,3.0999999999999996
Wicomico,17.28421615853752,3.4000000000000004
Garrett,17.18248212552095,3.9
Washington,16.655517640666712,2.4
Talbot,16.6139008593133,4.4
Cecil,16.567802902650676,3.2
Kent,16.460417178211763,4.7
Worcester,16.03171710276092,3.0999999999999996
Baltimore,15.568689196117704,1.1
Prince George's,15.496191866037105,1.1
Queen Anne's,15.456944506095624,2.4
St. Mary's,15.456944506095624,2.4
Harford,15.361636420247931,1.6
Charles,15.222249501185715,1.7000000000000002
Frederick,15.168690899524579,1.2
Montgomery,15.168532078395677,0.8
Anne Arundel,15.140575749603816,1
Howard,15.119191811056512,1.3
Carroll,15.033765017830476,1
Calvert,15.000243805792183,1.6
