county,pov,moe
Sierra,37.92507867148043,17.3
Quay,35.49332621510066,15.7
Hidalgo,28.91711441014888,14.000000000000002
Catron,28.133194729522458,20
McKinley,27.714326418720482,4.4
Mora,26.421130462266838,19.7
Socorro,22.871992677847185,10.1
Colfax,22.858301669557292,11
Harding,21.958468343896854,14.6
Guadalupe,21.236446308791084,14.800000000000002
Union,21.200696264728553,14.3
San Miguel,20.7238170197596,8.9
Roosevelt,20.66912498935734,9
Grant,20.245233108939285,7.5
Cibola,19.812050971032914,6.7
Lincoln,19.701270033393875,9.1
Luna,19.693692761450553,7.000000000000001
Torrance,18.995336478380793,7.9
Rio Arriba,18.055660081658697,5.700000000000001
Chaves,17.532056933845944,4.3
Curry,17.478358588237235,5.2
San Juan,17.426577900350377,3.6000000000000005
De Baca,17.14751905592675,11.9
Otero,17.13175040630654,4.7
Doña Ana,16.883105579752375,3.0999999999999996
Taos,16.843608536817005,5.800000000000001
Valencia,16.679071707877043,4.2
Lea,16.41259331660124,3.8
Eddy,15.79741067057285,4.1
Santa Fe,15.758839176237805,2.6
Bernalillo,15.609588010404666,1.6
Sandoval,15.266280282484013,1.7000000000000002
Los Alamos,15.000289519378216,1.9
