county,pov,moe
Bennett,27.58020395767401,17.8
Mellette,27.18920433229896,13.600000000000001
Jones,26.429676622669536,16.9
Jackson,25.395887893906,13.699999999999998
Faulk,25.306981570367242,15.2
Douglas,24.633823862075904,15.1
Oglala Lakota,22.68488517425903,8.8
Fall River,22.569706063075714,11.600000000000001
Bon Homme,21.808580266986123,11
Buffalo,21.778817136610996,9.6
Tripp,21.70741832247942,9.1
Potter,20.793140358348527,10.1
Ziebach,20.767598595650412,7.400000000000001
Lyman,20.727831203562335,8.3
Corson,20.614190726920203,6.6000000000000005
Miner,20.611322936043308,9.8
Roberts,20.574978144661255,8.2
Todd,20.327022677611374,6.1000000000000005
Walworth,20.324635997138287,9.1
Charles Mix,20.26609063342964,8
Dewey,20.251904828997315,7.3
Hutchinson,20.011907525137623,9
Perkins,19.839743509264416,8.3
Haakon,19.650342106415337,8.3
Brule,19.615942364760404,7.7
Day,19.33424649136105,7.1
Edmunds,19.298456585757393,7.8
Hanson,19.276774619293207,7.7
Sully,19.104533326606234,7.7
Lake,19.090101924658175,7.1
Jerauld,19.00254745246115,7.200000000000001
Davison,18.99265090066777,6.800000000000001
Custer,18.911749553310006,7.000000000000001
Hyde,18.653773867841267,6.7
Clay,18.619816643037254,6.3
Grant,18.44063751100739,6.199999999999999
Hamlin,18.338362886081548,6
Gregory,18.146022905104328,5.4
Spink,18.047884554491176,5.3
Turner,17.928710541836885,5.2
Hughes,17.908401312905177,5.2
Marshall,17.606208230100954,4.8
Lawrence,17.50159215778822,4.5
Brown,17.499765544391106,4.4
Beadle,17.458320567672423,4.5
McCook,17.393207441321685,4.4
Yankton,17.393207441321685,4.4
Stanley,17.3196843930193,4.5
Moody,17.31923235121366,4.1
Hand,17.240244263521458,4.3
Sanborn,17.236870437162203,4.2
Kingsbury,17.218356464016342,4.1
McPherson,17.20672721767899,4.1
Clark,17.121010136978406,4
Brookings,17.078919477112247,3.9
Aurora,17.034525389925374,3.8
Campbell,16.910677845718418,3.7000000000000006
Meade,16.87226113620966,3.5000000000000004
Codington,16.791343626948027,3.2
Pennington,16.705698386411896,2.9000000000000004
Union,16.634588545652363,3
Butte,16.623637100567265,3.0999999999999996
Deuel,16.479490945758027,2.7999999999999994
Lincoln,16.471129691087125,2.7
Minnehaha,15.994550542199665,1.8000000000000003
Harding,15.972497938941752,1.9
