county,pov,moe
Franklin,18.136463892753106,3.7000000000000006
Dukes,17.955820782588326,4.8
Berkshire,17.66794234642603,3.2
Hampden,16.992733241752862,2
Suffolk,16.494549931314648,1.5
Hampshire,16.31323507467412,2
Barnstable,16.029302270030996,1.6
Bristol,16.013226780316963,1.3
Essex,15.8689089344385,1.2
Worcester,15.779948281020728,1.1
Plymouth,15.623009333795245,1
Norfolk,15.415050458321849,0.6999999999999998
Nantucket,15.409472816396526,0.8
Middlesex,15.374895850864759,0.6
