county,pov,moe
Hampden,20.779239281236585,2
Franklin,19.346231515600973,3.7000000000000006
Suffolk,19.334429460927435,1.5
Berkshire,18.388896508427077,3.2
Dukes,16.34487509213633,4.8
Bristol,16.013226780316963,1.3
Hampshire,15.780446790558353,2
Essex,15.703272314694155,1.2
Worcester,15.593914843043658,1.1
Barnstable,15.56637261907426,1.6
Plymouth,15.299418512732357,1
Middlesex,15.182564407946488,0.6
Norfolk,15.15361109437726,0.6999999999999998
Nantucket,15.00012190289609,0.8
