county,pov,moe
Liberty,30.644472701799565,18.2
Wibaux,27.45993074530451,16.4
Judith Basin,26.4729625968257,17.5
Wheatland,25.31699367393887,15.299999999999999
Meagher,24.08699131294873,14.6
Daniels,23.70256870698368,15.7
Deer Lodge,22.88598271331092,10.6
Lincoln,22.279170103964503,9.1
Carter,22.0363333573084,12.9
Glacier,21.91995107487996,8.2
Roosevelt,21.686145829961077,6.6000000000000005
Pondera,21.336666461182663,8.2
Fergus,21.23918101094386,10.6
Rosebud,20.723199024242692,8.8
Teton,20.640198020091077,10.899999999999999
Sanders,20.22943555111361,9.1
Mineral,19.99796750586498,9.2
Treasure,19.92103953693877,11.3
Petroleum,19.732949935128495,30.7
Musselshell,19.30939977788457,9.6
Big Horn,19.28672868595639,5.5
Blaine,18.795490617690476,6.5
Park,18.731969406189876,7.9
Prairie,18.64329969598462,10.4
Hill,18.523841862058923,6.7
Lake,18.463794542264562,5.700000000000001
Toole,18.211749700507845,9.4
Valley,18.181246225336388,7.5
Powder River,17.90424175045922,8.5
Garfield,17.874751373979223,10.4
Broadwater,17.71964363869953,8
Golden Valley,17.505434131500273,7.8
Chouteau,17.343486000265866,5.700000000000001
Beaverhead,17.3427480540807,6.4
Silver Bow,17.334298131930755,4.9
Carbon,17.0302036260085,5.599999999999999
Fallon,16.62220787774755,6.6000000000000005
Sheridan,16.578136215095086,5.1
Cascade,16.449685206654895,3.3000000000000003
Powell,16.431450925446285,6.1000000000000005
Ravalli,16.25048684138347,3.5000000000000004
Sweet Grass,16.10574655907344,5.2
Stillwater,16.073171905265482,4
Custer,16.04086082111489,4
Dawson,15.933077553175682,3.7000000000000006
Gallatin,15.900215596146703,3.2
Flathead,15.89016698675651,2.7
Lewis and Clark,15.880985900210268,2.7
Madison,15.816666239820186,3.0999999999999996
Phillips,15.707861123351119,3.0999999999999996
Yellowstone,15.705573640249876,1.9
Missoula,15.684448292780996,2.2
Jefferson,15.680297185100622,3
Richland,15.666135325657521,3
Granite,15.480302297595799,2.6
McCone,15.468309050934609,2.6
