county,pov,moe
Coos,30.60394605933877,5.4
Sullivan,27.425364454658652,4.3
Grafton,22.224049101545727,2.5
Belknap,17.975513520623352,3.2
Carroll,17.28594724322664,4
Cheshire,16.870572517508243,2.4
Hillsborough,15.810533065934157,1.3
Strafford,15.789003336214586,1.9
Merrimack,15.713906359698454,1.6
Rockingham,15.350855294374572,1.1
