county,pov,moe
Providence,19.62339142498927,1.6
Newport,17.757659754397864,2.7999999999999994
Kent,16.70892085474919,1.9
Washington,16.555312857644598,1.8000000000000003
Bristol,16.480869909694025,1.9
