county,pov,moe
Newport,23.090934993731214,2.7999999999999994
Providence,19.62339142498927,1.6
Kent,17.747587645814157,1.9
Washington,17.011528499882374,1.8000000000000003
Bristol,16.480869909694025,1.9
