county,pov,moe
Lake and Peninsula Borough,22.983224640139422,10.3
Wrangell,22.58346841626361,9.8
Denali Borough,21.141117336875347,13.100000000000001
Kusilvak Census Area,20.41691699327711,5.2
Southeast Fairbanks Census Area,20.326595670890192,6.999999999999999
Aleutians East Borough,19.94844276778228,6.599999999999999
Bethel Census Area,19.816916993277108,3
Yukon-Koyukuk Census Area,19.27691699327711,5.4
North Slope Borough,19.274025191482412,6.1000000000000005
Prince of Wales-Hyder Census Area,18.602033466743944,4.7
Dillingham Census Area,17.88272987234107,3.8
Nome Census Area,17.68380490731251,3.4999999999999996
Northwest Arctic Borough,17.608738938971765,3.4000000000000004
Kenai Peninsula Borough,17.542546119097445,3.5999999999999996
Aleutians West Census Area,17.453012729574212,5.500000000000001
Matanuska-Susitna Borough,15.742562377079889,1.7000000000000002
Anchorage Municipality,15.478731242480226,1.7999999999999998
Hoonah-Angoon Census Area,14.449141523544476,4.300000000000001
Sitka,13.025144368360511,4.9
Ketchikan Gateway Borough,10.563486527831097,3.5999999999999996
Yakutat,10.087809003524132,10.900000000000002
Kodiak Island Borough,6.864563045662189,3.0999999999999996
Bristol Bay Borough,5.873134160408553,6.999999999999999
Juneau,4.816480051948555,2.5
Petersburg Borough,4.3871718108726965,4.1000000000000005
Fairbanks North Star Borough,4.131027804919347,1.6
Skagway Municipality,4.037512574176215,4.9
Haines Borough,4.00274447188667,1.3
