county,pov,moe
Lake and Peninsula Borough,22.983669120202325,10.3
Wrangell,22.58728280104628,9.8
Denali Borough,21.51843179583181,13.100000000000001
Southeast Fairbanks Census Area,20.349177373359044,6.999999999999999
Aleutians East Borough,19.984814841901088,6.599999999999999
Kusilvak Census Area,19.49191699327711,5.2
North Slope Borough,19.358181904570717,6.1000000000000005
Bethel Census Area,19.354416993277106,3
Yukon-Koyukuk Census Area,19.230666993277108,5.4
Prince of Wales-Hyder Census Area,18.608078399279535,4.7
Dillingham Census Area,17.893432067539194,3.8
Nome Census Area,17.68487790257285,3.4999999999999996
Aleutians West Census Area,17.66801048070761,5.500000000000001
Northwest Arctic Borough,17.60876808569672,3.4000000000000004
Kenai Peninsula Borough,17.59021435952264,3.5999999999999996
Matanuska-Susitna Borough,15.83414837887819,1.7000000000000002
Anchorage Municipality,15.606972936482578,1.7999999999999998
Hoonah-Angoon Census Area,14.708258206827674,4.300000000000001
Sitka,13.262647557345428,4.9
Ketchikan Gateway Borough,10.702549339222363,3.5999999999999996
Yakutat,10.135417573590871,10.900000000000002
Kodiak Island Borough,6.81940540553882,3.0999999999999996
Bristol Bay Borough,5.785702296751012,6.999999999999999
Juneau,4.750935816270393,2.5
Petersburg Borough,4.341125290499986,4.1000000000000005
Fairbanks North Star Borough,4.109697016768309,1.6
Skagway Municipality,4.029307760892301,4.9
Haines Borough,4.001892308870878,1.3
