county,pov,moe
Kusilvak Census Area,24.091916993277106,5.2
Lake and Peninsula Borough,22.98205737815455,10.3
Wrangell,22.57383598189863,9.8
Bethel Census Area,21.65441699327711,3
Southeast Fairbanks Census Area,20.267257844189412,6.999999999999999
Denali Borough,20.187983866203496,13.100000000000001
Aleutians East Borough,19.8512183300884,6.599999999999999
Yukon-Koyukuk Census Area,19.46066699327711,5.4
North Slope Borough,19.039724478532154,6.1000000000000005
Prince of Wales-Hyder Census Area,18.585578745274095,4.7
Dillingham Census Area,17.852933700331064,3.8
Nome Census Area,17.6807755281111,3.4999999999999996
Northwest Arctic Borough,17.608649000857177,3.4000000000000004
Kenai Peninsula Borough,17.404019873546375,3.5999999999999996
Aleutians West Census Area,16.801830397110184,5.500000000000001
Matanuska-Susitna Borough,15.447138198833313,1.7000000000000002
Anchorage Municipality,15.053257177610064,1.7999999999999998
Hoonah-Angoon Census Area,13.553388690082524,4.300000000000001
Sitka,12.144602749704939,4.9
Yakutat,9.887776981162807,10.900000000000002
Ketchikan Gateway Borough,9.848094567830282,3.5999999999999996
Kodiak Island Borough,6.646812405017556,3.0999999999999996
Bristol Bay Borough,5.936704108783281,6.999999999999999
Juneau,4.819244109707705,2.5
Petersburg Borough,4.425014149880208,4.1000000000000005
Fairbanks North Star Borough,4.1435790357764475,1.6
Skagway Municipality,4.047884776556245,4.9
Haines Borough,4.003636944926607,1.3
