county,pov,moe
Kusilvak Census Area,30.026022131215115,5.2
Lake and Peninsula Borough,21.75917262466318,10.3
Wrangell,21.23606767839786,9.8
Denali Borough,19.341138156019156,13.100000000000001
Yukon-Koyukuk Census Area,19.208788164393546,5.4
Yakutat,18.369347854383008,10.899999999999999
Southeast Fairbanks Census Area,18.290414519120585,7.000000000000001
Aleutians East Borough,18.08803469453462,6.6000000000000005
Bethel Census Area,17.646091852873507,3
Prince of Wales-Hyder Census Area,17.344872370404516,4.7
North Slope Borough,17.313725576112855,6.1000000000000005
Northwest Arctic Borough,17.260919545882892,3.4000000000000004
Nome Census Area,17.23696889202687,3.5000000000000004
Bristol Bay Borough,16.935219584796478,7.000000000000001
Aleutians West Census Area,16.874372168465925,5.5
Dillingham Census Area,16.844740114524292,3.8
Kenai Peninsula Borough,16.561876600561337,3.6000000000000005
Sitka,16.550802896192575,4.9
Hoonah-Angoon Census Area,16.392826687978076,4.3
Skagway Municipality,16.1471464732145,4.9
Ketchikan Gateway Borough,16.132711490063578,3.6000000000000005
Petersburg Borough,16.067774428167837,4.1
Kodiak Island Borough,15.890480527255452,3.0999999999999996
Juneau,15.677741821315685,2.5
Anchorage Municipality,15.630517811216782,1.8000000000000003
Matanuska-Susitna Borough,15.611773226066422,1.7000000000000002
Fairbanks North Star Borough,15.385737125190687,1.6
Haines Borough,15.200418075428892,1.3
