county,pov,moe
Kusilvak Census Area,22.00691699327711,5.2
Bethel Census Area,20.65691699327711,3
Lake and Peninsula Borough,19.813113254286154,10.3
Yukon-Koyukuk Census Area,19.30691699327711,5.4
Wrangell,18.79658305105948,9.8
Denali Borough,18.279456528330453,13.100000000000001
Southeast Fairbanks Census Area,16.25374978279304,6.999999999999999
Yakutat,15.850130102466146,10.900000000000002
Aleutians East Borough,15.795957733234195,6.599999999999999
Northwest Arctic Borough,15.44236000282537,3.4000000000000004
Prince of Wales-Hyder Census Area,15.182048366192847,4.7
North Slope Borough,15.091700804469596,6.1000000000000005
Nome Census Area,14.825271278595057,3.4999999999999996
Dillingham Census Area,14.400429116289029,3.8
Aleutians West Census Area,14.143567365958425,5.500000000000001
Kenai Peninsula Borough,13.741993676015804,3.5999999999999996
Sitka,13.171023010549854,4.9
Bristol Bay Borough,13.164193505197542,6.999999999999999
Hoonah-Angoon Census Area,13.052300634072395,4.300000000000001
Matanuska-Susitna Borough,12.256766665775471,1.7000000000000002
Ketchikan Gateway Borough,12.23915163179741,3.5999999999999996
Anchorage Municipality,12.157317086831567,1.7999999999999998
Kodiak Island Borough,11.495602532442412,3.0999999999999996
Petersburg Borough,10.999898138399281,4.1000000000000005
Juneau,10.61880746800721,2.5
Skagway Municipality,10.166417079674257,4.9
Fairbanks North Star Borough,9.423356350939553,1.6
Haines Borough,7.668053853966092,1.3
