county,pov,moe
Kusilvak Census Area,27.09191699327711,5.2
Bethel Census Area,23.154416993277106,3
Lake and Peninsula Borough,22.096942070104586,10.3
Wrangell,20.905843714839456,9.8
Yukon-Koyukuk Census Area,19.61066699327711,5.4
Southeast Fairbanks Census Area,17.764851156244106,6.999999999999999
Denali Borough,17.335441154557778,13.100000000000001
Northwest Arctic Borough,17.30026569156786,3.4000000000000004
Aleutians East Borough,17.09090615093235,6.599999999999999
Prince of Wales-Hyder Census Area,16.962988296897716,4.7
Nome Census Area,16.74518395244677,3.4999999999999996
Dillingham Census Area,16.014872096886048,3.8
North Slope Borough,15.908622552596247,6.1000000000000005
Kenai Peninsula Borough,14.820831959037232,3.5999999999999996
Aleutians West Census Area,14.129067552180214,5.500000000000001
Yakutat,13.222924677252774,10.900000000000002
Matanuska-Susitna Borough,12.946509336825446,1.7000000000000002
Anchorage Municipality,12.618307867597267,1.7999999999999998
Hoonah-Angoon Census Area,12.499137940674999,4.300000000000001
Sitka,12.215933124328702,4.9
Ketchikan Gateway Borough,11.103803311749763,3.5999999999999996
Bristol Bay Borough,10.292653705407261,6.999999999999999
Kodiak Island Borough,9.751013996120053,3.0999999999999996
Juneau,8.311685948715583,2.5
Petersburg Borough,7.983355666699171,4.1000000000000005
Fairbanks North Star Borough,6.741184951373895,1.6
Skagway Municipality,6.3826150362043945,4.9
Haines Borough,4.998057108928969,1.3
