county,pov,moe
Lake and Peninsula Borough,23.00963916092599,10.3
Wrangell,22.594265791287334,9.8
Denali Borough,21.881883750645294,13.100000000000001
Southeast Fairbanks Census Area,20.287831421393786,6.999999999999999
Aleutians East Borough,19.886907138544636,6.599999999999999
Yukon-Koyukuk Census Area,19.21691699327711,5.4
North Slope Borough,19.17772833222732,6.1000000000000005
Kusilvak Census Area,19.061105252785364,5.2
Prince of Wales-Hyder Census Area,18.60399243385052,4.7
Dillingham Census Area,17.86978693927245,3.8
Nome Census Area,17.706301791832725,3.4999999999999996
Northwest Arctic Borough,17.63832767896787,3.4000000000000004
Aleutians West Census Area,17.541467485474044,5.500000000000001
Kenai Peninsula Borough,17.46334507889653,3.5999999999999996
Bethel Census Area,17.347176107376168,3
Matanuska-Susitna Borough,15.636190477478909,1.7000000000000002
Anchorage Municipality,15.392777578439548,1.7999999999999998
Hoonah-Angoon Census Area,15.070875365772535,4.300000000000001
Sitka,14.192486872533694,4.9
Yakutat,13.255235959634629,10.900000000000002
Ketchikan Gateway Borough,11.99245324405494,3.5999999999999996
Kodiak Island Borough,8.256682305668244,3.0999999999999996
Bristol Bay Borough,7.348831862133124,6.999999999999999
Juneau,4.797009119824038,2.5
Petersburg Borough,3.7223434798664328,4.1000000000000005
Fairbanks North Star Borough,2.719768460023746,1.6
Skagway Municipality,2.2947824594232538,4.9
Haines Borough,2.03388745838975,1.3
