county,pov,moe
Lake and Peninsula,23.027873720972874,10.3
Denali,22.962859207292563,13.100000000000001
Wrangell,22.542107634003948,9.8
Yakutat,21.492800646082184,10.899999999999999
Kusilvak,20.393587767937664,5.2
Southeast Fairbanks,19.78286373484869,7.000000000000001
Yukon-Koyukuk,19.517406293686,5.4
Aleutians East,19.501845389490143,6.6000000000000005
Bristol Bay,19.044826956695495,7.000000000000001
North Slope,18.86770309545922,6.1000000000000005
Aleutians West,18.371501974452066,5.5
Prince of Wales-Hyder,18.283853285957324,4.7
Sitka,17.93854818634347,4.9
Skagway Municipality,17.718497918306063,4.9
Nome,17.698468189546603,3.5000000000000004
Northwest Arctic,17.664474371855825,3.4000000000000004
Bethel,17.63581982181213,3
Dillingham,17.62776529433378,3.8
Hoonah-Angoon,17.596186149004417,4.3
Kenai Peninsula,17.38944401718734,3.6000000000000005
Petersburg,17.333301134757527,4.1
Ketchikan Gateway,17.155293929542655,3.6000000000000005
Kodiak Island,16.80953929514157,3.0999999999999996
Juneau,16.437269271817016,2.5
Anchorage Municipality,16.112747795765532,1.8000000000000003
Matanuska-Susitna,16.05983369760241,1.7000000000000002
Fairbanks North Star,15.893726721995478,1.6
Haines,15.665393326644356,1.3
