county,pov,moe
Denali Borough,23.468067139609285,13.100000000000001
Lake and Peninsula Borough,23.014222395983634,10.3
Wrangell,22.623384552169608,9.8
Southeast Fairbanks Census Area,20.426311783305238,6.999999999999999
Aleutians East Borough,20.097502999512965,6.599999999999999
North Slope Borough,19.618123788139936,6.1000000000000005
Yukon-Koyukuk Census Area,19.21691699327711,5.4
Kusilvak Census Area,19.061105252785364,5.2
Prince of Wales-Hyder Census Area,18.648555307462605,4.7
Aleutians West Census Area,18.545976070856128,5.500000000000001
Dillingham Census Area,17.943593794914882,3.8
Kenai Peninsula Borough,17.73625841234491,3.5999999999999996
Nome Census Area,17.71638859528112,3.4999999999999996
Northwest Arctic Borough,17.63879652247177,3.4000000000000004
Bethel Census Area,17.347176107376168,3
Hoonah-Angoon Census Area,16.234381813108918,4.300000000000001
Matanuska-Susitna Borough,16.12905953473266,1.7000000000000002
Anchorage Municipality,16.05344604250526,1.7999999999999998
Sitka,15.178185259886238,4.9
Yakutat,12.612155294217848,10.900000000000002
Ketchikan Gateway Borough,12.368878478577319,3.5999999999999996
Kodiak Island Borough,6.983866212870386,3.0999999999999996
Bristol Bay Borough,5.335148356388945,6.999999999999999
Juneau,3.277291707873446,2.5
Petersburg Borough,2.543561399889309,4.1000000000000005
Fairbanks North Star Borough,2.1464014403502847,1.6
Skagway Municipality,2.0338301380776356,4.9
Haines Borough,2.001414606031603,1.3
