county,pov,moe
Lake and Peninsula Borough,22.983278287715397,10.3
Wrangell,22.584029825978476,9.8
Denali Borough,21.309845292739816,13.100000000000001
Southeast Fairbanks Census Area,20.33088976421695,6.999999999999999
Aleutians East Borough,19.956001104749703,6.599999999999999
Kusilvak Census Area,19.516916993277107,5.2
Bethel Census Area,19.36691699327711,3
North Slope Borough,19.29529525237428,6.1000000000000005
Yukon-Koyukuk Census Area,19.23191699327711,5.4
Prince of Wales-Hyder Census Area,18.603003187412643,4.7
Dillingham Census Area,17.88459810670852,3.8
Nome Census Area,17.683948970068037,3.4999999999999996
Northwest Arctic Borough,17.608741951788286,3.4000000000000004
Kenai Peninsula Borough,17.553428762424282,3.5999999999999996
Aleutians West Census Area,17.533202030345937,5.500000000000001
Matanuska-Susitna Borough,15.768467620467504,1.7000000000000002
Anchorage Municipality,15.519939628266341,1.7999999999999998
Hoonah-Angoon Census Area,14.595517983528062,4.300000000000001
Sitka,13.211018984544545,4.9
Ketchikan Gateway Borough,10.747614076956996,3.5999999999999996
Yakutat,10.320642817781398,10.900000000000002
Kodiak Island Borough,6.986780118096673,3.0999999999999996
Bristol Bay Borough,5.963498695161178,6.999999999999999
Juneau,4.857239221619693,2.5
Petersburg Borough,4.4070799373859675,4.1000000000000005
Fairbanks North Star Borough,4.137828548988747,1.6
Skagway Municipality,4.039470939040684,4.9
Haines Borough,4.002887911808521,1.3
