county,pov,moe
Kusilvak Census Area,21.406916993277108,5.2
Bethel Census Area,20.35691699327711,3
Lake and Peninsula Borough,20.308692895405795,10.3
Yukon-Koyukuk Census Area,19.30691699327711,5.4
Wrangell,19.26949027130773,9.8
Denali Borough,18.421387293119317,13.100000000000001
Southeast Fairbanks Census Area,16.614190988323283,6.999999999999999
Aleutians East Borough,16.12389117454539,6.599999999999999
Northwest Arctic Borough,15.782387797456593,3.4000000000000004
Yakutat,15.711702103671085,10.900000000000002
Prince of Wales-Hyder Census Area,15.544746665724352,4.7
North Slope Borough,15.352967826182168,6.1000000000000005
Nome Census Area,15.188912994382802,3.4999999999999996
Dillingham Census Area,14.729566903603045,3.8
Aleutians West Census Area,14.290002084549517,5.500000000000001
Kenai Peninsula Borough,14.000264138396842,3.5999999999999996
Sitka,13.178123172616607,4.9
Hoonah-Angoon Census Area,13.106866157080562,4.300000000000001
Bristol Bay Borough,12.888764396391064,6.999999999999999
Matanuska-Susitna Borough,12.437681497614324,1.7000000000000002
Anchorage Municipality,12.309850219998378,1.7999999999999998
Ketchikan Gateway Borough,12.195200018819344,3.5999999999999996
Kodiak Island Borough,11.337196288799223,3.0999999999999996
Petersburg Borough,10.577414831673135,4.1000000000000005
Juneau,10.321760390437728,2.5
Skagway Municipality,9.434616686978723,4.9
Fairbanks North Star Borough,8.949330769940104,1.6
Haines Borough,6.854241453151441,1.3
