county,pov,moe
Lake and Peninsula Borough,22.966351990802387,10.3
Wrangell,22.502791956044774,9.8
Southeast Fairbanks Census Area,20.050708003641624,6.999999999999999
Denali Borough,19.91069740878099,13.100000000000001
Kusilvak Census Area,19.66691699327711,5.2
Aleutians East Borough,19.569071317305514,6.599999999999999
Bethel Census Area,19.441916993277108,3
Yukon-Koyukuk Census Area,19.239416993277107,5.4
North Slope Borough,18.63368853679672,6.1000000000000005
Prince of Wales-Hyder Census Area,18.49776349694025,4.7
Dillingham Census Area,17.72845095567496,3.8
Nome Census Area,17.654737764394067,3.4999999999999996
Northwest Arctic Borough,17.606667277047556,3.4000000000000004
Kenai Peninsula Borough,17.117173654458536,3.5999999999999996
Aleutians West Census Area,16.52554301244195,5.500000000000001
Matanuska-Susitna Borough,15.152947946521556,1.7000000000000002
Anchorage Municipality,14.79207461361137,1.7999999999999998
Hoonah-Angoon Census Area,13.913511709716097,4.300000000000001
Sitka,12.947299021047556,4.9
Yakutat,11.554578265778906,10.900000000000002
Ketchikan Gateway Borough,11.066970840518552,3.5999999999999996
Kodiak Island Borough,8.17793462454895,3.0999999999999996
Bristol Bay Borough,7.424492828386055,6.999999999999999
Juneau,5.871389117527025,2.5
Petersburg Borough,5.169945623028731,4.1000000000000005
Fairbanks North Star Borough,4.542400998810581,1.6
Skagway Municipality,4.237626375456584,4.9
Haines Borough,4.036931680890704,1.3
