county,pov,moe
Kusilvak Census Area,30.026022131215115,5.2
Lake and Peninsula Borough,23.027873720972874,10.3
Wrangell,22.3556486736591,9.8
Yukon-Koyukuk Census Area,20.295041021932388,5.4
Denali Borough,19.73103746230237,13.100000000000001
Southeast Fairbanks Census Area,18.708570958670414,7.000000000000001
Yakutat,18.649000974516856,10.899999999999999
Bethel Census Area,18.6471796294621,3
Aleutians East Borough,18.47868427089822,6.6000000000000005
Northwest Arctic Borough,17.69386765274434,3.4000000000000004
Prince of Wales-Hyder Census Area,17.66119787013609,4.7
Nome Census Area,17.64106997835694,3.5000000000000004
North Slope Borough,17.552566636383744,6.1000000000000005
Dillingham Census Area,17.086807561198587,3.8
Bristol Bay Borough,17.07435753516002,7.000000000000001
Aleutians West Census Area,17.047866450029005,5.5
Kenai Peninsula Borough,16.74549451168655,3.6000000000000005
Sitka,16.683105139996798,4.9
Hoonah-Angoon Census Area,16.51481354170762,4.3
Ketchikan Gateway Borough,16.228695306518027,3.6000000000000005
Skagway Municipality,16.209542679928013,4.9
Petersburg Borough,16.138014148601616,4.1
Kodiak Island Borough,15.957929275022975,3.0999999999999996
Juneau,15.725121933795771,2.5
Anchorage Municipality,15.690585225142689,1.8000000000000003
Matanuska-Susitna Borough,15.67169069328295,1.7000000000000002
Fairbanks North Star Borough,15.407956047510998,1.6
Haines Borough,15.200418075428892,1.3
