county,pov,moe
Perry,29.268477576979535,13.200000000000001
Greene,25.42019301579507,13.4
Wilcox,24.11904102285268,11.700000000000001
Bullock,23.974955498258307,11.700000000000001
Sumter,23.336906970719063,9.2
Hale,22.916708971850486,12.5
Conecuh,22.790672449845655,13
Lowndes,21.84975118031137,10.1
Dallas,20.38812580801238,7.200000000000001
Coosa,20.249404997697408,10.8
Fayette,20.03786854160923,8.3
Bibb,20.022069948982832,8.1
Pickens,19.991804572349743,8
Marengo,19.85055445903809,8.5
Monroe,19.416368924511808,8.2
Macon,19.33498672504105,7.5
Butler,19.086338554535466,7.1
Choctaw,19.01327964292475,7.200000000000001
Russell,19.0086307098581,7.1
Franklin,18.737783820328058,7.200000000000001
Clay,18.612630263036444,7.6
Lamar,18.549641371676167,8.7
Barbour,18.42001827583941,5.4
Cleburne,18.274590100398342,7.6
Lawrence,18.26082258556135,7.000000000000001
Clarke,18.1703868176416,5.700000000000001
Washington,18.107011097571775,6.7
Geneva,18.056713460658646,5.700000000000001
Pike,17.98597269219844,5.3
Randolph,17.9847207637529,6.1000000000000005
Winston,17.90986959611857,6
Chambers,17.818493362998016,5.1
Escambia,17.803337865246043,5.4
Crenshaw,17.76149475607672,6.5
Marion,17.75953082138649,6.199999999999999
Colbert,17.742892193228542,5.4
Jackson,17.52722499014766,4.9
Tallapoosa,17.510758034894096,4.9
Dale,17.472143834285884,4.6
Covington,17.4595180749983,4.8
DeKalb,17.45781286629311,4.4
Henry,17.389669822448813,5.2
Talladega,17.11922403039931,4.1
Cherokee,17.047573755563395,4.9
Walker,16.846558857983435,4
Coffee,16.7163384163126,3.5000000000000004
Chilton,16.693067116221044,4.2
Marshall,16.629023750645654,3.3000000000000003
Montgomery,16.457304859873275,2.7
Etowah,16.375421334072968,2.9000000000000004
Calhoun,16.369269272121567,2.9000000000000004
Autauga,16.313281020223826,3.5000000000000004
Limestone,16.31100162651437,3.3000000000000003
St. Clair,16.30164038154151,3.4000000000000004
Lee,16.29934139026533,3.2
Tuscaloosa,16.260623932707233,2.7999999999999994
Cullman,16.24662050763273,3.0999999999999996
Blount,16.22695989987953,3
Lauderdale,16.203211462606653,2.9000000000000004
Morgan,16.20034521613529,2.9000000000000004
Houston,16.115032843123757,2.2
Elmore,16.0826549361819,2.9000000000000004
Mobile,15.842903483372703,1.7000000000000002
Jefferson,15.79191405649347,1.7000000000000002
Baldwin,15.703941010828542,1.9
Madison,15.644337142256145,1.7000000000000002
Shelby,15.478439037783506,1.5
