county,pov,moe
Perry,32.04357487245515,13.199999999999998
Sumter,28.66857487245515,9.2
Wilcox,25.63107487245515,11.700000000000001
Greene,25.397918059343304,13.4
Conecuh,24.911550982637966,13
Hale,24.64208194649201,12.5
Bullock,24.068780247050263,11.700000000000001
Lowndes,22.806002537027055,10.1
Fayette,21.31202026305083,8.3
Marengo,21.30370832049803,8.5
Bibb,21.183513885070354,8.1
Pickens,21.12783819387289,8
Macon,20.626881082211323,7.500000000000001
Dallas,20.557937819454068,7.199999999999999
Monroe,20.314860939515405,8.200000000000001
Butler,20.27767787242862,7.1
Russell,20.175601460214715,7.1
Choctaw,20.0344632133125,7.199999999999999
Barbour,19.13862570709422,5.4
Franklin,18.869234240368378,7.199999999999999
Clarke,18.816793396945116,5.699999999999999
Pike,18.742666987749388,5.3
Chambers,18.27184486705885,5.1
Geneva,18.18753326677467,5.699999999999999
DeKalb,17.994923375137788,4.4
Escambia,17.80098749863164,5.4
Dale,17.545448532592868,4.6
Jackson,16.829816240263103,4.9
Coosa,16.702668335992502,10.8
Covington,16.51473859089479,4.8
Talladega,16.505462551874523,4.1000000000000005
Montgomery,16.390942219130757,2.7
Colbert,16.328268711657763,5.4
Tallapoosa,16.30868282544926,4.9
Randolph,14.780562372815394,6.1000000000000005
Marshall,14.04090664418138,3.2999999999999994
Houston,14.02526848953332,2.2
Clay,13.96572027075733,7.6
Coffee,13.785382857676373,3.4999999999999996
Winston,13.750915111757065,6
Mobile,13.427424306287392,1.7000000000000002
Lawrence,11.354020305208387,6.999999999999999
Etowah,11.348260679255018,2.9000000000000004
Calhoun,10.88033302713882,2.9000000000000004
Washington,10.660161572979664,6.7
Jefferson,9.951005117467286,1.7000000000000002
Walker,9.286019996280558,4
Henry,9.104544750011378,5.2
Marion,8.298803666623696,6.199999999999999
Cleburne,8.059505450129631,7.6
Tuscaloosa,8.015013557168363,2.7999999999999994
Crenshaw,7.372326756586611,6.5
Cherokee,6.694804303942722,4.9
Lauderdale,6.066573162483232,2.9000000000000004
Morgan,5.751023968914493,2.9000000000000004
Lamar,5.620252829829397,8.7
Blount,5.473276610620878,3
Lee,4.996507562739658,3.2
Chilton,4.838537954176119,4.2
Cullman,4.61247843229795,3.0999999999999996
Limestone,4.467969182133966,3.2999999999999994
St. Clair,4.342604051514748,3.4000000000000004
Madison,4.214150034023012,1.7000000000000002
Autauga,4.153649587926811,3.4999999999999996
Elmore,4.0849828431780155,2.9000000000000004
Baldwin,4.036418408708433,1.9
Shelby,4.00789734849257,1.5
