county,pov,moe
Perry,34.7684615035148,13.200000000000001
Greene,25.391285249558514,13.4
Wilcox,24.11904102285268,11.700000000000001
Sumter,24.064282552902633,9.2
Bullock,23.88707916586337,11.700000000000001
Hale,22.15062549093462,12.5
Conecuh,21.839574793114753,13
Lowndes,21.394134545889713,10.1
Dallas,20.275357829703907,7.200000000000001
Bibb,19.483088350339177,8.1
Pickens,19.4805205093276,8
Fayette,19.45500706847056,8.3
Marengo,19.14989542922977,8.5
Coosa,19.062431099828274,10.8
Macon,18.736698217744824,7.5
Monroe,18.654374171738795,8.2
Butler,18.50726885231134,7.1
Russell,18.406447846026726,7.1
Choctaw,18.38939489504473,7.200000000000001
Barbour,18.092352226507515,5.4
Franklin,18.019028824337084,7.200000000000001
Clay,17.75299458734917,7.6
Clarke,17.671815455342458,5.700000000000001
Pike,17.535379980863254,5.3
Geneva,17.52087487216159,5.700000000000001
Lawrence,17.446246092156713,7.000000000000001
Lamar,17.375829951149843,8.7
Chambers,17.36755496364327,5.1
Randolph,17.32187560651587,6.1000000000000005
Washington,17.321533598453463,6.7
Cleburne,17.306970029841185,7.6
Escambia,17.26789381547602,5.4
Winston,17.248055960322677,6
Colbert,17.188526886950932,5.4
DeKalb,17.076369005580226,4.4
Dale,17.04316232821704,4.6
Jackson,17.035889920413773,4.9
Tallapoosa,17.012928442482814,4.9
Marion,16.99459833505992,6.199999999999999
Covington,16.96972451834585,4.8
Crenshaw,16.919971161754344,6.5
Henry,16.7728471341452,5.2
Talladega,16.71070390699313,4.1
Cherokee,16.399978172074142,4.9
Walker,16.374401753364502,4
Coffee,16.33684196413024,3.5000000000000004
Marshall,16.275523284311262,3.3000000000000003
Montgomery,16.20522121050028,2.7
Chilton,16.12145661310396,4.2
Etowah,16.046939823342594,2.9000000000000004
Calhoun,16.03610596956471,2.9000000000000004
Tuscaloosa,15.921311527330035,2.7999999999999994
Houston,15.886654578196055,2.2
Lee,15.86463662383527,3.2
Limestone,15.854594731404406,3.3000000000000003
Cullman,15.823294394939227,3.0999999999999996
Blount,15.822989374603546,3
Lauderdale,15.81851095575581,2.9000000000000004
Morgan,15.81575198960175,2.9000000000000004
St. Clair,15.814615659946238,3.4000000000000004
Autauga,15.803810756643694,3.5000000000000004
Mobile,15.661710615288474,1.7000000000000002
Elmore,15.658450129869758,2.9000000000000004
Jefferson,15.593888070117206,1.7000000000000002
Baldwin,15.42330827510531,1.9
Madison,15.398153562420012,1.7000000000000002
Shelby,15.231251625494876,1.5
