county,pov,moe
Perry,49.74622068593595,13.200000000000001
Greene,25.373800182466304,13.4
Sumter,25.009344606285428,9.2
Wilcox,24.11904102285268,11.700000000000001
Bullock,23.811824333675126,11.700000000000001
Hale,21.454418968795448,12.5
Conecuh,20.981599137976858,13
Lowndes,20.977086248331904,10.1
Dallas,20.1699120205075,7.200000000000001
Pickens,19.013169402342406,8
Bibb,18.997849191683596,8.1
Fayette,18.926767371346564,8.3
Marengo,18.518324341772274,8.5
Macon,18.195786551107602,7.5
Coosa,17.995912448700096,10.8
Butler,17.988629733612598,7.1
Monroe,17.969309547427883,8.2
Russell,17.865862568084218,7.1
Choctaw,17.827071139773594,7.200000000000001
Barbour,17.7923406242921,5.4
Franklin,17.376274122377648,7.200000000000001
Clarke,17.22415609953687,5.700000000000001
Pike,17.13022297534722,5.3
Geneva,17.040469845997464,5.700000000000001
Clay,16.97892518324222,7.6
Chambers,16.962023345172497,5.1
Escambia,16.786617189681767,5.4
DeKalb,16.733827785064697,4.4
Randolph,16.725551011498556,6.1000000000000005
Lawrence,16.713200705103073,7.000000000000001
Colbert,16.689917889047717,5.4
Dale,16.65737083007758,4.6
Winston,16.653581441615177,6
Washington,16.61541468135744,6.7
Jackson,16.594375929449253,4.9
Tallapoosa,16.566401132867,4.9
Covington,16.531845949006126,4.8
Cleburne,16.430834856762257,7.6
Talladega,16.34284526784639,4.1
Lamar,16.309606162290212,8.7
Marion,16.306070002657247,6.199999999999999
Henry,16.218255432233214,5.2
Crenshaw,16.158121761587314,6.5
Coffee,15.995710202719856,3.5000000000000004
Montgomery,15.980074618327968,2.7
Marshall,15.957214210975993,3.3000000000000003
Walker,15.950214443736598,4
Cherokee,15.814378129555646,4.9
Etowah,15.750777905530104,2.9000000000000004
Calhoun,15.737515567362747,2.9000000000000004
Houston,15.682429722137028,2.2
Tuscaloosa,15.615085782718458,2.7999999999999994
Chilton,15.600512556429313,4.2
Mobile,15.498752575433869,1.7000000000000002
Lee,15.470216153442728,3.2
Lauderdale,15.469521496773183,2.9000000000000004
Morgan,15.466099153882897,2.9000000000000004
Blount,15.456233170195175,3
Limestone,15.438752850712758,3.3000000000000003
Cullman,15.437698927674425,3.0999999999999996
Jefferson,15.415817565208712,1.7000000000000002
St. Clair,15.369683141253251,3.4000000000000004
Autauga,15.336914675274786,3.5000000000000004
Elmore,15.269644416323214,2.9000000000000004
Madison,15.173357185849012,1.7000000000000002
Baldwin,15.166478682526419,1.9
Shelby,15.00022856793017,1.5
