county,pov,moe
Greene,25.41516481004494,13.4
Perry,25.29357487245515,13.199999999999998
Conecuh,24.689685466613504,13
Hale,24.538615988680515,12.5
Wilcox,24.12498681876707,11.700000000000001
Bullock,24.065705668346503,11.700000000000001
Lowndes,22.76138110541723,10.1
Sumter,22.177340062620257,9.2
Fayette,21.152876712167565,8.3
Bibb,21.05086733087101,8.1
Marengo,21.04194953189122,8.5
Pickens,21.02031139364558,8
Dallas,20.541184060432816,7.199999999999999
Macon,20.423747460708018,7.500000000000001
Butler,20.053882420477372,7.1
Monroe,19.947894968125564,8.200000000000001
Russell,19.905787556562107,7.1
Choctaw,19.706767221645798,7.199999999999999
Barbour,19.08697669301216,5.4
Franklin,18.584022934368708,7.199999999999999
Clarke,18.49411550975533,5.699999999999999
Pike,18.472591227748524,5.3
Chambers,17.946597017618085,5.1
Geneva,17.864151725698495,5.699999999999999
Coosa,17.725734418014778,10.8
DeKalb,17.71732277066365,4.4
Escambia,17.49803741188285,5.4
Dale,17.222005916378578,4.6
Jackson,16.630538966709956,4.9
Covington,16.367342296905374,4.8
Colbert,16.326481209249714,5.4
Talladega,16.265030060520015,4.1000000000000005
Tallapoosa,16.22491772353523,4.9
Montgomery,16.088000202382897,2.7
Randolph,15.368521274810746,6.1000000000000005
Clay,15.127384434202519,7.6
Winston,14.629102904384869,6
Marshall,14.263525224986658,3.2999999999999994
Coffee,14.121856242991685,3.4999999999999996
Houston,14.042159837218119,2.2
Mobile,13.508645517845993,1.7000000000000002
Lawrence,13.084791864093354,6.999999999999999
Washington,12.476110414979749,6.7
Etowah,12.25334579110015,2.9000000000000004
Calhoun,11.905675872001337,2.9000000000000004
Jefferson,10.957770322184766,1.7000000000000002
Henry,10.882674699019363,5.2
Walker,10.837423527530937,4
Marion,10.271177152366482,6.199999999999999
Cleburne,10.220106442238261,7.6
Tuscaloosa,9.480063819728203,2.7999999999999994
Crenshaw,9.307173958355323,6.5
Cherokee,8.293919835104715,4.9
Lauderdale,7.245931810258231,2.9000000000000004
Lamar,7.00274037022734,8.7
Morgan,6.780846735853667,2.9000000000000004
Blount,6.339776577844301,3
Lee,5.46032683441305,3.2
Chilton,5.164269565708948,4.2
Cullman,4.565358646557026,3.0999999999999996
Limestone,4.171058183594107,3.2999999999999994
St. Clair,3.7788376157168333,3.4000000000000004
Madison,3.2794504308101864,1.7000000000000002
Autauga,3.0468039187434295,3.4999999999999996
Elmore,2.6950114504788196,2.9000000000000004
Baldwin,2.3825838794996073,1.9
Shelby,2.129985311265041,1.5
