county,pov,moe
Perry,25.38357487245515,13.199999999999998
Sumter,25.38357487245515,9.2
Wilcox,25.38357487245515,11.700000000000001
Greene,24.274511927775027,13.4
Hale,22.986302162691473,12.5
Conecuh,22.911379782883216,13
Bullock,22.82118359231431,11.700000000000001
Lowndes,21.380245401549082,10.1
Fayette,19.54727691821628,8.3
Pickens,19.51060341538598,8
Bibb,19.49297122041151,8.1
Marengo,19.294880896826808,8.5
Dallas,19.267365198664844,7.199999999999999
Macon,18.767306016903163,7.500000000000001
Butler,18.379305283015533,7.1
Russell,18.182164181743882,7.1
Monroe,18.15726353775483,8.200000000000001
Choctaw,17.937515166997127,7.199999999999999
Barbour,17.72716500962327,5.4
Coosa,17.213281693449716,10.8
Franklin,16.95033926270193,7.199999999999999
Pike,16.793651105954194,5.3
Clarke,16.775924736486793,5.699999999999999
Chambers,16.251979453230106,5.1
Geneva,16.209368462506028,5.699999999999999
DeKalb,16.058143210985985,4.4
Escambia,15.885448619727951,5.4
Dale,15.582479186500814,4.6
Jackson,15.172129492658964,4.9
Colbert,15.069249314432886,5.4
Covington,14.973307740189545,4.8
Clay,14.937446769566115,7.6
Tallapoosa,14.898585192493078,4.9
Talladega,14.778428643316193,4.1000000000000005
Randolph,14.669935716691784,6.1000000000000005
Montgomery,14.489391928518918,2.7
Winston,14.235414185191994,6
Lawrence,13.693132650697496,6.999999999999999
Marshall,13.326704456048358,3.2999999999999994
Coffee,13.295518263518746,3.4999999999999996
Washington,13.291419357341933,6.7
Houston,12.930444859813587,2.2
Mobile,12.491022593020114,1.7000000000000002
Cleburne,12.314282215672131,7.6
Etowah,12.118794450688325,2.9000000000000004
Henry,12.04096599462609,5.2
Marion,11.978738426878465,6.199999999999999
Calhoun,11.937108776596965,2.9000000000000004
Walker,11.688565054995037,4
Crenshaw,11.511965262873508,6.5
Jefferson,11.109542352849987,1.7000000000000002
Tuscaloosa,10.644468901074255,2.7999999999999994
Cherokee,10.51784252996063,4.9
Lamar,10.512790599283704,8.7
Lauderdale,9.396569545118902,2.9000000000000004
Morgan,9.100929237282157,2.9000000000000004
Blount,8.827760618082866,3
Lee,8.220577128255266,3.2
Chilton,8.165158165889771,4.2
Cullman,7.428490898107054,3.0999999999999996
Limestone,7.065608061077855,3.2999999999999994
St. Clair,6.637206446961303,3.4000000000000004
Madison,5.76837688668549,1.7000000000000002
Autauga,5.61791487097468,3.4999999999999996
Elmore,4.905761141928807,2.9000000000000004
Baldwin,4.079641711410831,1.9
Shelby,3.150029497561106,1.5
