county,pov,moe
Apache,24.246782849978533,3.2
La Paz,19.66067709973574,8.2
Gila,19.1308476428307,5.3
Navajo,18.50634525415091,2.7
Santa Cruz,18.41691426602761,5.599999999999999
Mohave,16.85902031416406,3.3000000000000003
Graham,16.50895263621137,4.4
Yuma,16.40302923468634,2.7
Greenlee,16.27959232773832,8.3
Cochise,16.016821983218037,2.9000000000000004
Yavapai,15.676365593386393,2.9000000000000004
Coconino,15.436223020940314,2.5
Pima,15.416271794261386,1.3
Pinal,15.27195818874077,1.5
Maricopa,15.110833258768498,0.6
