county,pov,moe
Gila,19.529011123031236,5.3
Apache,19.492987847867916,3.2
Navajo,18.103458496638556,2.7
La Paz,14.679948788474137,8.200000000000001
Santa Cruz,13.681206512377528,5.599999999999999
Greenlee,12.25237482850499,8.3
Graham,11.922035120813415,4.4
Mohave,11.834014228296871,3.2999999999999994
Yuma,11.353861649907444,2.7
Cochise,11.309689754733144,2.9000000000000004
Yavapai,10.890208054571454,2.9000000000000004
Pima,10.243101021090881,1.3
Coconino,10.141153963350297,2.5
Pinal,9.901520717301466,1.5
Maricopa,9.665427893040683,0.658
