county,pov,moe
Apache,24.639011123031235,3.2
Navajo,21.889011123031235,2.7
La Paz,19.93314213101689,8.200000000000001
Gila,19.139011123031235,5.3
Santa Cruz,18.774066662263934,5.599999999999999
Mohave,15.791702716308784,3.2999999999999994
Yuma,14.71605407719002,2.7
Cochise,14.096834089621927,2.9000000000000004
Graham,14.087502566206883,4.4
Pima,11.560925106684525,1.3
Yavapai,11.326234205207342,2.9000000000000004
Maricopa,9.372160437433244,0.658
Pinal,8.514580603129195,1.5
Coconino,7.39611021599606,2.5
Greenlee,6.263653819847457,8.3
