county,pov,moe
La Paz,21.347425185810597,8.200000000000001
Santa Cruz,19.322697399895297,5.599999999999999
Gila,19.139011123031235,5.3
Graham,18.162811128119735,4.4
Mohave,17.52648126793619,3.2999999999999994
Apache,17.502987847867914,3.2
Cochise,17.15424048468067,2.9000000000000004
Navajo,17.113458496638554,2.7
Yuma,17.045224840880017,2.7
Pima,15.383673581969537,1.3
Yavapai,15.317273615901858,2.9000000000000004
Maricopa,10.947715746385539,0.658
Pinal,6.475916357151841,1.5
Coconino,3.003917436424066,2.5
Greenlee,2.057165487306932,8.3
