county,pov,moe
Gila,19.529011123031236,5.3
Apache,19.492987847867916,3.2
Navajo,18.103458496638556,2.7
La Paz,15.364465594716984,8.200000000000001
Santa Cruz,14.522131930929657,5.599999999999999
Mohave,12.238587185280487,3.2999999999999994
Graham,12.004813964746603,4.4
Yuma,11.633202724283091,2.7
Cochise,11.487669261082946,2.9000000000000004
Greenlee,11.093245028341087,8.3
Yavapai,10.755550103270393,2.9000000000000004
Pima,10.219107610970925,1.3
Coconino,9.576130258989805,2.5
Pinal,9.537252504289953,1.5
Maricopa,9.442386365560388,0.658
