county,pov,moe
La Paz,21.347774165308877,8.200000000000001
Santa Cruz,19.322718689398936,5.599999999999999
Apache,19.289011123031237,3.2
Navajo,19.214011123031234,2.7
Gila,19.146511123031235,5.3
Graham,18.030270228004074,4.4
Mohave,17.527474389186683,3.2999999999999994
Cochise,17.137420850013456,2.9000000000000004
Yuma,17.045269290354884,2.7
Pima,14.917674406502101,1.3
Yavapai,13.393560552574957,2.9000000000000004
Maricopa,8.012260818961211,0.658
Pinal,4.99248287466098,1.5
Coconino,4.120286037946089,2.5
Greenlee,4.003274327994015,8.3
