county,pov,moe
Apache,27.13901112303124,3.2
Navajo,23.139011123031235,2.7
La Paz,21.106703540961224,8.200000000000001
Gila,19.539011123031237,5.3
Santa Cruz,19.284991486482532,5.599999999999999
Mohave,17.023703055584154,3.2999999999999994
Yuma,16.03005724332107,2.7
Cochise,15.286914144294924,2.9000000000000004
Graham,14.855980000912094,4.4
Pima,11.438730436827946,1.3
Yavapai,10.124922726917909,2.9000000000000004
Maricopa,7.467661101808839,0.658
Pinal,5.990909415218312,1.5
Coconino,4.858099544404471,2.5
Greenlee,4.214293934172794,8.3
