county,pov,moe
Apache,21.929011123031238,3.2
Navajo,20.579011123031236,2.7
Gila,19.229011123031235,5.3
La Paz,17.924319483083988,8.200000000000001
Santa Cruz,16.79396529174517,5.599999999999999
Mohave,14.216079753496647,3.2999999999999994
Graham,13.81912329390412,4.4
Yuma,13.477385997833105,2.7
Cochise,13.266100644797532,2.9000000000000004
Yavapai,12.17046234061025,2.9000000000000004
Pima,11.64038271789779,1.3
Greenlee,11.199706615456662,8.3
Maricopa,10.530437110901053,0.658
Pinal,10.473443948895165,1.5
Coconino,10.251559432287271,2.5
