county,pov,moe
La Paz,19.7556688579249,8.200000000000001
Apache,19.229011123031235,3.2
Navajo,19.229011123031235,2.7
Gila,19.229011123031235,5.3
Santa Cruz,18.122546152922357,5.599999999999999
Mohave,15.756947283624537,3.2999999999999994
Graham,15.174820730753883,4.4
Yuma,14.964249525152736,2.7
Cochise,14.685572206355685,2.9000000000000004
Yavapai,12.780654725627821,2.9000000000000004
Pima,12.544586901642923,1.3
Maricopa,10.59661012470141,0.658
Pinal,9.8545826345544,1.5
Coconino,8.568244305253254,2.5
Greenlee,7.008483182392358,8.3
