county,pov,moe
La Paz,21.348054439641924,8.200000000000001
Santa Cruz,19.322725308255347,5.599999999999999
Apache,19.139011123031235,3.2
Navajo,19.139011123031235,2.7
Gila,19.139011123031235,5.3
Graham,18.10914084578536,4.4
Mohave,17.529006467177773,3.2999999999999994
Cochise,17.16114481026002,2.9000000000000004
Yuma,17.051926913371393,2.7
Pima,15.029970627705255,1.3
Yavapai,13.563031662965752,2.9000000000000004
Maricopa,7.940909968782028,0.658
Pinal,4.925526871696556,1.5
Coconino,4.099221845228669,2.5
Greenlee,4.002306870036169,8.3
