county,pov,moe
La Paz,21.342890892271075,8.200000000000001
Apache,19.439011123031236,3.2
Santa Cruz,19.32247336676436,5.599999999999999
Navajo,19.289011123031237,2.7
Gila,19.154011123031236,5.3
Graham,17.616309837124426,4.4
Mohave,17.509031072020896,3.2999999999999994
Yuma,16.985376559439715,2.7
Cochise,16.972146403362736,2.9000000000000004
Pima,14.345817181619394,1.3
Yavapai,12.928250021955307,2.9000000000000004
Maricopa,8.528934568510351,0.658
Pinal,5.6906313255276695,1.5
Coconino,4.352885171621982,2.5
Greenlee,4.0232202306884775,8.3
