county,pov,moe
La Paz,21.378270603486033,8.200000000000001
Santa Cruz,19.35272864171635,5.599999999999999
Gila,19.139011123031235,5.3
Graham,18.378789129464394,4.4
Mohave,17.56076454164351,3.2999999999999994
Apache,17.502987847867914,3.2
Cochise,17.242707549491737,2.9000000000000004
Navajo,17.113458496638554,2.7
Yuma,17.09242553642616,2.7
Yavapai,16.245076556649014,2.9000000000000004
Pima,15.826845013736026,1.3
Maricopa,11.354387750393387,0.658
Pinal,5.04085884552234,1.5
Coconino,2.268288376229143,2.5
Greenlee,2.0033999877041535,8.3
