county,pov,moe
La Paz,20.55103072595391,8.200000000000001
Gila,19.139011123031235,5.3
Santa Cruz,19.01694417750017,5.599999999999999
Apache,17.502987847867914,3.2
Navajo,17.113458496638554,2.7
Mohave,16.496328510052326,3.2999999999999994
Yuma,15.619834957311301,2.7
Graham,15.585490485801499,4.4
Cochise,15.238332920377582,2.9000000000000004
Yavapai,12.955317687692489,2.9000000000000004
Pima,12.896297317065168,1.3
Maricopa,10.694995476848167,0.658
Pinal,9.779779245178663,1.5
Coconino,8.329718670030095,2.5
Greenlee,6.580472358650889,8.3
