county,pov,moe
La Paz,21.342111128365314,8.200000000000001
Apache,20.339011123031238,3.2
Navajo,19.739011123031236,2.7
Santa Cruz,19.32243641584831,5.599999999999999
Gila,19.199011123031234,5.3
Graham,17.510656456658758,4.4
Mohave,17.50587269288994,3.2999999999999994
Yuma,16.974146334503892,2.7
Cochise,16.937062231398812,2.9000000000000004
Pima,14.143150390137462,1.3
Yavapai,12.512822905684873,2.9000000000000004
Maricopa,8.148095591121466,0.658
Pinal,5.497388399243649,1.5
Coconino,4.308937951409676,2.5
Greenlee,4.020286133644072,8.3
