county,pov,moe
Apache,24.246782849978533,3.2
Navajo,22.801973029669387,2.7
La Paz,19.197096368064404,8.2
Gila,19.1308476428307,5.3
Santa Cruz,18.154701139187495,5.599999999999999
Mohave,16.668683392788544,3.3000000000000003
Yuma,16.22097492525035,2.7
Graham,16.041691538559157,4.4
Cochise,15.713893565643689,2.9000000000000004
Yavapai,15.292163925476068,2.9000000000000004
Pima,15.271452420377846,1.3
Coconino,15.065706533424187,2.5
Pinal,15.052501659242326,1.5
Maricopa,15.023617764995137,0.6
Greenlee,15.00126474254695,8.3
