county,pov,moe
La Paz,21.377915013356066,8.200000000000001
Santa Cruz,19.352718706527526,5.599999999999999
Gila,19.139011123031235,5.3
Graham,18.254756858774158,4.4
Mohave,17.558656802832935,3.2999999999999994
Apache,17.502987847867914,3.2
Cochise,17.20701585216742,2.9000000000000004
Navajo,17.113458496638554,2.7
Yuma,17.082907546845195,2.7
Yavapai,15.528660437024817,2.9000000000000004
Pima,15.52638924250668,1.3
Maricopa,10.970748995828451,0.658
Pinal,6.094470551938952,1.5
Coconino,2.758540605410952,2.5
Greenlee,2.031761919249125,8.3
