county,pov,moe
Sierra,29.06024121781177,18.1
Modoc,25.321371932826644,13.3
Mariposa,25.192422040242302,9.6
Trinity,24.8924220402423,12.3
Madera,24.622422040242302,3.7000000000000006
Alpine,22.3661391031983,10
Mono,20.739539985809778,7.6
Glenn,19.63366248910952,6
Plumas,19.002442732568873,5.9
Del Norte,18.996926193142247,5.3
Calaveras,18.845329152437294,5.2
Siskiyou,18.775845998256884,4.9
Tehama,18.543436095428895,4.6
Lassen,18.235566566981028,4.7
Colusa,18.17627097114287,4.4
Mendocino,18.0740600264895,4
Lake,17.919480934991594,3.8
Yuba,17.682243271779928,3.4999999999999996
Sutter,17.57614260471568,3.4000000000000004
Kings,17.452866865800782,3.2
Imperial,17.375081920737024,3.0999999999999996
Humboldt,16.982651796090973,2.6
Merced,16.82972840644832,2.4
Butte,16.740277866815408,2.3
Monterey,16.49651736256174,2
Tulare,16.206466186200867,1.6
Fresno,16.050681309299517,1.3999999999999997
Kern,16.05067823798802,1.3999999999999997
Stanislaus,16.042955535564783,1.3999999999999997
Sacramento,15.76593866130681,1.1
San Joaquin,15.701739483784753,1
San Bernardino,15.578025825763595,0.8
Yolo,15.520298452861198,2.5
Santa Barbara,15.503949567336159,1.3999999999999997
Los Angeles,15.458490873371748,0.658
Shasta,15.436679761464806,1.9
Riverside,14.816700109573336,0.6999999999999998
San Diego,13.883027002521747,0.658
Ventura,13.601771005839423,1
San Luis Obispo,13.531664754571354,2
Inyo,13.446973182760807,6
Solano,12.39858460853338,1.3999999999999997
Orange,10.139728678156406,0.658
Tuolumne,9.892759359206307,3.4999999999999996
San Benito,8.617018413429461,3.4000000000000004
Santa Cruz,7.260469557729886,2
Nevada,6.426336647633375,2.7
Sonoma,5.584223836902302,1.3999999999999997
Contra Costa,5.027689619590035,0.8999999999999999
El Dorado,4.6797142414238175,1.9
Alameda,4.391726948203605,0.6999999999999998
Napa,4.236030395748825,2
San Francisco,4.121260293825738,1
Marin,4.059680203909328,1.3
Placer,4.025155219319946,1.1
San Mateo,4.008509769225632,0.8999999999999999
Santa Clara,4.001867971292744,0.658
Amador,4.0001146697884495,2.4
