county,pov,moe
Sierra,29.090309874203847,18.1
Modoc,25.351365621590556,13.3
Trinity,24.5924220402423,12.3
Alpine,22.559138779133882,10
Mariposa,22.488963543603745,9.6
Mono,20.821815894676526,7.6
Glenn,19.6636900635296,6
Plumas,19.264875553323122,5.9
Del Norte,19.05784690759465,5.3
Calaveras,18.9356125501767,5.2
Siskiyou,18.805981091336122,4.9
Tehama,18.573422480063144,4.6
Lassen,18.41908001803978,4.7
Colusa,18.284432181425537,4.4
Mendocino,18.104282882929233,4
Lake,17.949519131623877,3.8
Madera,17.892517199097277,3.7000000000000006
Yuba,17.712892838175286,3.4999999999999996
Sutter,17.614818354422546,3.4000000000000004
Kings,17.48285089697331,3.2
Imperial,17.405081861374182,3.0999999999999996
Humboldt,17.01296014513076,2.6
Merced,16.859723878970293,2.4
Butte,16.77250798678794,2.3
Monterey,16.531428680221463,2
Tulare,16.236457950756503,1.6
Yolo,16.13551243357223,2.5
Inyo,16.126319501978482,6
Fresno,16.080680699702825,1.3999999999999997
Kern,16.080676219616137,1.3999999999999997
Stanislaus,16.074162531760834,1.3999999999999997
Shasta,15.876504979731909,1.9
Sacramento,15.809517196107814,1.1
Santa Barbara,15.743582335159653,1.3999999999999997
San Joaquin,15.740964524656864,1
San Bernardino,15.608661469818994,0.8
Los Angeles,15.49109623738275,0.658
Riverside,15.11111149447403,0.6999999999999998
San Luis Obispo,14.80846996395555,2
San Diego,14.554224132149157,0.658
Ventura,14.505696973987629,1
Solano,13.894902222369007,1.3999999999999997
Tuolumne,12.632662133760823,3.4999999999999996
Orange,12.044190245085789,0.658
San Benito,11.354075399595903,3.4000000000000004
Santa Cruz,9.433045591281523,2
Nevada,8.325165780784618,2.7
Sonoma,6.620977418914394,1.3999999999999997
Contra Costa,5.343393058127664,0.8999999999999999
El Dorado,4.488056307096819,1.9
Alameda,3.5438070208931736,0.6999999999999998
Napa,3.030569330404581,2
San Francisco,2.5612282463226785,1
Marin,2.2984690387841367,1.3
Placer,2.1352608062989735,1.1
San Mateo,2.049799417942346,0.8999999999999999
Santa Clara,2.0122524553013426,0.658
Amador,2.0009664275793355,2.4
