county,pov,moe
Mariposa,28.1324220402423,9.6
Trinity,26.407422040242302,12.3
Madera,24.6824220402423,3.7000000000000006
Sierra,24.666966473702875,18.1
Modoc,21.647970783453236,13.3
Alpine,18.27142624535898,10
Mono,16.857995115701183,7.6
Glenn,16.430971954078412,6
Siskiyou,15.601526461496956,4.9
Tehama,15.582533322003329,4.6
Plumas,15.566952179612839,5.9
Del Norte,15.409136902150882,5.3
Calaveras,15.271097604039682,5.2
Inyo,15.235180611742502,6
Imperial,15.168988293738384,3.0999999999999996
Mendocino,14.958954197752774,4
Lake,14.905262037013213,3.8
Lassen,14.839910930495606,4.7
Colusa,14.720284184938706,4.4
Kings,14.680922990228446,3.2
Yuba,14.551003327273996,3.4999999999999996
Merced,14.308652082136838,2.4
Sutter,14.278456613184417,3.4000000000000004
Humboldt,13.988232567302832,2.6
Fresno,13.789640339289209,1.3999999999999997
Tulare,13.69332225217085,1.6
Kern,13.691414312665184,1.3999999999999997
Butte,13.655459927175945,2.3
Tuolumne,13.597294114871813,3.4999999999999996
San Benito,13.487027662653853,3.4000000000000004
Monterey,13.395256054824914,2
Yolo,13.263610272997022,2.5
Stanislaus,13.093679632244667,1.3999999999999997
Nevada,12.957327972590104,2.7
Shasta,12.920461439422343,1.9
San Luis Obispo,12.840090756260036,2
San Bernardino,12.727657048888219,0.8
Sacramento,12.718079828325173,1.1
San Joaquin,12.682168871748647,1
Santa Barbara,12.669600372330969,1.3999999999999997
Santa Cruz,12.584096168039446,2
Los Angeles,12.545338269957126,0.658
Solano,12.429169159217588,1.3999999999999997
El Dorado,12.299989916966341,1.9
Ventura,12.25239373593169,1
Napa,12.214473107509916,2
Riverside,12.194404835349935,0.6999999999999998
Sonoma,12.118560020348495,1.3999999999999997
San Diego,12.072113074426927,0.658
Orange,11.893586196653228,0.658
Contra Costa,11.763371448174025,0.8999999999999999
Marin,11.623664452759472,1.3
San Francisco,11.545882676561607,1
Alameda,11.522147816142068,0.6999999999999998
Placer,11.392762589091769,1.1
Amador,11.281495411685107,2.4
San Mateo,11.132035923802515,0.8999999999999999
Santa Clara,10.78773334079089,0.658
