county,pov,moe
San Juan,39.718254997695674,31.6
Jackson,39.718254997695674,24.3
Huerfano,39.718254997695674,15.8
Bent,24.053622283791295,13.5
Gilpin,23.513197589153638,18.5
Costilla,23.248157438585967,12.9
Saguache,21.869862379370932,11.9
Sedgwick,21.5663358986278,11.700000000000001
Baca,20.540959976178303,9.1
Las Animas,20.328288796385753,9.2
Yuma,19.616041607043257,9.2
Rio Blanco,19.14490045013089,9.4
Otero,19.10971493641363,6.800000000000001
Prowers,18.33195697790192,7.8
Delta,17.969833642651924,6.199999999999999
Dolores,17.339414989139254,12.200000000000001
Alamosa,17.115069283483255,7.6
Conejos,17.001018678699182,6.1000000000000005
Logan,16.645266396527674,7.400000000000001
Phillips,16.564159635757157,8.8
Crowley,16.5489686421206,6.5
Cheyenne,16.194161042063563,8.9
Fremont,16.131122740711152,4.5
Kiowa,16.09896760295969,7.7
Morgan,15.628011122760785,4.9
Moffat,15.548474398521464,6.5
Pueblo,15.498958812994326,3
Montrose,15.192137557619464,4.9
La Plata,14.874866748391625,3.4000000000000004
Rio Grande,14.287892519631583,8
Montezuma,14.188567157034162,5.800000000000001
Mesa,13.657788781390872,3.2
Denver,13.461186200053207,1.5
Park,12.900789637981594,7.3
Kit Carson,12.766148428585424,4.7
Washington,12.544291691458879,5.1
Mineral,12.512324422528668,10.7
Chaffee,11.98575257696527,4.9
Adams,11.964450656874746,1.3999999999999997
Weld,11.500592203349251,1.3999999999999997
Eagle,11.410903235342412,4.7
El Paso,11.11595595792262,1.3
Lincoln,11.074590175285467,5.699999999999999
Gunnison,11.052463347640593,7.9
Lake,10.597942665353731,7.6
Archuleta,10.499241044111672,5
Garfield,10.433357299130298,3.0999999999999996
Arapahoe,10.203857003834239,0.8999999999999999
Larimer,9.710948782572963,2
Pitkin,9.306632014694245,5.9
San Miguel,8.29648400507574,4.9
Grand,8.062301009765752,5.3
Jefferson,7.918377405768899,1.1
Summit,7.553171697123691,4.8
Boulder,7.39372881187005,1.1
Teller,6.919757593160392,3.8
Broomfield,6.095990215543176,1.9
Custer,5.994839714775522,5.1
Routt,5.937740843399425,2.7999999999999994
Clear Creek,5.492815250180278,4.9
Elbert,4.567209243532723,2
Hinsdale,4.256490796609282,30.099999999999998
Douglas,3.936764101974154,0.658
Ouray,3.570418888406547,2.1
