county,pov,moe
San Juan,39.62825499769567,31.6
Jackson,39.62825499769567,24.3
Huerfano,39.62825499769567,15.8
Gilpin,28.800096064259613,18.5
Bent,25.47728512691426,13.5
Costilla,25.00974704381276,12.9
Saguache,24.228835397369973,11.9
Sedgwick,24.071645401443345,11.700000000000001
Rio Blanco,22.25549025050967,9.4
Las Animas,22.127105613774702,9.2
Yuma,22.122376080269383,9.2
Baca,22.04940377065217,9.1
Prowers,21.025170526731234,7.8
Alamosa,20.73208383172894,7.6
Phillips,20.544734298297602,8.8
Logan,20.447054214612518,7.400000000000001
Otero,20.25759890796587,6.800000000000001
Kiowa,20.041472214046976,7.7
Crowley,19.922372028990107,6.5
Delta,19.789727419855378,6.199999999999999
Cheyenne,19.728337818224677,8.9
Conejos,19.69623350539378,6.1000000000000005
Dolores,19.421571906941075,12.200000000000001
Moffat,19.371661440402764,6.5
Morgan,18.710749792970102,4.9
Montrose,18.5978222159119,4.9
Fremont,18.459462032295608,4.5
La Plata,17.578758913018643,3.4000000000000004
Pueblo,17.296462803359745,3
Montezuma,17.07491662516855,5.800000000000001
Mesa,17.04385655301312,3.2
Denver,16.090081586366868,1.5
Adams,14.925945338376016,1.3999999999999997
Weld,13.677370827520036,1.3999999999999997
Rio Grande,13.676381462702333,8
Kit Carson,13.244337697446095,4.7
El Paso,12.337429258941354,1.3
Washington,11.324614213621158,5.1
Chaffee,9.14882409722281,4.9
Arapahoe,8.8751154028278485,0.8999999999999999
Park,8.729008465028404,7.3
Eagle,7.316140538421502,4.7
Garfield,6.374711033708952,3.0999999999999996
Larimer,5.70853398168191,2
Lincoln,5.588818827287829,5.699999999999999
Archuleta,5.140320132472589,5
Mineral,5.085684849503223,10.7
Gunnison,4.695540509861024,7.9
Lake,4.488248780709225,7.6
Jefferson,4.239525128785596,1.1
Pitkin,4.2173559875029945,5.9
Boulder,4.111753056473212,1.1
San Miguel,4.092658097296464,4.9
Grand,4.061251724538621,5.3
Summit,4.037557356485519,4.8
Teller,4.02163782174868,3.8
Broomfield,4.011279970937799,1.9
Routt,4.006589464627268,2.7999999999999994
Custer,4.0038598850205105,5.1
Clear Creek,4.001787120038465,4.9
Elbert,4.0006140984372776,2
Douglas,4.000180827997799,0.658
Ouray,4.00004034593588,2.1
Hinsdale,4.000005319453199,30.099999999999998
