county,pov,moe
San Juan,40.013254997695675,31.6
Jackson,39.82075499769567,24.3
Huerfano,39.64750499769567,15.8
Gilpin,27.049463898565087,18.5
Bent,25.474414782851586,13.5
Costilla,24.99569894782903,12.9
Saguache,24.154410189194266,11.9
Sedgwick,23.970818979687145,11.700000000000001
Las Animas,22.10684881255947,9.2
Baca,22.043338015172154,9.1
Yuma,22.00273724036806,9.2
Rio Blanco,21.939786884861746,9.4
Prowers,20.839363077054117,7.8
Otero,20.257250484192248,6.800000000000001
Alamosa,20.011571873294574,7.6
Delta,19.76274088795052,6.199999999999999
Logan,19.49170243713454,7.400000000000001
Conejos,19.48317446998136,6.1000000000000005
Crowley,19.346422373841314,6.5
Phillips,18.841076386532183,8.8
Kiowa,18.542100448710713,7.7
Fremont,18.339549926360988,4.5
Morgan,18.270524163488183,4.9
Moffat,18.087967815401637,6.5
Cheyenne,17.910570599223757,8.9
Montrose,17.882662508942303,4.9
Dolores,17.637603986616917,12.200000000000001
La Plata,17.304817738577565,3.4000000000000004
Pueblo,17.263989827311725,3
Mesa,16.110049870385748,3.2
Denver,15.801024560807681,1.5
Montezuma,15.616559690491835,5.800000000000001
Adams,13.864392213888054,1.3999999999999997
Rio Grande,13.390885184161835,8
Kit Carson,12.768503743274762,4.7
Weld,12.762705287659198,1.3999999999999997
El Paso,11.812729733894715,1.3
Washington,11.608283491238867,5.1
Chaffee,10.189352178892376,4.9
Park,10.093053471623552,7.3
Arapahoe,9.604040927898957,0.8999999999999999
Eagle,8.846263446096586,4.7
Garfield,7.960018442818373,3.0999999999999996
Lincoln,7.281535721830458,5.699999999999999
Larimer,7.271449645591199,2
Mineral,6.737882856886761,10.7
Archuleta,6.716351973882969,5
Gunnison,6.095855568999572,7.9
Lake,5.709984945812335,7.6
Jefferson,5.106763187829149,1.1
Pitkin,5.0681921657769715,5.9
Boulder,4.717786275821118,1.1
San Miguel,4.650579890429034,4.9
Grand,4.5112742345863,5.3
Summit,4.383919976715598,4.8
Teller,4.277766110604516,3.8
Broomfield,4.189331984493096,1.9
Routt,4.1379911268114755,2.7999999999999994
Custer,4.1004801196317775,5.1
Clear Creek,4.063738005859197,4.9
Elbert,4.0339556135298515,2
Douglas,4.01646679036309,0.658
Ouray,4.006767354330005,2.1
Hinsdale,4.001942458292788,30.099999999999998
