county,pov,moe
San Juan,44.18825499769567,31.6
Jackson,41.95325499769567,24.3
Huerfano,39.718254997695674,15.8
Hinsdale,25.13010452449706,30.099999999999998
Gilpin,19.399321108126212,18.5
Bent,16.913487209629512,13.5
Costilla,16.584661403231145,12.9
Dolores,16.14780699414935,12.200000000000001
Saguache,16.0494929381334,11.9
Sedgwick,15.942927770877658,11.700000000000001
Mineral,15.353225120873116,10.7
Rio Blanco,14.746038752935997,9.4
Las Animas,14.672514486481816,9.2
Yuma,14.653773172666549,9.2
Baca,14.633450791448817,9.1
Cheyenne,14.461683317043336,8.9
Phillips,14.413942290511539,8.8
Rio Grande,13.990057142486226,8
Prowers,13.928509708781043,7.8
Gunnison,13.918872612657077,7.9
Kiowa,13.851454232254557,7.7
Alamosa,13.81086770907195,7.6
Lake,13.763398080089347,7.6
Logan,13.704515039020018,7.400000000000001
Park,13.624731577580112,7.3
Otero,13.473158473385796,6.800000000000001
Crowley,13.247900451116665,6.5
Moffat,13.237515295128082,6.5
Delta,13.123194493056342,6.199999999999999
Conejos,13.052333886880133,6.1000000000000005
Pitkin,12.890077661512983,5.9
Montezuma,12.870595374767706,5.800000000000001
Lincoln,12.79892985403366,5.699999999999999
Grand,12.576881827162412,5.3
Washington,12.502819766466175,5.1
Custer,12.460491364451757,5.1
Archuleta,12.439064158414212,5
Morgan,12.427990955470491,4.9
Montrose,12.422919175209609,4.9
Chaffee,12.397377264591865,4.9
San Miguel,12.374758177651058,4.9
Clear Creek,12.354573358582712,4.9
Summit,12.31908334306137,4.8
Kit Carson,12.300839866548785,4.7
Eagle,12.291929473986176,4.7
Fremont,12.234188729171432,4.5
Teller,11.805915431819505,3.8
La Plata,11.660939642732133,3.4000000000000004
Mesa,11.545845284641404,3.2
Pueblo,11.472514962266969,3
Garfield,11.471379472497421,3.0999999999999996
Routt,11.290093501213828,2.7999999999999994
Ouray,10.910576004245188,2.1
Larimer,10.906953183911734,2
Elbert,10.871629759285204,2
Broomfield,10.833353123804617,1.9
Denver,10.683194946171925,1.5
Adams,10.617214704985505,1.3999999999999997
Weld,10.61356212804196,1.3999999999999997
El Paso,10.559893037723352,1.3
Jefferson,10.437912903202035,1.1
Boulder,10.434708298168443,1.1
Arapahoe,10.35016282852017,0.8999999999999999
Douglas,10.182926860486399,0.658
