county,pov,moe
Greater Bridgeport,19.334429460927435,1.5
South Central Connecticut,19.334429460927435,1.5
Northeastern Connecticut,16.43891552240693,3.0999999999999996
Northwest Hills,16.365989054744006,2.4
Southeastern Connecticut,16.319918842913435,1.9
Naugatuck Valley,16.090335839252486,1.5
Capitol,15.779405215628433,1
Western Connecticut,15.22458341347321,1
Lower Connecticut River Valley,15.00021333006816,1.3999999999999997
