county,pov,moe
Greater Bridgeport,21.678588053688085,1.5
South Central Connecticut,18.928588053688085,1.5
Capitol,16.178588053688085,1
Naugatuck Valley,15.560097150498342,1.5
Southeastern Connecticut,14.890161653478357,1.9
Northwest Hills,13.980278454585937,2.4
Northeastern Connecticut,12.703402650801547,3.0999999999999996
Western Connecticut,9.652758908884248,1
Lower Connecticut River Valley,6.927537020684961,1.3999999999999997
