county,pov,moe
Greater Bridgeport,17.668588053688083,1.5
South Central Connecticut,16.968588053688087,1.5
Capitol,16.268588053688084,1
Naugatuck Valley,14.88840086345054,1.5
Southeastern Connecticut,14.782197479937803,1.9
Northwest Hills,14.61080786383688,2.4
Northeastern Connecticut,14.293983394762577,3.0999999999999996
Western Connecticut,11.714919399752576,1
Lower Connecticut River Valley,9.30392683719538,1.3999999999999997
