county,pov,moe
Northeastern Connecticut,17.324221396417705,3.0999999999999996
Northwest Hills,16.85703640212229,2.4
Southeastern Connecticut,16.470147219881873,1.9
Greater Bridgeport,16.178588053688085,1.5
South Central Connecticut,16.178588053688085,1.5
Naugatuck Valley,16.158587836287097,1.5
Capitol,15.789058702458721,1
Western Connecticut,13.32222473442626,1
Lower Connecticut River Valley,2.221547601029876,1.3999999999999997
