county,pov,moe
Northeastern Connecticut,16.983495792149917,3.0999999999999996
Northwest Hills,16.80496881283003,2.4
Southeastern Connecticut,16.43904005969045,1.9
Greater Bridgeport,16.328588053688083,1.5
South Central Connecticut,16.253588053688084,1.5
Capitol,16.18608805368808,1
Naugatuck Valley,16.12857668830308,1.5
Western Connecticut,11.211421307402091,1
Lower Connecticut River Valley,4.164233178560157,1.3999999999999997
