county,pov,moe
Northeastern Connecticut,17.185066928937356,3.0999999999999996
Northwest Hills,16.823425175001805,2.4
Southeastern Connecticut,16.440062816973764,1.9
Greater Bridgeport,16.178588053688085,1.5
South Central Connecticut,16.178588053688085,1.5
Capitol,16.178588053688085,1
Naugatuck Valley,16.12858755522484,1.5
Western Connecticut,11.327673747193723,1
Lower Connecticut River Valley,4.059419615604272,1.3999999999999997
