county,pov,moe
Greater Bridgeport,19.718588053688084,1.5
South Central Connecticut,17.993588053688082,1.5
Capitol,16.268588053688084,1
Naugatuck Valley,13.436176558270954,1.5
Northeastern Connecticut,13.399005874864722,3.0999999999999996
Northwest Hills,13.29134561639255,2.4
Southeastern Connecticut,13.288846987476767,1.9
Western Connecticut,11.745682225245261,1
Lower Connecticut River Valley,11.358178576685486,1.3999999999999997
