county,pov,moe
Northwest Hills,16.753743323288738,2.4
Northeastern Connecticut,16.677480855328525,3.0999999999999996
Greater Bridgeport,16.453588053688083,1.5
Southeastern Connecticut,16.433771763666083,1.9
South Central Connecticut,16.316088053688084,1.5
Capitol,16.192338053688086,1
Naugatuck Valley,16.12843652154551,1.5
Western Connecticut,11.158354130564156,1
Lower Connecticut River Valley,4.386199244542737,1.3999999999999997
