county,pov,moe
Southeastern Connecticut,16.274143113744024,1.9
Northwest Hills,16.23587672363391,2.4
Greater Bridgeport,16.178588053688085,1.5
South Central Connecticut,16.178588053688085,1.5
Naugatuck Valley,16.125580369780387,1.5
Capitol,15.789058702458721,1
Northeastern Connecticut,15.687317513524853,3.0999999999999996
Western Connecticut,11.832236483687469,1
Lower Connecticut River Valley,6.198610985794464,1.3999999999999997
