county,pov,moe
Greater Bridgeport,19.334429460927435,1.5
South Central Connecticut,19.334429460927435,1.5
Northeastern Connecticut,16.641239947061102,3.0999999999999996
Northwest Hills,16.475675088837452,2.4
Southeastern Connecticut,16.35770516216522,1.9
Naugatuck Valley,16.10925736987496,1.5
Capitol,15.779405215628433,1
Western Connecticut,15.333035001763735,1
Lower Connecticut River Valley,15.215834850461885,1.3999999999999997
