county,pov,moe
Greater Bridgeport,20.738588053688083,1.5
South Central Connecticut,18.503588053688087,1.5
Capitol,16.268588053688084,1
Northeastern Connecticut,13.231789381391721,3.0999999999999996
Northwest Hills,12.816908246885022,2.4
Southeastern Connecticut,12.523841689314807,1.9
Naugatuck Valley,12.29650343663755,1.5
Lower Connecticut River Valley,12.17335992168415,1.3999999999999997
Western Connecticut,11.946833163020777,1
