county,pov,moe
Greater Bridgeport,19.334429460927435,1.5
South Central Connecticut,19.334429460927435,1.5
Northeastern Connecticut,16.655791006332556,3.0999999999999996
Northwest Hills,16.489463111003776,2.4
Southeastern Connecticut,16.36224141923215,1.9
Naugatuck Valley,16.108371741424897,1.5
Capitol,15.779405215628433,1
Western Connecticut,15.333785781792924,1
Lower Connecticut River Valley,15.215834850461885,1.3999999999999997
