county,pov,moe
Greater Bridgeport,16.268588053688084,1.5
South Central Connecticut,16.268588053688084,1.5
Capitol,16.268588053688084,1
Southeastern Connecticut,15.048022214157983,1.9
Naugatuck Valley,15.019591104261462,1.5
Northwest Hills,15.005629643328893,2.4
Northeastern Connecticut,14.8144158398217,3.0999999999999996
Western Connecticut,12.218673084551698,1
Lower Connecticut River Valley,9.587903952814004,1.3999999999999997
