county,pov,moe
Greater Bridgeport,16.178588053688085,1.5
South Central Connecticut,16.178588053688085,1.5
Naugatuck Valley,15.880018397642544,1.5
Capitol,15.789058702458721,1
Southeastern Connecticut,15.728614559064352,1.9
Northwest Hills,15.433077258121749,2.4
Northeastern Connecticut,14.861119672499173,3.0999999999999996
Western Connecticut,11.869355197334366,1
Lower Connecticut River Valley,8.58158010550292,1.3999999999999997
