county,pov,moe
Greater Bridgeport,19.334429460927435,1.5
South Central Connecticut,17.078267736620294,1.5
Northeastern Connecticut,16.94245053705114,3.0999999999999996
Northwest Hills,16.673975044183187,2.4
Southeastern Connecticut,16.480869909694025,1.9
Naugatuck Valley,16.199463955058967,1.5
Capitol,15.831773145169947,1
Western Connecticut,15.463777915890583,1
Lower Connecticut River Valley,15.446543101931272,1.3999999999999997
