county,pov,moe
Greater Bridgeport,17.978588053688082,1.5
South Central Connecticut,17.078588053688083,1.5
Southeastern Connecticut,16.343922368781552,1.9
Northwest Hills,16.33675623039677,2.4
Capitol,16.268588053688084,1
Naugatuck Valley,16.120713335583577,1.5
Northeastern Connecticut,15.351348037442419,3.0999999999999996
Western Connecticut,10.110740373481905,1
Lower Connecticut River Valley,4.910755493249465,1.3999999999999997
