county,pov,moe
Northeastern Connecticut,16.90087540637394,3.0999999999999996
Northwest Hills,16.799584246919448,2.4
Greater Bridgeport,16.778588053688086,1.5
South Central Connecticut,16.478588053688085,1.5
Southeastern Connecticut,16.43878491833671,1.9
Capitol,16.208588053688082,1
Naugatuck Valley,16.128574212730047,1.5
Western Connecticut,10.63134902479286,1
Lower Connecticut River Valley,4.135068029782736,1.3999999999999997
