county,pov,moe
Greater Bridgeport,17.760547835203123,1.5
Northeastern Connecticut,16.86452590928112,3.0999999999999996
South Central Connecticut,16.707474046223954,1.5
Northwest Hills,16.5944083468727,2.4
Southeastern Connecticut,16.397003348877607,1.9
Naugatuck Valley,16.128668985233297,1.5
Capitol,15.779405215628433,1
Western Connecticut,15.453362027569506,1
Lower Connecticut River Valley,15.446543101931272,1.3999999999999997
