county,pov,moe
Greater Bridgeport,24.17858805368808,1.5
South Central Connecticut,20.178588053688085,1.5
Capitol,16.578588053688083,1
Naugatuck Valley,16.053489872617945,1.5
Southeastern Connecticut,15.82312304716054,1.9
Northwest Hills,14.603033173201151,2.4
Northeastern Connecticut,11.676824656615395,3.0999999999999996
Western Connecticut,6.944622916920768,1
Lower Connecticut River Valley,4.463142172419941,1.3999999999999997
