county,pov,moe
Greater Bridgeport,16.268588053688084,1.5
South Central Connecticut,16.268588053688084,1.5
Capitol,16.268588053688084,1
Northwest Hills,15.320275967795174,2.4
Southeastern Connecticut,15.263929533071638,1.9
Northeastern Connecticut,15.155872551894456,3.0999999999999996
Naugatuck Valley,15.116734940715526,1.5
Western Connecticut,12.287982109395431,1
Lower Connecticut River Valley,8.54944073606351,1.3999999999999997
