county,pov,moe
Greater Bridgeport,24.053588053688085,1.5
South Central Connecticut,20.116088053688085,1.5
Capitol,16.572338053688085,1
Naugatuck Valley,15.364421641624638,1.5
Southeastern Connecticut,14.413520701801325,1.9
Northwest Hills,13.227439447303762,2.4
Northeastern Connecticut,11.713678909851266,3.0999999999999996
Western Connecticut,8.748395800631165,1
Lower Connecticut River Valley,6.2905293377235845,1.3999999999999997
