county,pov,moe
Greater Bridgeport,17.378588053688084,1.5
South Central Connecticut,16.778588053688086,1.5
Northwest Hills,16.699254694860464,2.4
Southeastern Connecticut,16.42775268596224,1.9
Northeastern Connecticut,16.319822761374045,3.0999999999999996
Capitol,16.238588053688083,1
Naugatuck Valley,16.128237933295903,1.5
Western Connecticut,10.19446526965669,1
Lower Connecticut River Valley,4.334702493786397,1.3999999999999997
