county,pov,moe
Greater Bridgeport,19.334429460927435,1.5
South Central Connecticut,19.334429460927435,1.5
Northeastern Connecticut,16.567551065952873,3.0999999999999996
Northwest Hills,16.503832673846045,2.4
Southeastern Connecticut,16.480869909694025,1.9
Naugatuck Valley,16.231210948475614,1.5
Capitol,15.891165649535214,1
Western Connecticut,15.24145188537413,1
Lower Connecticut River Valley,15.00021333006816,1.3999999999999997
