county,pov,moe
Greater Bridgeport,17.67858805368808,1.5
South Central Connecticut,16.928588053688085,1.5
Northwest Hills,16.729484117823098,2.4
Southeastern Connecticut,16.432583753654004,1.9
Northeastern Connecticut,16.387541692372753,3.0999999999999996
Capitol,16.178588053688085,1
Naugatuck Valley,16.128436943348863,1.5
Western Connecticut,9.801715226487273,1
Lower Connecticut River Valley,4.234474105249744,1.3999999999999997
