county,pov,moe
Northwest Hills,16.734847643338348,2.4
Northeastern Connecticut,16.59452532418436,3.0999999999999996
Greater Bridgeport,16.478588053688085,1.5
Southeastern Connecticut,16.4311713006716,1.9
South Central Connecticut,16.328588053688083,1.5
Capitol,16.193588053688085,1
Naugatuck Valley,16.12833406391071,1.5
Western Connecticut,11.152180930345027,1
Lower Connecticut River Valley,4.458176576485695,1.3999999999999997
