county,pov,moe
Franklin,27.79472770466801,14.100000000000001
Hardee,26.894727704668007,9.2
Gadsden,26.08472770466801,6.199999999999999
Lafayette,25.07401793503467,13.5
Glades,24.1159541359802,11.8
Taylor,23.479652334887014,11.5
Dixie,22.815457792329113,10.4
Washington,22.066473422088468,9.2
DeSoto,22.04860953960867,9.1
Hamilton,22.035073399790946,9.1
Union,21.80025448647138,10.1
Madison,21.71581794338295,8.7
Calhoun,21.507186717256072,8.600000000000001
Liberty,21.24217697574652,8.3
Jefferson,20.710073587225146,7.500000000000001
Sumter,20.643741164127054,7.3
Bradford,20.622737127768183,7.6
Holmes,20.416415371920113,8.4
Hendry,20.068107570674847,6.7
Jackson,20.03252479572367,6.599999999999999
Okeechobee,19.829041602954316,6.3
Putnam,19.62741157186188,6
Levy,19.090352846760286,5.800000000000001
Highlands,17.6737277577856,4.2
Citrus,17.518754081357596,3.8
Baker,17.42356939926171,6.199999999999999
Suwannee,17.373983919077943,4.8
Escambia,16.404381105454704,2.4
Columbia,16.240693878919075,4
St. Lucie,15.683256969195144,2.6
Marion,15.603691961141845,1.9
Polk,15.520156514371406,1.3999999999999997
Duval,15.13031711805794,1.3999999999999997
Leon,14.61395673445569,2.2
Charlotte,14.410076166702595,3.2999999999999994
Miami-Dade,14.361263637917151,0.8999999999999999
Martin,14.039065364058523,4
Osceola,13.966324091383711,2
Walton,13.807355864549558,4.4
Orange,13.687555304770887,1.1
Hillsborough,12.796017296047191,1
Lee,11.983327870738059,1.5
Bay,11.968104432643118,2.4
Indian River,11.71153951349037,2.9000000000000004
Alachua,11.177934224677717,2.7999999999999994
Pasco,10.254438362922176,1.6
Hernando,9.620659763207977,2.7999999999999994
Broward,9.582776327860119,1
Collier,8.969105448311096,2.3
Palm Beach,8.197977635788718,1.1
Volusia,7.854048918547776,1.7000000000000002
Gulf,7.652037183883789,6.9
Manatee,7.475730937647562,2.2
Okaloosa,6.647032164186732,2.6
Lake,6.236563269133046,2.5
Flagler,5.918363398837133,3.0999999999999996
Monroe,5.6109668334950955,3.5999999999999996
Pinellas,5.184522125386455,1.2
Clay,5.016093023278797,3.0999999999999996
Brevard,4.755991527723471,2
Gilchrist,4.641298347286866,5.4
Nassau,4.442061844608338,3.8
Sarasota,4.286686961617551,2
Seminole,4.17886247276491,1.2
Santa Rosa,4.105889434815285,2.1
St. Johns,4.047302359183725,1.6
Wakulla,4.011275017856732,3.5999999999999996
