county,pov,moe
Franklin,55.7436369327179,14.099999999999998
Hardee,41.58450069368828,9.2
DeSoto,29.41087440361512,9.1
Gadsden,25.296292108097724,6.199999999999999
Glades,22.92719720694539,11.8
Hamilton,21.870580256493184,9.1
Washington,21.106506900691542,9.2
Lafayette,20.98935386874257,13.5
Madison,20.915664418372707,8.7
Sumter,20.689658074087568,7.3
Taylor,19.8735628389218,11.5
Dixie,19.76467390177251,10.4
Calhoun,19.741623115240674,8.6
Jefferson,19.716755083858946,7.5
Putnam,19.616986493810657,6
Jackson,19.2006661451801,6.6000000000000005
Okeechobee,19.181629725473552,6.3
Liberty,18.974631340524706,8.3
Hendry,18.969452881319487,6.7
Union,18.5448612210156,10.1
Bradford,18.393648317912003,7.6
Holmes,17.861282822001467,8.4
Levy,17.361252026474176,5.800000000000001
Baker,16.72357279944413,6.199999999999999
Highlands,16.58468440164728,4.2
Suwannee,16.50078503021156,4.8
Citrus,16.46430099615328,3.8
Gulf,16.296775571536585,6.9
Columbia,16.121763285123443,4
Walton,16.074522000709003,4.4
Martin,15.97683818246273,4
Escambia,15.92482168178102,2.4
Charlotte,15.821659694958532,3.3000000000000003
Gilchrist,15.817176688261348,5.4
St. Lucie,15.748290269369894,2.6
Indian River,15.666894250663837,2.9000000000000004
Monroe,15.651694080257709,3.6000000000000005
Marion,15.642309265229262,1.9
Alachua,15.63728459031346,2.7999999999999994
Hernando,15.60435962768961,2.7999999999999994
Leon,15.59017006630932,2.2
Flagler,15.561181013555247,3.0999999999999996
Bay,15.551912483308003,2.4
Nassau,15.540614133427768,3.8
Polk,15.509677992542786,1.3999999999999997
Osceola,15.50276533862846,2
Okaloosa,15.488640070434073,2.6
Clay,15.476159183167034,3.0999999999999996
Collier,15.474935299887784,2.3
Lake,15.464079283494318,2.5
Duval,15.444776469474702,1.3999999999999997
Manatee,15.423632455414134,2.2
Pasco,15.356620953444144,1.6
Lee,15.35204670188455,1.5
Volusia,15.339173469663056,1.7000000000000002
Brevard,15.302658032689386,2
Orange,15.281802630172937,1.1
Miami-Dade,15.25681043931851,0.9000000000000001
Hillsborough,15.248987786351071,1
Sarasota,15.239489155905325,2
Palm Beach,15.227142969511547,1.1
Broward,15.218187914903291,1
Pinellas,15.208964527027478,1.2
Santa Rosa,15.181139842626138,2.1
Seminole,15.114188794616702,1.2
St. Johns,15.0248911509891,1.6
Wakulla,15.000548563032412,3.6000000000000005
