county,pov,moe
Franklin,28.78472770466801,14.100000000000001
Hardee,27.43472770466801,9.2
Gadsden,26.08472770466801,6.199999999999999
Lafayette,20.970504463980536,13.5
Glades,20.90203090478257,11.8
DeSoto,19.98865415361318,9.1
Taylor,19.567925787287898,11.5
Hamilton,19.290502619758715,9.1
Dixie,19.111834043111898,10.4
Washington,18.872992291426982,9.2
Madison,18.87082633632901,8.7
Sumter,18.362839252622763,7.3
Union,18.154307535959457,10.1
Calhoun,18.088172526452766,8.600000000000001
Liberty,17.802196616479314,8.3
Jefferson,17.522152856498952,7.500000000000001
Putnam,17.245476070685733,6
Bradford,17.17590377294478,7.6
Holmes,17.000267932634483,8.4
Jackson,16.999017040934746,6.599999999999999
Okeechobee,16.978917363829947,6.3
Hendry,16.8960148035625,6.7
Levy,15.775674486550933,5.800000000000001
Baker,15.112636872931745,6.199999999999999
Highlands,14.544198275135114,4.2
Suwannee,14.533606313546118,4.8
Citrus,14.413271448615985,3.8
Columbia,13.843249968473902,4
Gulf,13.742869796844301,6.9
Walton,13.520274637259208,4.4
Escambia,13.450214385757317,2.4
Martin,13.361318390298994,4
St. Lucie,13.109267782413047,2.6
Charlotte,13.0894891702749,3.2999999999999994
Marion,12.847828497093236,1.9
Polk,12.697983291383109,1.3999999999999997
Leon,12.62417036348503,2.2
Duval,12.479493114298364,1.3999999999999997
Indian River,12.429283625013083,2.9000000000000004
Osceola,12.38123597628392,2
Alachua,12.296145472633988,2.7999999999999994
Bay,12.216911378225353,2.4
Hernando,12.053559647267715,2.7999999999999994
Miami-Dade,12.005920440581713,0.8999999999999999
Orange,11.902748536705884,1.1
Lee,11.767595546801068,1.5
Collier,11.693362953731262,2.3
Gilchrist,11.683615424192183,5.4
Hillsborough,11.665802867103288,1
Pasco,11.54420888625469,1.6
Monroe,11.513472384382368,3.5999999999999996
Flagler,11.394396710950357,3.0999999999999996
Okaloosa,11.372469729863711,2.6
Manatee,11.36715275928601,2.2
Lake,11.208575251235969,2.5
Volusia,11.192758085294177,1.7000000000000002
Broward,11.13462849545077,1
Clay,10.968507973025252,3.0999999999999996
Palm Beach,10.954958695392335,1.1
Nassau,10.71892724364151,3.8
Brevard,10.277029379543324,2
Pinellas,10.185210633043885,1.2
Sarasota,9.67058157979147,2
Santa Rosa,9.081134726636755,2.1
Seminole,9.05324035586602,1.2
St. Johns,8.393117869315098,1.6
Wakulla,8.123181091225183,3.5999999999999996
