county,pov,moe
Franklin,25.99472770466801,14.100000000000001
Lafayette,24.76822995672415,13.5
Glades,24.04780445819866,11.8
Taylor,23.172016216397644,11.5
Dixie,22.577054477311684,10.4
Hardee,22.177340062620257,9.2
DeSoto,22.070556150935513,9.1
Hamilton,22.0112646191197,9.1
Washington,21.966890161093605,9.2
Madison,21.675612968908258,8.7
Union,21.459123424990032,10.1
Calhoun,21.325502507343874,8.600000000000001
Liberty,21.04104939468551,8.3
Sumter,20.65294530839486,7.3
Jefferson,20.577678449343423,7.500000000000001
Bradford,20.38540235774885,7.6
Holmes,20.0899088804491,8.4
Jackson,19.925052338001635,6.599999999999999
Hendry,19.919835919497363,6.7
Gadsden,19.840163955244087,6.199999999999999
Okeechobee,19.760592344597438,6.3
Putnam,19.624174193583066,6
Levy,18.813291015793602,5.800000000000001
Highlands,17.36994850598694,4.2
Baker,17.34927015327322,6.199999999999999
Citrus,17.24272807674894,3.8
Suwannee,17.09390867918389,4.8
Escambia,16.125531657336396,2.4
Columbia,16.055312821480875,4
St. Lucie,15.409888878860128,2.6
Marion,15.293754219141329,1.9
Polk,15.225406265534714,1.3999999999999997
Duval,14.824195811725316,1.3999999999999997
Charlotte,14.566639025483127,3.2999999999999994
Leon,14.486861088102026,2.2
Martin,14.48189230593412,4
Walton,14.429712205419026,4.4
Miami-Dade,14.092344691629693,0.8999999999999999
Osceola,13.964117254526256,2
Orange,13.579492244545122,1.1
Hillsborough,12.902198705829356,1
Bay,12.668427706113643,2.4
Indian River,12.62293921307516,2.9000000000000004
Lee,12.450262954129272,1.5
Alachua,12.226947121603903,2.7999999999999994
Pasco,11.258743970868897,1.6
Hernando,11.090620455814767,2.7999999999999994
Broward,10.610960202728876,1
Collier,10.45231750220912,2.3
Gulf,10.285677185982312,6.9
Palm Beach,9.522272731177281,1.1
Volusia,9.351364511713394,1.7000000000000002
Manatee,9.099606045398579,2.2
Okaloosa,8.285957637384483,2.6
Lake,7.757002127278254,2.5
Flagler,7.4169627423824895,3.0999999999999996
Monroe,7.015033768508861,3.5999999999999996
Pinellas,5.944310538228644,1.2
Clay,5.8372993326663085,3.0999999999999996
Brevard,5.131936463643906,2
Gilchrist,5.131476949992457,5.4
Nassau,4.3897627107119215,3.8
Sarasota,3.727866963996751,2
Seminole,3.242609061126387,1.2
Santa Rosa,2.900007320610851,2.1
St. Johns,2.5117896210874062,1.6
Wakulla,2.1984257051743414,3.5999999999999996
