county,pov,moe
Butte,27.251010093930393,13.8
Lewis,26.551010093930394,4.9
Boundary,25.851010093930395,10.900000000000002
Custer,21.921022049986018,14.800000000000002
Lincoln,21.055323807163727,10.8
Boise,20.266648968424743,10.900000000000002
Washington,19.779344065316277,8.200000000000001
Jerome,18.748099311920043,6.5
Valley,18.720881983419698,12
Owyhee,18.14746876779277,6.3
Minidoka,18.109046049633683,6.5
Gooding,18.06964148197614,7.199999999999999
Shoshone,17.390502553257292,6
Benewah,17.176313462135244,6.999999999999999
Gem,16.830446550631187,5.699999999999999
Adams,16.12182848509674,9.1
Twin Falls,15.51695177375511,4.300000000000001
Nez Perce,15.507958608841252,4.8
Fremont,15.264948630412736,5.3
Oneida,15.173618679842155,6.999999999999999
Madison,14.877608314139504,4.4
Clearwater,14.826916220432288,6
Power,14.802487482815083,9
Bonner,14.177725706054032,3.9
Bear Lake,13.736609284531651,5.4
Bannock,13.422750874584347,3
Elmore,12.6463234041893,3.9
Cassia,12.607462864460347,4.300000000000001
Payette,11.583391995105725,5.3
Bingham,11.441555138462252,3.0999999999999996
Blaine,11.223513807720241,6.199999999999999
Bonneville,10.53609582947391,2.4
Canyon,10.470118503100753,1.7000000000000002
Teton,10.084129017815895,6.800000000000001
Latah,9.903951462488054,4
Kootenai,9.88540785185523,2.3
Jefferson,9.189567786164284,3.2
Lemhi,8.970435338378957,5.1
Camas,8.535793885384548,10.5
Franklin,8.432052509510559,5.1
Ada,6.728236949135286,1.2
Idaho,6.253615326861896,4.4
Clark,6.222718455468225,9.6
Caribou,3.9884564804738565,3.9
