county,pov,moe
Butte,49.87718633433653,13.8
Boundary,23.495516850349933,10.899999999999999
Custer,21.35314220408131,14.800000000000002
Lincoln,20.592357900624847,10.8
Boise,20.180956347470662,10.899999999999999
Washington,19.987416065501794,8.2
Valley,19.309624520928566,12
Jerome,18.980459246850266,6.5
Lewis,18.863565076656823,4.9
Owyhee,18.783808743281302,6.3
Minidoka,18.6182732529974,6.5
Gooding,18.590904273704282,7.200000000000001
Benewah,18.260863981707708,7.000000000000001
Adams,18.113612603391278,9.1
Shoshone,18.023467082752564,6
Power,17.7929465059082,9
Gem,17.755949447680102,5.700000000000001
Oneida,17.456434973089944,7.000000000000001
Camas,17.30816852987018,10.5
Nez Perce,17.236830686744742,4.8
Clearwater,17.098704421274117,6
Fremont,17.079170657378828,5.3
Twin Falls,17.047954790133506,4.3
Madison,16.876227412930405,4.4
Bear Lake,16.78577926525184,5.4
Blaine,16.728499469049932,6.199999999999999
Teton,16.696530902704517,6.800000000000001
Clark,16.654456530847074,9.6
Bonner,16.521441991754255,3.9
Payette,16.506558925393644,5.3
Cassia,16.361712342434444,4.3
Lemhi,16.261950751442644,5.1
Elmore,16.246000316864976,3.9
Franklin,16.20448833882119,5.1
Bannock,16.13070757955658,3
Latah,16.072101658361316,4
Bingham,15.910707616159492,3.0999999999999996
Idaho,15.898705599103558,4.4
Jefferson,15.831414886810915,3.2
Bonneville,15.683262082263937,2.4
Kootenai,15.64862443675927,2.3
Caribou,15.601254226286681,3.9
Canyon,15.498255307909812,1.7000000000000002
Ada,15.266477332352787,1.2
