county,pov,moe
Butte,29.30101009393039,13.8
Lewis,27.576010093930392,4.9
Boundary,25.851010093930395,10.900000000000002
Custer,19.1815084093739,14.800000000000002
Lincoln,17.855988611832263,10.8
Boise,17.383635940757006,10.900000000000002
Valley,17.096445159479174,12
Washington,16.87768229895038,8.200000000000001
Jerome,16.20884986897246,6.5
Owyhee,15.450032679712198,6.3
Gooding,15.429247749433623,7.199999999999999
Minidoka,15.399068409781114,6.5
Adams,15.240245238391648,9.1
Benewah,14.916825979837235,6.999999999999999
Power,14.831142046786857,9
Shoshone,14.8277159502802,6
Gem,14.436934370623458,5.699999999999999
Oneida,14.184604784859165,6.999999999999999
Camas,13.77681585906064,10.5
Clearwater,13.715928226682525,6
Fremont,13.625584597959856,5.3
Nez Perce,13.569453878879692,4.8
Twin Falls,13.43999943183278,4.300000000000001
Madison,13.19206724041209,4.4
Bear Lake,13.166907209327553,5.4
Blaine,12.818514598515337,6.199999999999999
Bonner,12.770395150605896,3.9
Teton,12.768940064763276,6.800000000000001
Clark,12.661189622023825,9.6
Payette,12.554364299121785,5.3
Cassia,12.433383516004712,4.300000000000001
Elmore,12.292192740588094,3.9
Bannock,12.20308230030917,3
Lemhi,11.817493358890765,5.1
Franklin,11.6758605855783,5.1
Bingham,11.658295212631032,3.0999999999999996
Latah,11.621904595135245,4
Bonneville,11.150874895816328,2.4
Jefferson,11.127957965866864,3.2
Kootenai,10.947205611471219,2.3
Canyon,10.860399141085052,1.7000000000000002
Idaho,10.770366221924661,4.4
Ada,9.704177247929508,1.2
Caribou,9.628688646722141,3.9
