county,pov,moe
Butte,25.76101009393039,13.8
Custer,25.316911180412966,14.800000000000002
Boundary,23.501739856800093,10.900000000000002
Lincoln,23.249571249245328,10.8
Boise,23.028424192410725,10.900000000000002
Valley,21.676428034799432,12
Washington,21.327464266085673,8.200000000000001
Gooding,20.356906918158906,7.199999999999999
Jerome,20.018986688888347,6.5
Minidoka,19.955311452667036,6.5
Benewah,19.83267159764797,6.999999999999999
Owyhee,19.828008750264623,6.3
Shoshone,19.48741387927633,6
Gem,19.13611211714191,5.699999999999999
Lewis,18.827387642047746,4.9
Adams,18.265294320124248,9.1
Nez Perce,18.046937340760902,4.8
Twin Falls,17.899955679620774,4.300000000000001
Fremont,17.89045426238751,5.3
Madison,17.434184673477446,4.4
Oneida,17.426235184970505,6.999999999999999
Clearwater,17.188105247668922,6
Bonner,16.655507580603725,3.9
Bannock,15.770357454642154,3
Power,15.420221395090735,9
Bear Lake,15.41670677295951,5.4
Elmore,13.97428026260141,3.9
Cassia,13.611817513917954,4.300000000000001
Bingham,11.665391358546584,3.0999999999999996
Canyon,10.31644200502675,1.7000000000000002
Payette,10.232556684640299,5.3
Bonneville,9.905061366003181,2.4
Blaine,8.682865803898975,6.199999999999999
Kootenai,8.328422712810239,2.3
Latah,7.187445737789444,4
Jefferson,6.189203293038215,3.2
Teton,6.051491231787982,6.800000000000001
Lemhi,4.9812990469817215,5.1
Franklin,4.27544552386794,5.1
Camas,3.3932516510918442,10.5
Ada,3.354814143291012,1.2
Idaho,2.653229450951923,4.4
Clark,2.3987827393278733,9.6
Caribou,2.079891642338915,3.9
