county,pov,moe
Custer,26.34067220788083,14.800000000000002
Butte,25.911010093930393,13.8
Lewis,25.83601009393039,4.9
Boundary,25.76851009393039,10.900000000000002
Boise,23.434156568374426,10.900000000000002
Lincoln,23.372631051180388,10.8
Valley,23.23959847225781,12
Washington,21.34825419356228,8.200000000000001
Gooding,20.5648096785198,7.199999999999999
Benewah,20.372365460801557,6.999999999999999
Jerome,20.02388031234222,6.5
Minidoka,20.023496667244846,6.5
Owyhee,19.867949209675412,6.3
Shoshone,19.63228720394682,6
Gem,19.393057834721336,5.699999999999999
Adams,19.235219571084738,9.1
Fremont,18.86182257448722,5.3
Nez Perce,18.64113971378627,4.8
Oneida,18.638818730288122,6.999999999999999
Clearwater,18.47293364520198,6
Twin Falls,18.288836952944543,4.300000000000001
Madison,18.2477241024692,4.4
Bonner,17.683335126664517,3.9
Bannock,16.85350172871832,3
Bear Lake,15.951250107401338,5.4
Elmore,14.005259719761048,3.9
Power,13.044678344558857,9
Cassia,12.894155192363721,4.300000000000001
Bingham,9.540577892952797,3.0999999999999996
Canyon,7.903365305607809,1.7000000000000002
Bonneville,6.899065045372072,2.4
Payette,6.22475641922092,5.3
Kootenai,5.304991662469573,2.3
Blaine,4.948117825140026,6.199999999999999
Latah,4.540564968873537,4
Jefferson,4.310602694109352,3.2
Teton,4.196088315972412,6.800000000000001
Lemhi,4.1002102535174885,5.1
Franklin,4.050226862967694,5.1
Ada,4.0200991667858235,1.2
Camas,4.0104530631354995,10.5
Idaho,4.002827415994481,4.4
Clark,4.000659847515086,9.6
Caribou,4.00002860833674,3.9
