county,pov,moe
Butte,54.876751040532426,13.8
Boundary,27.77525468263236,10.899999999999999
Custer,22.531894406430514,14.800000000000002
Lincoln,21.845547701229744,10.8
Washington,21.39112276815316,8.2
Boise,21.24760730287757,10.899999999999999
Lewis,20.84329578019,4.9
Jerome,20.112148881447222,6.5
Valley,19.969228615412863,12
Owyhee,19.82299834772691,6.3
Minidoka,19.521517180101664,6.5
Gooding,19.37638366279096,7.200000000000001
Benewah,18.91216366999103,7.000000000000001
Shoshone,18.677666785915527,6
Adams,18.55833283548004,9.1
Gem,18.322434748931617,5.700000000000001
Power,18.1509656369794,9
Oneida,17.817440352353902,7.000000000000001
Nez Perce,17.68262651656528,4.8
Camas,17.472864738705137,10.5
Twin Falls,17.464652422236103,4.3
Fremont,17.42768010030791,5.3
Clearwater,17.4149488734462,6
Madison,17.21997576329955,4.4
Bear Lake,17.030131661728916,5.4
Blaine,16.926450489679826,6.199999999999999
Teton,16.853628471321507,6.800000000000001
Bonner,16.770445977731082,3.9
Clark,16.695411687337447,9.6
Payette,16.684225711388965,5.3
Cassia,16.536926005434733,4.3
Elmore,16.40830083366569,3.9
Lemhi,16.372824426753443,5.1
Bannock,16.31337612047899,3
Franklin,16.303660429268696,5.1
Latah,16.186880751751232,4
Bingham,16.01819717774493,3.0999999999999996
Idaho,15.948889361524127,4.4
Jefferson,15.916238894818216,3.2
Bonneville,15.7626682466667,2.4
Kootenai,15.722758507842864,2.3
Caribou,15.601254226286681,3.9
Canyon,15.55836619424722,1.7000000000000002
Ada,15.286612744238722,1.2
