county,pov,moe
East Carroll,24.27626920802945,11.399999999999999
Tensas,24.08376920802945,9.6
Madison,23.910519208029452,8.600000000000001
Catahoula,23.896249580789565,11.5
St. Helena,22.616707283937902,9.9
Bienville,22.51415190711084,9.700000000000001
Red River,21.978773113052455,9.2
Union,21.96637896306825,9
Claiborne,21.737643857947532,8.7
West Carroll,21.39193680292943,9.6
Morehouse,21.33503682199043,8.200000000000001
Jackson,21.261975004707427,8.1
Evangeline,21.076805433109648,7.9
West Feliciana,21.047505913649662,12.399999999999999
Concordia,20.646192731025458,7.3
Franklin,20.387265152050666,6.999999999999999
Caldwell,19.916292730011463,8.1
Lincoln,19.38036507259432,5.800000000000001
Winn,19.26194078350018,7.500000000000001
Washington,19.19081501663672,5.800000000000001
Acadia,19.13325856452151,5.599999999999999
Webster,18.85945614304695,5.1
Richland,18.683187187827542,5.699999999999999
Sabine,18.37250042674713,5
Avoyelles,18.25576114341263,4.300000000000001
Iberia,18.171492248654424,4.4
St. Bernard,18.03393164818828,5.2
Allen,17.96718529179723,6.9
St. Landry,17.860723913547417,3.9
Natchitoches,17.086251592988095,4.7
Ouachita,17.004981007248908,3
Caddo,16.71583257384044,2.9000000000000004
Orleans,16.567095166772887,2.5
De Soto,16.382011720318875,5.599999999999999
Tangipahoa,16.229205167753673,3.8
LaSalle,15.205954222652935,7.400000000000001
St. Mary,15.187373688802147,4.300000000000001
Rapides,14.292756133525803,3.4999999999999996
Calcasieu,13.61009069959409,3.0999999999999996
Lafayette,12.517503185444465,3
Vermilion,11.976880608375389,4.7
East Baton Rouge,11.563026883908305,2.1
Jefferson,10.361361794716457,2
Vernon,10.330655026000372,3.9
Pointe Coupee,9.750300845576367,7.400000000000001
Bossier,9.414526736177775,3
Lafourche,8.390430881118323,4.2
Iberville,8.031987255526849,5.9
St. Martin,7.266855858296786,4.8
Plaquemines,6.8170111633998705,5.699999999999999
Terrebonne,6.140309958176025,3.5999999999999996
West Baton Rouge,5.983672249961206,7.500000000000001
Cameron,5.946731066257299,15.9
St. James,5.188411143347221,6.3
Jefferson Davis,4.881053757848627,5.2
St. Tammany,4.5940606358603695,2.1
Grant,4.48063033842615,5
Beauregard,4.329322702023624,4
East Feliciana,4.2419860760102575,6.7
St. John the Baptist,4.148128982821434,5.2
Assumption,4.088960559233792,6
Ascension,4.040999190180343,2.7
St. Charles,4.016867277343716,4.4
Livingston,4.002683490527678,3.0999999999999996
