county,pov,moe
East Carroll,23.981269208029452,11.399999999999999
Tensas,23.981269208029452,9.6
Madison,23.981269208029452,8.600000000000001
Catahoula,22.58699703683864,11.5
Bienville,21.426201435545895,9.700000000000001
St. Helena,21.160758741503514,9.9
Union,20.836275507674344,9
Claiborne,20.74417409008255,8.7
Red River,20.30764241495368,9.2
Morehouse,20.117265293126376,8.200000000000001
Jackson,20.09253555952657,8.1
West Feliciana,19.78253334062896,12.399999999999999
Evangeline,19.712033380574773,7.9
Concordia,19.611989879139212,7.3
West Carroll,19.365982380150903,9.6
Franklin,19.087485893573874,6.999999999999999
Caldwell,18.003286267027722,8.1
Lincoln,17.853510694422003,5.800000000000001
Acadia,17.464813098739597,5.599999999999999
Washington,17.426424196532704,5.800000000000001
Winn,17.4252281663928,7.500000000000001
Webster,17.39931080642087,5.1
Avoyelles,16.861129625973373,4.300000000000001
Richland,16.78992131516108,5.699999999999999
Sabine,16.53567275599047,5
Iberia,16.4970111022665,4.4
Allen,16.4692437457089,6.9
St. Landry,16.290630323434513,3.9
St. Bernard,16.17314436594879,5.2
Natchitoches,15.382409875746845,4.7
LaSalle,15.35859425071715,7.400000000000001
Ouachita,15.301610778624061,3
De Soto,15.23040497493375,5.599999999999999
Caddo,14.936506812025705,2.9000000000000004
Orleans,14.850006612249397,2.5
Tangipahoa,14.625036942747553,3.8
St. Mary,14.210868944533386,4.300000000000001
Rapides,13.512287622044383,3.4999999999999996
Calcasieu,13.059636428091787,3.0999999999999996
Pointe Coupee,13.028606088228273,7.400000000000001
Vermilion,12.982366493942465,4.7
Cameron,12.714791090183624,15.9
Lafayette,12.550648320035885,3
Vernon,11.969767505266022,3.9
East Baton Rouge,11.804245963001929,2.1
Iberville,11.53491175086936,5.9
Jefferson,11.254253238471543,2
Bossier,11.209946173095913,3
Lafourche,11.135609784805814,4.2
St. Martin,10.652753268766723,4.8
Plaquemines,10.612706871998855,5.699999999999999
West Baton Rouge,10.36276279007472,7.500000000000001
Terrebonne,9.355698127853518,3.5999999999999996
St. James,8.913344111661873,6.3
Jefferson Davis,8.054997115271506,5.2
Grant,6.935522121370159,5
St. Tammany,6.696729401227468,2.1
Beauregard,6.163773791085458,4
East Feliciana,6.120606056890883,6.7
St. John the Baptist,5.242962227401363,5.2
Assumption,4.728545897128737,6
Ascension,3.747705202985421,2.7
St. Charles,3.2701783631779646,4.4
Livingston,2.524195962063262,3.0999999999999996
