county,pov,moe
East Carroll,23.89126920802945,11.399999999999999
Catahoula,23.717115016068025,11.5
Tensas,22.488963543603745,9.6
Bienville,22.483266514487855,9.700000000000001
St. Helena,22.314101225024142,9.9
Union,21.908795487124664,9
Claiborne,21.756048641644814,8.7
Madison,21.709904841145022,8.600000000000001
Red River,21.471241693578648,9.2
Morehouse,21.21623200036872,8.200000000000001
Jackson,21.177084527239327,8.1
Evangeline,20.842852800783543,7.9
Concordia,20.644359221711728,7.3
West Carroll,20.344048287945128,9.6
West Feliciana,20.26330890585452,12.399999999999999
Franklin,20.203036983970552,6.999999999999999
Lincoln,18.988658530291055,5.800000000000001
Caldwell,18.882875255014696,8.1
Acadia,18.590518753182497,5.599999999999999
Washington,18.5351994167791,5.800000000000001
Webster,18.52698244192297,5.1
Winn,18.249710917000098,7.500000000000001
Avoyelles,17.97914199099954,4.300000000000001
Richland,17.78878958469224,5.699999999999999
Iberia,17.604822212601963,4.4
Sabine,17.585705021974558,5
St. Landry,17.406874042194907,3.9
St. Bernard,17.09582030931704,5.2
Allen,17.09388313171735,6.9
Ouachita,16.3743145223899,3
Natchitoches,16.15515521509549,4.7
Caddo,15.949158860365293,2.9000000000000004
Orleans,15.902748737819783,2.5
De Soto,15.704505892121045,5.599999999999999
LaSalle,15.36820620517143,7.400000000000001
Tangipahoa,15.341489808720638,3.8
St. Mary,14.617065673977619,4.300000000000001
Rapides,13.84224651990899,3.4999999999999996
Calcasieu,13.302638459538208,3.0999999999999996
Vermilion,12.7092555491089,4.7
Lafayette,12.58675851603811,3
Pointe Coupee,12.027086036795785,7.400000000000001
East Baton Rouge,11.762920670039158,2.1
Vernon,11.473055789507844,3.9
Jefferson,10.985415971679762,2
Bossier,10.634321106002995,3
Iberville,10.344843453086588,5.9
Lafourche,10.212233588896007,4.2
Cameron,9.96490651047129,15.9
St. Martin,9.41578051134367,4.8
Plaquemines,9.171652649056671,5.699999999999999
West Baton Rouge,8.52667333258972,7.500000000000001
Terrebonne,7.988426401907978,3.5999999999999996
St. James,7.034089163649285,6.3
Jefferson Davis,6.242818746269149,5.2
St. Tammany,5.177088967551192,2.1
Grant,5.144639237806597,5
Beauregard,4.516657522658455,4
East Feliciana,4.321988881924835,6.7
St. John the Baptist,3.7083921554427524,5.2
Assumption,3.31944392541869,6
Ascension,2.7707655199460985,2.7
St. Charles,2.485316166627812,4.4
Livingston,2.1573292248044105,3.0999999999999996
