county,pov,moe
East Carroll,26.041269208029448,11.399999999999999
Tensas,25.011269208029454,9.6
Madison,23.981269208029452,8.600000000000001
Catahoula,21.071057350212836,11.5
Bienville,20.42740905926094,9.700000000000001
Claiborne,20.190403908549783,8.7
Union,19.739001632972386,9
St. Helena,19.53640482445968,9.9
Jackson,18.93380984365278,8.1
Morehouse,18.86510721319517,8.200000000000001
Concordia,18.858557295415373,7.3
Red River,18.562196382760416,9.2
West Feliciana,18.27072832126839,12.399999999999999
Evangeline,18.270071084779335,7.9
Franklin,17.759567193262445,6.999999999999999
West Carroll,17.58809881089196,9.6
Caldwell,16.40621640187204,8.1
Lincoln,16.37746405042386,5.800000000000001
Webster,16.00404588882088,5.1
Acadia,15.933444411416437,5.599999999999999
Winn,15.915634579241633,7.500000000000001
Washington,15.858435640140394,5.800000000000001
Cameron,15.698114753851913,15.9
Avoyelles,15.555829447302141,4.300000000000001
Richland,15.265313703492584,5.699999999999999
Allen,15.180256213155866,6.9
Iberia,15.040521399463769,4.4
Sabine,15.031975250274979,5
St. Landry,14.899976952987636,3.9
St. Bernard,14.73754189900553,5.2
LaSalle,14.645273573040166,7.400000000000001
De Soto,14.168140326902511,5.599999999999999
Natchitoches,14.10488798177965,4.7
Ouachita,13.937679037452199,3
Caddo,13.598426016963867,2.9000000000000004
Orleans,13.524591591101807,2.5
Pointe Coupee,13.4918445389833,7.400000000000001
Tangipahoa,13.456584535389156,3.8
St. Mary,13.296988198897889,4.300000000000001
Vermilion,12.73899736301653,4.7
Rapides,12.722542077825146,3.4999999999999996
Calcasieu,12.379649981604963,3.0999999999999996
Iberville,12.376996834198053,5.9
West Baton Rouge,12.273461911652879,7.500000000000001
Lafayette,12.083939150845014,3
Vernon,12.029632903680449,3.9
Plaquemines,11.892525257090805,5.699999999999999
Lafourche,11.71733389454041,4.2
St. Martin,11.660088294406737,4.8
East Baton Rouge,11.472169339978496,2.1
Bossier,11.42077067725691,3
St. James,11.244256752029035,6.3
Jefferson,11.171573549211201,2
Terrebonne,10.721081765392764,3.5999999999999996
Jefferson Davis,10.519020458004785,5.2
Grant,9.86557392238991,5
East Feliciana,9.77449824015295,6.7
Beauregard,9.169978485592189,4
St. Tammany,9.00247745169417,2.1
St. John the Baptist,8.83095325747002,5.2
Assumption,8.591847434298426,6
Ascension,7.054709795183138,2.7
St. Charles,6.77274704574821,4.4
Livingston,5.277767220006719,3.0999999999999996
