county,pov,moe
Hampden,19.382517199097276,2
Suffolk,18.68251719909728,1.5
Franklin,17.982517199097277,3.7000000000000006
Berkshire,16.32115121191045,3.2
Bristol,14.683443877524843,1.3
Hampshire,14.552194268722193,2
Essex,14.426978641457232,1.2
Dukes,14.242258031229893,4.8
Worcester,14.147096516187151,1.1
Barnstable,13.954755795856103,1.6
Middlesex,12.921494950560962,0.658
Plymouth,12.651125912781152,1
Norfolk,10.654075309528373,0.6999999999999998
Nantucket,8.397873886949842,0.8
