county,pov,moe
Hampden,20.779239281236585,2
Suffolk,19.334429460927435,1.5
Franklin,17.883799297825206,3.7000000000000006
Berkshire,17.367389275139228,3.2
Dukes,16.12512717689577,4.8
Bristol,15.780053384104667,1.3
Hampshire,15.646260709066183,2
Essex,15.565898352838662,1.2
Worcester,15.481780958285253,1.1
Barnstable,15.470779669428273,1.6
Plymouth,15.250113467966656,1
Middlesex,15.15244037592334,0.6
Norfolk,15.129039529577467,0.6999999999999998
Nantucket,15.00012190289609,0.8
