county,pov,moe
Hampden,21.43251719909728,2
Suffolk,19.70751719909728,1.5
Franklin,17.982517199097277,3.7000000000000006
Berkshire,15.08706369277822,3.2
Dukes,14.569282039960912,4.8
Hampshire,13.498456170850645,2
Bristol,13.492890028111773,1.3
Essex,13.25334250272302,1.2
Barnstable,13.092980423429221,1.6
Worcester,13.04051521062849,1.1
Plymouth,12.39735549052042,1
Middlesex,12.337605017489283,0.658
Norfolk,11.763050959328648,0.6999999999999998
Nantucket,11.34490686688752,0.8
