county,pov,moe
Franklin,17.883799297825206,3.7000000000000006
Hampden,17.446909548423488,2
Berkshire,17.40060720058839,3.2
Suffolk,16.848750917002498,1.5
Dukes,16.630913099590348,4.8
Bristol,15.83263084359292,1.3
Hampshire,15.828068944344775,2
Essex,15.640856385988098,1.2
Barnstable,15.623397986524173,1.6
Worcester,15.558152226412075,1.1
Plymouth,15.354033945995695,1
Middlesex,15.214021563659433,0.6
Norfolk,15.209686979437203,0.6999999999999998
Nantucket,15.123334200263935,0.8
