county,pov,moe
Franklin,17.892517199097277,3.7000000000000006
Berkshire,17.470031800086417,3.2
Hampden,16.568117404917444,2
Suffolk,16.178588053688085,1.5
Hampshire,16.09316549876927,2
Bristol,15.951215098014046,1.3
Essex,15.802819510125804,1.2
Worcester,15.607628248563735,1.1
Barnstable,15.464286806072344,1.6
Middlesex,14.254022629707888,0.658
Dukes,14.193616618719048,4.8
Plymouth,13.59974165506095,1
Norfolk,9.161557868019203,0.6999999999999998
Nantucket,4.762691609158447,0.8
