county,pov,moe
Franklin,17.883799297825206,3.7000000000000006
Hampden,17.464500342917642,2
Berkshire,17.398116782453314,3.2
Suffolk,16.84837525718823,1.5
Dukes,16.63694994469818,4.8
Bristol,15.831613114554772,1.3
Hampshire,15.827277545324867,2
Essex,15.642602523032071,1.2
Barnstable,15.623905408551245,1.6
Worcester,15.558770026292695,1.1
Plymouth,15.353846679779585,1
Middlesex,15.21424502300778,0.6
Norfolk,15.21025952896322,0.6999999999999998
Nantucket,15.123334200263935,0.8
