county,pov,moe
Franklin,17.883799297825206,3.7000000000000006
Berkshire,17.429454584563302,3.2
Dukes,17.205223583513206,4.8
Hampden,17.029665889348617,2
Suffolk,16.522249417011466,1.5
Hampshire,16.028862838507596,2
Bristol,15.88698006129539,1.3
Barnstable,15.794382786158742,1.6
Essex,15.727169941254655,1.2
Worcester,15.64399565773713,1.1
Plymouth,15.469134898251394,1
Norfolk,15.300039561832227,0.6999999999999998
Middlesex,15.282949176419331,0.6
Nantucket,15.25516748681787,0.8
