county,pov,moe
Hampden,24.642517199097277,2
Suffolk,21.267517199097277,1.5
Franklin,18.230017199097276,3.7000000000000006
Berkshire,17.448468490332232,3.2
Bristol,15.9407095083487,1.3
Hampshire,15.85632784167872,2
Essex,15.787507453802126,1.2
Worcester,15.541659067127304,1.1
Barnstable,14.852184789630856,1.6
Middlesex,12.969869501572626,0.658
Plymouth,11.102047324817935,1
Dukes,9.424379502933965,4.8
Norfolk,5.692135705527007,0.6999999999999998
Nantucket,4.244659216936706,0.8
