county,pov,moe
Franklin,17.883799297825206,3.7000000000000006
Dukes,17.873119226128267,4.8
Berkshire,17.461435887376453,3.2
Hampden,16.761347537960937,2
Suffolk,16.3210106534707,1.5
Hampshire,16.263732320498754,2
Barnstable,15.99370978337632,1.6
Bristol,15.947082010003472,1.3
Essex,15.822850422999506,1.2
Worcester,15.741228843899806,1.1
Plymouth,15.604486079892748,1
Nantucket,15.409472816396526,0.8
Norfolk,15.405795608360934,0.6999999999999998
Middlesex,15.363584970627327,0.6
