county,pov,moe
Hampden,18.342517199097276,2
Suffolk,18.11751719909728,1.5
Franklin,17.915017199097278,3.7000000000000006
Berkshire,17.451157961782528,3.2
Hampshire,16.244461893505683,2
Bristol,15.960056197913708,1.3
Essex,15.852160620194123,1.2
Worcester,15.706560886832605,1.1
Barnstable,15.626680785859046,1.6
Middlesex,14.328701127816966,0.658
Plymouth,13.288625750366418,1
Dukes,12.390248165791876,4.8
Norfolk,7.262144582961757,0.6999999999999998
Nantucket,4.514150429680911,0.8
