county,pov,moe
Franklin,17.892517199097277,3.7000000000000006
Berkshire,17.44936656940533,3.2
Hampden,16.568117404917444,2
Hampshire,16.250839888293818,2
Suffolk,16.178588053688085,1.5
Bristol,15.95335379308494,1.3
Essex,15.839992547068618,1.2
Barnstable,15.694595960740806,1.6
Worcester,15.693043533205406,1.1
Middlesex,14.538521995718302,0.658
Dukes,14.348250315528654,4.8
Plymouth,13.901559463673651,1
Norfolk,8.739909964420203,0.6999999999999998
Nantucket,3.9513433111575624,0.8
