county,pov,moe
Hampden,19.692517199097274,2
Suffolk,18.79251719909728,1.5
Franklin,17.982517199097277,3.7000000000000006
Berkshire,17.450771378883083,3.2
Hampshire,16.187997922642282,2
Bristol,15.957371631704598,1.3
Essex,15.843171413588209,1.2
Worcester,15.683469139375017,1.1
Barnstable,15.510433090376669,1.6
Middlesex,14.113053388269531,0.658
Plymouth,12.886947947732391,1
Dukes,11.657029757344713,4.8
Norfolk,6.815441407379589,0.6999999999999998
Nantucket,4.4267613254120635,0.8
