county,pov,moe
Hampden,20.892517199097277,2
Suffolk,19.392517199097277,1.5
Franklin,18.042517199097276,3.7000000000000006
Berkshire,17.45296084177499,3.2
Hampshire,16.441089405928828,2
Bristol,15.97214648600489,1.3
Barnstable,15.944634156325785,1.6
Essex,15.890607100491858,1.2
Worcester,15.797760995560973,1.1
Middlesex,14.64620861948432,0.658
Plymouth,13.063068243611411,1
Dukes,10.280663072962184,4.8
Norfolk,5.135128889191161,0.6999999999999998
Nantucket,4.048180591371764,0.8
