county,pov,moe
Hampden,20.08251719909728,2
Suffolk,19.032517199097278,1.5
Franklin,17.982517199097277,3.7000000000000006
Berkshire,15.947714971123137,3.2
Dukes,14.344734855259917,4.8
Bristol,14.243087269222665,1.3
Hampshire,14.043274461461506,2
Essex,13.942327648565476,1.2
Worcester,13.650351035358144,1.1
Barnstable,13.506888155146143,1.6
Middlesex,12.588631156638593,0.658
Plymouth,12.468830502712509,1
Norfolk,11.20051426277878,0.6999999999999998
Nantucket,9.966094084441279,0.8
