county,pov,moe
Hampden,22.767517199097277,2
Suffolk,20.330017199097277,1.5
Franklin,18.13626719909728,3.7000000000000006
Berkshire,17.45277492440047,3.2
Hampshire,16.317081734826104,2
Bristol,15.969595942696756,1.3
Essex,15.878313080925569,1.2
Worcester,15.756437093737908,1.1
Barnstable,15.640310026472257,1.6
Middlesex,14.020186516305595,0.658
Plymouth,12.043068339206087,1
Dukes,9.449773714118798,4.8
Norfolk,5.161680153412586,0.6999999999999998
Nantucket,4.076976876607508,0.8
