county,pov,moe
Hampden,17.982517199097277,2
Suffolk,17.982517199097277,1.5
Franklin,17.982517199097277,3.7000000000000006
Berkshire,16.466070672774492,3.2
Hampshire,15.105316896307542,2
Bristol,14.933855649902794,1.3
Essex,14.77818749970878,1.2
Dukes,14.650452814601293,4.8
Worcester,14.589369112802423,1.1
Barnstable,14.559269529489011,1.6
Middlesex,13.514772690729885,0.658
Plymouth,13.201231713227232,1
Norfolk,10.415804656309092,0.6999999999999998
Nantucket,6.83811716685562,0.8
