county,pov,moe
Hampden,22.452517199097276,2
Suffolk,20.21751719909728,1.5
Franklin,17.982517199097277,3.7000000000000006
Dukes,14.929794744118663,4.8
Berkshire,13.957235128187556,3.2
Hampshire,13.15720895656309,2
Barnstable,12.896327777621217,1.6
Bristol,12.724831575664695,1.3
Essex,12.654075382483235,1.2
Worcester,12.584765617904093,1.1
Plymouth,12.502993061930532,1
Nantucket,12.352340562667944,0.8
Norfolk,12.299419832990193,0.6999999999999998
Middlesex,12.288455762576914,0.658
