county,pov,moe
Hampden,20.142517199097277,2
Suffolk,19.017517199097277,1.5
Franklin,18.005017199097274,3.7000000000000006
Berkshire,17.45294598100921,3.2
Hampshire,16.435274158769,2
Bristol,15.971934627702266,1.3
Barnstable,15.940560559085407,1.6
Essex,15.88964930536037,1.2
Worcester,15.795013003113596,1.1
Middlesex,14.677617490478767,0.658
Plymouth,13.268754439265182,1
Dukes,10.902668358568304,4.8
Norfolk,5.4283082749479705,0.6999999999999998
Nantucket,4.07222220440811,0.8
