county,pov,moe
Hampden,18.167517199097276,2
Suffolk,18.030017199097276,1.5
Franklin,17.90626719909728,3.7000000000000006
Berkshire,17.452961135391025,3.2
Hampshire,16.465814134691147,2
Barnstable,16.03827366763774,1.6
Bristol,15.97225097943325,1.3
Essex,15.891615311414911,1.2
Worcester,15.80328777399198,1.1
Middlesex,14.964968199843998,0.658
Plymouth,14.047085209986477,1
Dukes,12.237397629011838,4.8
Norfolk,5.925309651111594,0.6999999999999998
Nantucket,4.097234710194208,0.8
