county,pov,moe
Hampden,18.49251719909728,2
Suffolk,18.192517199097278,1.5
Franklin,17.92251719909728,3.7000000000000006
Berkshire,17.452986447543857,3.2
Hampshire,16.501051968286085,2
Barnstable,16.133007836572563,1.6
Bristol,15.972718459782984,1.3
Essex,15.894315860458844,1.2
Worcester,15.813676347142348,1.1
Middlesex,15.174069409311741,0.658
Plymouth,14.374861691306204,1
Dukes,11.85616728773719,4.8
Norfolk,5.192400943267954,0.6999999999999998
Nantucket,4.027192151299061,0.8
