county,pov,moe
Franklin,17.883799297825206,3.7000000000000006
Dukes,17.870327167149764,4.8
Berkshire,17.462300033743062,3.2
Hampden,16.759172509709988,2
Suffolk,16.32105646792007,1.5
Hampshire,16.264091500047076,2
Barnstable,15.993477736878067,1.6
Bristol,15.947481733175561,1.3
Essex,15.82210405864902,1.2
Worcester,15.740960318196977,1.1
Plymouth,15.604572471284788,1
Nantucket,15.409472816396526,0.8
Norfolk,15.405529436063107,0.6999999999999998
Middlesex,15.363481945021434,0.6
