county,pov,moe
Hampden,18.192517199097278,2
Suffolk,18.042517199097276,1.5
Franklin,17.907517199097278,3.7000000000000006
Berkshire,17.452938777021227,3.2
Hampshire,16.451498306341943,2
Barnstable,16.004496622655186,1.6
Bristol,15.971944429809312,1.3
Essex,15.890146860122375,1.2
Worcester,15.798441595458915,1.1
Middlesex,14.898767823689099,0.658
Plymouth,13.945744956409523,1
Dukes,12.24303781380842,4.8
Norfolk,6.0773509796452645,0.6999999999999998
Nantucket,4.1230802377468905,0.8
