county,pov,moe
Hampden,20.04251719909728,2
Suffolk,19.012517199097278,1.5
Franklin,17.982517199097277,3.7000000000000006
Berkshire,16.112476425460592,3.2
Bristol,14.417192304551573,1.3
Dukes,14.228769870924522,4.8
Hampshire,14.201278345365184,2
Essex,14.119415756114783,1.2
Worcester,13.818574415085774,1.1
Barnstable,13.630095020500946,1.6
Middlesex,12.660805650780645,0.658
Plymouth,12.47588878919901,1
Norfolk,10.943536008185301,0.6999999999999998
Nantucket,9.354415816539815,0.8
