county,pov,moe
Hampden,28.892517199097277,2
Suffolk,23.392517199097277,1.5
Franklin,18.442517199097278,3.7000000000000006
Berkshire,17.024877331660175,3.2
Bristol,15.084901081200552,1.3
Essex,14.47832849621421,1.2
Worcester,13.81284319401267,1.1
Hampshire,13.673867509171018,2
Barnstable,12.626056896818927,1.6
Middlesex,11.233792090590997,0.658
Dukes,10.462979761838401,4.8
Plymouth,10.36758783102142,1
Norfolk,7.651405193197047,0.6999999999999998
Nantucket,5.855809016982777,0.8
