county,pov,moe
Hampden,23.392517199097277,2
Suffolk,20.642517199097277,1.5
Franklin,17.892517199097277,3.7000000000000006
Berkshire,17.167122801958335,3.2
Bristol,15.371168945425712,1.3
Essex,14.919791678767885,1.2
Hampshire,14.482404831670543,2
Worcester,14.412325306047755,1.1
Barnstable,13.579996463718565,1.6
Middlesex,12.271234407987055,0.658
Dukes,11.98113358657704,4.8
Plymouth,11.538598901448838,1
Norfolk,8.752815786292027,0.6999999999999998
Nantucket,6.595855692814395,0.8
