county,pov,moe
Hampden,21.892517199097277,2
Suffolk,19.892517199097277,1.5
Franklin,17.892517199097277,3.7000000000000006
Berkshire,17.443418262535022,3.2
Bristol,15.922377303836283,1.3
Hampshire,15.843534309485305,2
Essex,15.753338327654056,1.2
Worcester,15.500876461037786,1.1
Barnstable,14.962094286777347,1.6
Middlesex,13.35589768157134,0.658
Plymouth,11.991879936190225,1
Dukes,11.100732814152755,4.8
Norfolk,6.841939851838477,0.6999999999999998
Nantucket,4.606359167629556,0.8
