county,pov,moe
Hampden,18.277517199097275,2
Suffolk,18.08501719909728,1.5
Franklin,17.911767199097277,3.7000000000000006
Berkshire,17.45260363880016,3.2
Hampshire,16.36830825052706,2
Bristol,15.968845271235702,1.3
Essex,15.878289190839851,1.2
Barnstable,15.835368775694278,1.6
Worcester,15.765581530188303,1.1
Middlesex,14.61496865077902,0.658
Plymouth,13.580496325465477,1
Dukes,12.299075223167764,4.8
Norfolk,6.686248185469126,0.6999999999999998
Nantucket,4.27591336054141,0.8
