county,pov,moe
Somerset,21.689481817148433,7.7
Dorchester,20.06613390158482,6.5
Caroline,17.914381976097122,4.4
Kent,17.02341327565256,4.7
Garrett,16.992050852989575,3.9
Talbot,16.979277524446122,4.4
Wicomico,16.839541967949884,3.4000000000000004
Allegany,16.75395244233783,3.0999999999999996
Cecil,16.56775107154634,3.2
Baltimore,16.533817749212883,1.9
Worcester,16.35838651091949,3.0999999999999996
Washington,16.309138244500854,2.4
Queen Anne's,15.930308016105085,2.4
St. Mary's,15.930308016105085,2.4
Harford,15.640748288196637,1.6
Charles,15.62221625537082,1.7000000000000002
Baltimore,15.548015349122906,1.1
Prince George's,15.525447034742118,1.1
Calvert,15.510334973635743,1.6
Howard,15.4574071746535,1.3
Frederick,15.443495963118394,1.2
Anne Arundel,15.36957996926533,1
Carroll,15.330964146899584,1
Montgomery,15.3159548415014,0.8
