county,pov,moe
Somerset,21.458752008932173,7.7
Baltimore,21.23375200893217,1.9
Dorchester,21.03125200893217,6.5
Caroline,18.386639235485273,4.4
Garrett,17.92291100021112,3.9
Talbot,17.86724477147176,4.4
Wicomico,17.569284378470773,3.4000000000000004
Kent,17.438143680223323,4.7
Allegany,17.36828848817067,3.0999999999999996
Cecil,17.253004849178634,3.2
Washington,16.81219193174069,2.4
Worcester,16.656462256530258,3.0999999999999996
Baltimore,15.711524633270002,1.1
Prince George's,15.547782506441948,1.1
Harford,14.803961964472132,1.6
Queen Anne's,13.74986644732942,2.4
Montgomery,13.672537374461285,0.8
St. Mary's,12.514383053748931,2.4
Anne Arundel,10.43227166845009,1
Frederick,8.846934040738159,1.2
Charles,7.234587241448907,1.7000000000000002
Howard,5.70686157590769,1.3
Carroll,4.665523292334667,1
Calvert,4.115839583117667,1.6
