county,pov,moe
Somerset,21.00875200893217,7.7
Dorchester,20.073881565981704,6.5
Kent,18.59781889967633,4.7
Caroline,18.38785828773928,4.4
Talbot,18.384448620905346,4.4
Garrett,17.9982882596872,3.9
Wicomico,17.60878986216266,3.4000000000000004
Cecil,17.45257357192312,3.2
Allegany,17.3750817990496,3.0999999999999996
Worcester,17.36663659541201,3.0999999999999996
Washington,16.829739195599437,2.4
Baltimore,16.490211534671573,1.9
Queen Anne's,16.443033216928114,2.4
Harford,16.15373308000224,1.6
Baltimore,15.816843985108708,1.1
Prince George's,15.815907423565395,1.1
St. Mary's,15.776942590631363,2.4
Montgomery,15.450828134546368,0.8
Anne Arundel,13.127084789686094,1
Frederick,9.694993261436823,1.2
Charles,5.331393559680143,1.7000000000000002
Howard,2.7364076599436737,1.3
Carroll,2.0774493266236664,1
Calvert,2.0013027701069555,1.6
