county,pov,moe
Somerset,23.158752008932172,7.7
Baltimore,22.128752008932175,1.9
Dorchester,21.098752008932173,6.5
Caroline,17.051836329482022,4.4
Garrett,15.935097746579741,3.9
Allegany,15.844811298759598,3.0999999999999996
Wicomico,15.732070096416443,3.4000000000000004
Talbot,15.592190532259517,4.4
Kent,15.378797547340847,4.7
Washington,15.155006151331099,2.4
Cecil,15.11179219951674,3.2
Worcester,14.51385433708125,3.0999999999999996
Baltimore,13.774442319906626,1.1
Prince George's,13.483286875967023,1.1
Queen Anne's,13.154920132365083,2.4
Harford,13.116335312901564,1.6
St. Mary's,12.866501620906764,2.4
Montgomery,12.384630259252203,0.8
Anne Arundel,11.705643813362487,1
Frederick,11.457135809440484,1.2
Charles,11.278170529905863,1.7000000000000002
Howard,10.472712446944051,1.3
Carroll,9.487124889667472,1
Calvert,8.11738372381653,1.6
