county,pov,moe
Somerset,37.25007123276084,7.7
Dorchester,33.78252766401889,6.5
Baltimore,20.49027731717475,1.9
Caroline,19.730526490321466,4.4
Garrett,17.569032144504007,3.9
Wicomico,17.45747607221406,3.4000000000000004
Allegany,17.416156168448147,3.0999999999999996
Talbot,17.382727451347954,4.4
Kent,17.381623134769647,4.7
Cecil,16.974752164568933,3.2
Washington,16.75826956396772,2.4
Worcester,16.613375316197313,3.0999999999999996
Queen Anne's,16.037605139998423,2.4
St. Mary's,16.037605139998423,2.4
Harford,15.726799739361017,1.6
Baltimore,15.696740448872799,1.1
Charles,15.673223658145721,1.7000000000000002
Prince George's,15.652820637476758,1.1
Calvert,15.510334973635743,1.6
Howard,15.48434071571807,1.3
Frederick,15.48236010770141,1.2
Anne Arundel,15.401966756417842,1
Montgomery,15.355829810992269,0.8
Carroll,15.33840135963141,1
