county,pov,moe
Somerset,22.12243139639463,7.7
Dorchester,20.06613390158482,6.5
Caroline,17.69454815871307,4.4
Garrett,16.592657273824972,3.9
Baltimore,16.561806581823635,1.9
Wicomico,16.52792340984278,3.4000000000000004
Allegany,16.491701832752437,3.0999999999999996
Talbot,16.442863126203136,4.4
Kent,16.426823090853567,4.7
Cecil,16.220593955223787,3.2
Washington,16.094795710001566,2.4
Worcester,15.970436532157633,3.0999999999999996
St. Mary's,15.590765836842053,2.4
Queen Anne's,15.589096370407221,2.4
Baltimore,15.430976938066543,1.1
Harford,15.420467418686451,1.6
Prince George's,15.401930521657361,1.1
Charles,15.370196248457594,1.7000000000000002
Frederick,15.26593609475046,1.2
Howard,15.257690417383127,1.3
Calvert,15.246668400527868,1.6
Anne Arundel,15.221998681387158,1
Montgomery,15.204235883414196,0.8
Carroll,15.169570033908778,1
