county,pov,moe
Somerset,24.548752008932173,7.7
Baltimore,22.82375200893217,1.9
Dorchester,21.098752008932173,6.5
Caroline,15.90349253776511,4.4
Garrett,14.894802203732596,3.9
Kent,14.844689528074229,4.7
Talbot,14.839844420716041,4.4
Allegany,14.741843130738413,3.0999999999999996
Wicomico,14.66854349733924,3.4000000000000004
Cecil,14.237842383408445,3.2
Washington,14.112072755179481,2.4
Worcester,13.910244682592024,3.0999999999999996
Queen Anne's,13.10214894750524,2.4
St. Mary's,12.999099923905113,2.4
Baltimore,12.937935602339056,1.1
Harford,12.781056795805897,1.6
Prince George's,12.777648769508978,1.1
Montgomery,12.19148045258119,0.8
Charles,12.189356615682845,1.7000000000000002
Frederick,12.032326139326992,1.2
Anne Arundel,12.029691034851053,1
Howard,11.773639209062146,1.3
Carroll,11.353451003371186,1
Calvert,11.207534339718151,1.6
