county,pov,moe
Somerset,23.798752008932173,7.7
Baltimore,22.448752008932175,1.9
Dorchester,21.098752008932173,6.5
Caroline,16.62729797409894,4.4
Garrett,15.444468799857317,3.9
Allegany,15.390485740296317,3.0999999999999996
Wicomico,15.247828305433616,3.4000000000000004
Talbot,15.191110274342371,4.4
Kent,15.069546807869038,4.7
Washington,14.69985951082016,2.4
Cecil,14.673605136292231,3.2
Worcester,14.180184630667696,3.0999999999999996
Baltimore,13.367324652221296,1.1
Prince George's,13.118808005564626,1.1
Queen Anne's,13.081519062463197,2.4
Harford,12.908160232877902,1.6
St. Mary's,12.886851794283642,2.4
Montgomery,12.246430816705246,0.8
Anne Arundel,11.828925155336856,1
Frederick,11.712457149500327,1.2
Charles,11.712078759105388,1.7000000000000002
Howard,11.119050304982496,1.3
Carroll,10.440335321082884,1
Calvert,9.707415539401916,1.6
