county,pov,moe
Somerset,21.00875200893217,7.7
Dorchester,20.073881565981704,6.5
Kent,18.460272454083658,4.7
Caroline,18.387855309113522,4.4
Talbot,18.34531353218378,4.4
Garrett,17.996313809856794,3.9
Wicomico,17.60805184396537,3.4000000000000004
Cecil,17.443163135699326,3.2
Allegany,17.37503431954729,3.0999999999999996
Worcester,17.297451567075793,3.0999999999999996
Washington,16.829519915993764,2.4
Baltimore,16.490211534671573,1.9
Harford,15.942650779767806,1.6
Queen Anne's,15.815671947039705,2.4
Baltimore,15.812902156912525,1.1
Prince George's,15.798911022988598,1.1
Montgomery,15.099932801830352,0.8
St. Mary's,14.88479626809324,2.4
Anne Arundel,12.35719572624601,1
Frederick,9.884475797553689,1.2
Charles,6.7543151382300115,1.7000000000000002
Howard,3.876858789430482,1.3
Carroll,2.429603124490299,1
Calvert,2.02686545031252,1.6
