county,pov,moe
Somerset,22.208752008932173,7.7
Baltimore,21.60875200893217,1.9
Dorchester,21.068752008932172,6.5
Caroline,18.387829261134414,4.4
Talbot,18.215662271330316,4.4
Kent,18.049923520822368,4.7
Garrett,17.987597426528872,3.9
Wicomico,17.60448772087038,3.4000000000000004
Cecil,17.408454964295068,3.2
Allegany,17.37473131064494,3.0999999999999996
Worcester,17.08766932142214,3.0999999999999996
Washington,16.828349902729542,2.4
Baltimore,15.798010327544846,1.1
Prince George's,15.743647474251182,1.1
Harford,15.389086881413474,1.6
Montgomery,14.241445876017627,0.8
Queen Anne's,14.240302356529558,2.4
St. Mary's,12.575376686111808,2.4
Anne Arundel,9.854075911109609,1
Frederick,7.64921578036291,1.2
Charles,5.829889848169331,1.7000000000000002
Howard,4.671280073967182,1.3
Carroll,4.163864571412324,1
Calvert,4.012842486535629,1.6
