county,pov,moe
Somerset,24.00875200893217,7.7
Baltimore,22.50875200893217,1.9
Dorchester,21.158752008932172,6.5
Caroline,18.387848119654755,4.4
Talbot,18.243808970705118,4.4
Kent,18.0852801185499,4.7
Garrett,17.991480698566587,3.9
Wicomico,17.606266935204765,3.4000000000000004
Cecil,17.419816553413835,3.2
Allegany,17.37492089678189,3.0999999999999996
Worcester,17.116462177929428,3.0999999999999996
Washington,16.828998155760864,2.4
Baltimore,15.80347675619601,1.1
Prince George's,15.757198611256525,1.1
Harford,15.370483558470402,1.6
Montgomery,14.130986681554909,0.8
Queen Anne's,13.982791571014646,2.4
St. Mary's,12.086862382486746,2.4
Anne Arundel,9.174440418656753,1
Frederick,7.002355815128097,1.2
Charles,5.397817584921939,1.7000000000000002
Howard,4.459778786093644,1.3
Carroll,4.096719739039881,1
Calvert,4.005949441816761,1.6
