county,pov,moe
Somerset,21.00875200893217,7.7
Baltimore,21.00875200893217,1.9
Dorchester,21.00875200893217,6.5
Kent,18.428572159929267,4.7
Caroline,18.387857990358068,4.4
Talbot,18.350136574520754,4.4
Garrett,17.99743416854146,3.9
Wicomico,17.608534024334112,3.4000000000000004
Cecil,17.446715628928445,3.2
Allegany,17.375072913544496,3.0999999999999996
Worcester,17.29577542614934,3.0999999999999996
Washington,16.829681168215206,2.4
Harford,15.85099033087708,1.6
Baltimore,15.814826646472838,1.1
Prince George's,15.803625627205397,1.1
Queen Anne's,15.07601326858331,2.4
Montgomery,14.84503624927464,0.8
St. Mary's,13.272717116857708,2.4
Anne Arundel,9.9025099939592,1
Frederick,7.13095551541355,1.2
Charles,5.208012146454216,1.7000000000000002
Howard,4.303559663518904,1.3
Carroll,4.044292912421188,1
Calvert,4.001424447643469,1.6
