county,pov,moe
Somerset,25.008752008932174,7.7
Baltimore,23.00875200893217,1.9
Dorchester,21.00875200893217,6.5
Caroline,18.382397483059545,4.4
Garrett,17.812558587303712,3.9
Wicomico,17.501631908424212,3.4000000000000004
Talbot,17.444630799440347,4.4
Allegany,17.35128021241351,3.0999999999999996
Cecil,17.029114966523,3.2
Washington,16.776109071547623,2.4
Kent,16.774595578907235,4.7
Worcester,16.148362386301475,3.0999999999999996
Baltimore,15.569862857801118,1.1
Prince George's,15.273489580865288,1.1
Harford,14.112956241243513,1.6
Queen Anne's,12.94919395071451,2.4
Montgomery,12.924172005375448,0.8
St. Mary's,11.810849683172012,2.4
Anne Arundel,9.932489225088068,1
Frederick,8.65684745896613,1.2
Charles,7.380763320369385,1.7000000000000002
Howard,6.00222482577848,1.3
Carroll,4.922458460227382,1
Calvert,4.2177553696815115,1.6
