county,pov,moe
Washington,19.637858290818386,2.9000000000000004
Oxford,19.037858290818384,4.4
Piscataquis,19.03331992042316,5.3
Franklin,18.538713684993855,4.8
Somerset,18.497858290818385,4.2
Androscoggin,17.761896267520193,3.5999999999999996
Waldo,17.739404316737918,4.1000000000000005
Kennebec,17.28368496101722,3
Lincoln,17.24658026656743,4.300000000000001
Aroostook,17.219120825342777,2.9000000000000004
Penobscot,14.60254846414604,2.4
Hancock,12.455803724719038,3.2999999999999994
Knox,8.797943393470213,3.9
Sagadahoc,5.799734196158307,5.699999999999999
York,4.329095884900016,2.3
Cumberland,4.018579221548646,1.3
