county,pov,moe
Oxford,19.231213705460696,4.4
Washington,18.51608345953133,2.9000000000000004
Somerset,18.27350190563942,4.2
Piscataquis,18.140650683956267,5.3
Franklin,17.70195016903146,4.8
Androscoggin,17.386431953018068,3.6000000000000005
Waldo,17.152415195141128,4.1
Lincoln,17.104160562238942,4.3
Aroostook,17.018097677887077,2.9000000000000004
Sagadahoc,17.01532214618783,5.700000000000001
Kennebec,16.833983725854004,3
Knox,16.55103012555847,3.9
Hancock,16.34162629827137,3.3000000000000003
Penobscot,16.17069267867756,2.4
York,15.597524183087188,2.3
Cumberland,15.200418075428892,1.3
