county,pov,moe
Washington,23.379896957793044,2.9000000000000004
Oxford,19.60751431496632,4.4
Somerset,18.27350190563942,4.2
Piscataquis,17.870546011011925,5.3
Franklin,17.424625331468537,4.8
Androscoggin,17.264696497341706,3.6000000000000005
Aroostook,16.94534862934647,2.9000000000000004
Waldo,16.880788901682966,4.1
Lincoln,16.785705504600926,4.3
Kennebec,16.694343868610748,3
Sagadahoc,16.423681970448996,5.700000000000001
Knox,16.184440774884802,3.9
Hancock,16.037838506148656,3.3000000000000003
Penobscot,15.992139753589493,2.4
York,15.308163726505313,2.3
Cumberland,15.00019809220615,1.3
