county,pov,moe
Piscataquis,19.110304179513104,5.3
Franklin,18.697785125406412,4.8
Oxford,18.437858290818383,4.4
Somerset,18.28204655032664,4.2
Waldo,18.081749276063057,4.1000000000000005
Lincoln,18.01336096805149,4.300000000000001
Androscoggin,17.794368485378474,3.5999999999999996
Kennebec,17.325480127374032,3
Washington,17.269270237130296,2.9000000000000004
Aroostook,17.24926258776429,2.9000000000000004
Penobscot,15.948482787027125,2.4
Hancock,14.763994576134404,3.2999999999999994
Knox,10.819354876715268,3.9
Sagadahoc,5.6628961331513725,5.699999999999999
York,2.526919387979196,2.3
Cumberland,2.016866411166422,1.3
