county,pov,moe
Oxford,19.23441604321759,4.4
Washington,18.514485259698976,2.9000000000000004
Somerset,18.27350190563942,4.2
Piscataquis,18.14237847764147,5.3
Franklin,17.707884526300045,4.8
Androscoggin,17.38100918148248,3.6000000000000005
Waldo,17.15610319749935,4.1
Lincoln,17.105250577879396,4.3
Sagadahoc,17.02060183907298,5.700000000000001
Aroostook,17.016878597195376,2.9000000000000004
Kennebec,16.83243612049369,3
Knox,16.55534725083782,3.9
Hancock,16.346143676113662,3.3000000000000003
Penobscot,16.17502357835129,2.4
York,15.59544628032553,2.3
Cumberland,15.200418075428892,1.3
