county,pov,moe
Piscataquis,19.08723607399698,5.3
Franklin,18.689526682685187,4.8
Washington,18.437858290818383,2.9000000000000004
Oxford,18.437858290818383,4.4
Somerset,18.437858290818383,4.2
Waldo,18.10644104009612,4.1000000000000005
Lincoln,18.084275431968216,4.300000000000001
Androscoggin,17.764596330606736,3.5999999999999996
Kennebec,17.29697602516077,3
Aroostook,17.219270088073586,2.9000000000000004
Penobscot,15.938671221106723,2.4
Hancock,13.735404973056506,3.2999999999999994
Knox,8.02753019565536,3.9
Sagadahoc,4.690502621928857,5.699999999999999
York,4.045535955166678,2.3
Cumberland,4.0004584880431455,1.3
