county,pov,moe
Washington,20.587858290818385,2.9000000000000004
Oxford,19.557858290818388,4.4
Somerset,18.527858290818386,4.2
Piscataquis,16.140036272914088,5.3
Androscoggin,15.70939789078757,3.5999999999999996
Aroostook,15.632998592784928,2.9000000000000004
Franklin,15.406430550814616,4.8
Kennebec,14.917360354764234,3
Waldo,14.54023810715372,4.1000000000000005
Lincoln,14.226592565299883,4.300000000000001
Penobscot,12.60088313695911,2.4
Hancock,12.597074908950548,3.2999999999999994
Sagadahoc,12.315946001690719,5.699999999999999
Knox,12.27255922333232,3.9
York,9.590987425493188,2.3
Cumberland,7.375920096599925,1.3
