county,pov,moe
Washington,21.437858290818383,2.9000000000000004
Oxford,19.937858290818383,4.4
Piscataquis,19.044095067115816,5.3
Somerset,18.587858290818385,4.2
Franklin,18.554228591871244,4.8
Androscoggin,17.762949402084967,3.5999999999999996
Waldo,17.738374098007842,4.1000000000000005
Kennebec,17.287379170862994,3
Aroostook,17.219200969770426,2.9000000000000004
Lincoln,17.152796759830288,4.300000000000001
Penobscot,14.216711764660209,2.4
Hancock,11.620669019738973,3.2999999999999994
Knox,7.896587565613053,3.9
Sagadahoc,5.339447237658668,5.699999999999999
York,4.195885629158026,2.3
Cumberland,4.008099851172334,1.3
