county,pov,moe
Oxford,18.923831477456424,4.4
Piscataquis,18.43485897445821,5.3
Somerset,18.27350190563942,4.2
Franklin,18.006130382673966,4.8
Washington,17.92277394139003,2.9000000000000004
Sagadahoc,17.672853166457074,5.700000000000001
Androscoggin,17.5160382033706,3.6000000000000005
Lincoln,17.457434170762767,4.3
Waldo,17.45238980479486,4.1
Aroostook,17.094456181394353,2.9000000000000004
Kennebec,16.98529980478645,3
Knox,16.959228185913567,3.9
Hancock,16.679928815465413,3.3000000000000003
Penobscot,16.368798535550035,2.4
York,15.915348417999756,2.3
Cumberland,15.41464716607904,1.3
