county,pov,moe
Piscataquis,18.761618072764232,5.3
Oxford,18.661756713431185,4.4
Sagadahoc,18.447266314207976,5.700000000000001
Franklin,18.349565043739137,4.8
Somerset,18.27350190563942,4.2
Lincoln,17.863006055957513,4.3
Waldo,17.794496288994786,4.1
Androscoggin,17.653043818342756,3.6000000000000005
Washington,17.54652479258718,2.9000000000000004
Knox,17.437958912794098,3.9
Aroostook,17.17450857069255,2.9000000000000004
Kennebec,17.151059873595848,3
Hancock,17.076587829288282,3.3000000000000003
Penobscot,16.5979568684414,2.4
York,16.288927100423578,2.3
Cumberland,15.665393326644356,1.3
