county,pov,moe
Washington,19.937858290818383,2.9000000000000004
Oxford,19.187858290818387,4.4
Piscataquis,19.0527103527179,5.3
Franklin,18.581933254757796,4.8
Somerset,18.437858290818383,4.2
Waldo,17.816406560957347,4.1000000000000005
Androscoggin,17.763268911503015,3.5999999999999996
Lincoln,17.36052291842055,4.300000000000001
Kennebec,17.28926171803219,3
Aroostook,17.219214287829463,2.9000000000000004
Penobscot,14.633101947240304,2.4
Hancock,12.319353729599753,3.2999999999999994
Knox,8.524341709791292,3.9
Sagadahoc,5.624652871358542,5.699999999999999
York,4.241630546406753,2.3
Cumberland,4.010026318929914,1.3
