county,pov,moe
Piscataquis,19.02260140927137,5.3
Franklin,18.50464601652015,4.8
Oxford,18.437858290818383,4.4
Somerset,18.28204655032664,4.2
Androscoggin,17.785938195116863,3.5999999999999996
Waldo,17.704766659125198,4.1000000000000005
Lincoln,17.323554144325453,4.300000000000001
Kennebec,17.295847998237175,3
Washington,17.269270237130296,2.9000000000000004
Aroostook,17.248414844908833,2.9000000000000004
Penobscot,14.98776503435854,2.4
Hancock,13.762173930302357,3.2999999999999994
Knox,11.020853432055318,3.9
Sagadahoc,7.536929248946265,5.699999999999999
York,3.641037626324966,2.3
Cumberland,2.176296382232153,1.3
