county,pov,moe
Washington,23.937858290818383,2.9000000000000004
Oxford,21.187858290818383,4.4
Somerset,18.437858290818383,4.2
Piscataquis,16.867541008993246,5.3
Androscoggin,16.840387647677023,3.5999999999999996
Aroostook,16.826888852058584,2.9000000000000004
Kennebec,15.89483693139837,3
Franklin,15.85510601472722,4.8
Waldo,14.684830656088435,4.1000000000000005
Lincoln,13.976377083313384,4.300000000000001
Penobscot,12.114298092344331,2.4
Hancock,11.574223325023272,3.2999999999999994
Knox,10.688310257812727,3.9
Sagadahoc,9.922209503889931,5.699999999999999
York,7.521158054740732,2.3
Cumberland,5.6702576994776015,1.3
