county,pov,moe
Washington,23.312858290818383,2.9000000000000004
Oxford,20.875358290818387,4.4
Piscataquis,18.969250989284912,5.3
Somerset,18.681608290818385,4.2
Franklin,18.373416299753156,4.8
Androscoggin,17.757716930472863,3.5999999999999996
Waldo,17.363900933818005,4.1000000000000005
Kennebec,17.265460347685703,3
Aroostook,17.2188293047362,2.9000000000000004
Lincoln,16.45835434429698,4.300000000000001
Penobscot,13.340584030000317,2.4
Hancock,10.855581576544932,3.2999999999999994
Knox,7.722010990859586,3.9
Sagadahoc,5.504132848019842,5.699999999999999
York,4.282883653475533,2.3
Cumberland,4.018052878596798,1.3
