county,pov,moe
Piscataquis,19.083277178818303,5.3
Franklin,18.673567977649018,4.8
Washington,18.437858290818383,2.9000000000000004
Oxford,18.437858290818383,4.4
Somerset,18.437858290818383,4.2
Waldo,18.05230160090853,4.1000000000000005
Lincoln,17.917676895421405,4.300000000000001
Androscoggin,17.76452309448168,3.5999999999999996
Kennebec,17.296323685844232,3
Aroostook,17.219268674359757,2.9000000000000004
Penobscot,15.562304091217428,2.4
Hancock,13.332710134682488,3.2999999999999994
Knox,8.530592388364298,3.9
Sagadahoc,5.150025167949226,5.699999999999999
York,4.102072806434127,2.3
Cumberland,4.001781431415517,1.3
