county,pov,moe
Washington,21.227858290818386,2.9000000000000004
Oxford,19.877858290818388,4.4
Somerset,18.527858290818386,4.2
Piscataquis,15.497710231995187,5.3
Androscoggin,15.06172982628811,3.5999999999999996
Aroostook,15.056805678632,2.9000000000000004
Franklin,14.85036511356858,4.8
Kennebec,14.304000307980171,3
Waldo,14.094138931635236,4.1000000000000005
Lincoln,13.89202867595154,4.300000000000001
Sagadahoc,12.875806091585268,5.699999999999999
Hancock,12.588769444426816,3.2999999999999994
Knox,12.48903462041293,3.9
Penobscot,12.429460816867765,2.4
York,10.442326313440015,2.3
Cumberland,8.78424907475781,1.3
