county,pov,moe
Piscataquis,19.039373197018897,5.3
Washington,18.737858290818384,2.9000000000000004
Oxford,18.587858290818385,4.4
Franklin,18.556089306080164,4.8
Somerset,18.452858290818387,4.2
Waldo,17.783573982902386,4.1000000000000005
Androscoggin,17.762192174826968,3.5999999999999996
Lincoln,17.355670269171082,4.300000000000001
Kennebec,17.2851543812777,3
Aroostook,17.21913711169957,2.9000000000000004
Penobscot,14.810659369845302,2.4
Hancock,12.830104775043546,3.2999999999999994
Knox,9.189583827605997,3.9
Sagadahoc,6.00041074822439,5.699999999999999
York,4.368626251380777,2.3
Cumberland,4.020849732468032,1.3
