county,pov,moe
Liberty,29.39906109123872,18.2
Wibaux,26.607565304430324,16.4
Judith Basin,25.806029536661473,17.5
Wheatland,24.716751413285344,15.299999999999999
Meagher,23.577515730443757,14.6
Daniels,23.26645077637888,15.7
Deer Lodge,22.359660416107964,10.6
Lincoln,21.755614297211167,9.1
Carter,21.69146750474355,12.9
Glacier,21.39112276815316,8.2
Roosevelt,21.00004543613698,6.6000000000000005
Fergus,20.919460806644853,10.6
Pondera,20.894769749715376,8.2
Rosebud,20.38938728073212,8.8
Teton,20.378705138568222,10.899999999999999
Sanders,19.964337216666593,9.1
Mineral,19.756936891145617,9.2
Petroleum,19.732949935128495,30.7
Treasure,19.7201115346536,11.3
Musselshell,19.13614216351339,9.6
Big Horn,18.986176625688557,5.5
Blaine,18.59618573442459,6.5
Park,18.568957968906464,7.9
Prairie,18.52690292779838,10.4
Hill,18.35437561726467,6.7
Lake,18.27683961266011,5.700000000000001
Toole,18.10122383275745,9.4
Valley,18.05180970094201,7.5
Powder River,17.808144715992114,8.5
Garfield,17.794953850207158,10.4
Broadwater,17.63013805171944,8
Golden Valley,17.42388619721618,7.8
Beaverhead,17.260922593497384,6.4
Chouteau,17.251871600397813,5.700000000000001
Silver Bow,17.229074815230273,4.9
Carbon,16.963047424186346,5.599999999999999
Fallon,16.586527235141162,6.6000000000000005
Sheridan,16.529080334348397,5.1
Powell,16.40034723832881,6.1000000000000005
Cascade,16.389665752661063,3.3000000000000003
Ravalli,16.209728087488127,3.5000000000000004
Sweet Grass,16.088592504668224,5.2
Stillwater,16.04858338976605,4
Custer,16.01774276278301,4
Dawson,15.912470264758172,3.7000000000000006
Gallatin,15.876848578000363,3.2
Flathead,15.86218401976763,2.7
Lewis and Clark,15.852064315191077,2.7
Madison,15.795156609994313,3.0999999999999996
Phillips,15.695553920664217,3.0999999999999996
Yellowstone,15.679956696739653,1.9
Jefferson,15.668880807042711,3
Missoula,15.664216429220271,2.2
Richland,15.653292480416209,3
Granite,15.475746178336363,2.6
McCone,15.464029559129077,2.6
