county,pov,moe
Liberty,29.188868384748773,18.2
Judith Basin,28.59323691652303,17.5
Wibaux,27.73654480322444,16.400000000000002
Daniels,27.17595049665777,15.7
Wheatland,26.87947456403586,15.300000000000002
Meagher,26.333230296766907,14.6
Carter,24.987731594832745,12.9
Teton,23.37617669285011,10.900000000000002
Deer Lodge,23.217979385536477,10.6
Fergus,23.215177405444802,10.6
Treasure,23.213382341088295,11.3
Musselshell,22.198652394415692,9.6
Mineral,22.097118952829415,9.2
Lincoln,22.049434175822505,9.1
Sanders,22.04191164774045,9.1
Rosebud,21.815278002974537,8.8
Glacier,21.398281360161533,8.200000000000001
Pondera,21.348277818169635,8.200000000000001
Park,20.96292924869881,7.9
Roosevelt,20.151787436227576,6.599999999999999
Hill,20.137639993903093,6.7
Valley,20.113702759259958,7.500000000000001
Blaine,20.019786163968085,6.5
Lake,19.399300447962943,5.699999999999999
Big Horn,19.24482237568266,5.500000000000001
Silver Bow,18.688302891790176,4.9
Chouteau,18.482556591650233,5.699999999999999
Beaverhead,18.0397173123449,6.4
Prairie,17.360417316128895,10.4
Cascade,17.26223787121281,3.2999999999999994
Carbon,16.761260235615385,5.599999999999999
Yellowstone,15.3533024542064,1.9
Powder River,14.676122796585414,8.5
Ravalli,14.513525016424337,3.4999999999999996
Toole,13.253400259052238,9.4
Broadwater,10.774961932375101,8
Flathead,7.4452408009850535,2.7
Lewis and Clark,6.1315779935262205,2.7
Golden Valley,5.810628796935625,7.8
Missoula,4.069119655471074,2.2
Sheridan,3.629325552864053,5.1
Gallatin,2.985854074458477,3.2
Garfield,2.867276690734584,10.4
Stillwater,2.4161497454191347,4
Madison,2.2434791221501005,3.0999999999999996
Custer,2.1511895705846067,4
Dawson,2.0855416436559544,3.7000000000000006
Fallon,2.0539168686188125,6.599999999999999
Powell,2.0277122078261347,6.1000000000000005
Phillips,2.0118768695315787,3.0999999999999996
Jefferson,2.005377841812213,3
Richland,2.002187421718839,3
Sweet Grass,2.00083841387334,5.2
Granite,2.0001942237207135,2.6
McCone,2.000030013783626,2.6
Petroleum,2.0000021554194256,30.699999999999996
