county,pov,moe
Liberty,29.188868384748773,18.2
Wibaux,26.428886671645735,16.400000000000002
Judith Basin,26.40465547045226,17.5
Wheatland,25.092759920299923,15.300000000000002
Meagher,23.81339990310813,14.6
Daniels,23.160335520880974,15.7
Deer Lodge,21.916212547766616,10.6
Lincoln,21.750514109830846,9.1
Glacier,21.398281360161533,8.200000000000001
Carter,21.05233980013041,12.9
Pondera,20.574287318763503,8.200000000000001
Fergus,20.554663491555708,10.6
Roosevelt,20.151787436227576,6.599999999999999
Rosebud,19.975133319739076,8.8
Sanders,19.07646883015613,9.1
Teton,18.95656882521763,10.900000000000002
Big Horn,18.752945643626038,5.500000000000001
Mineral,18.419175965248684,9.2
Treasure,17.711587096981805,11.3
Blaine,17.55838680799431,6.5
Lake,17.408885075317656,5.699999999999999
Musselshell,17.33490872430374,9.6
Park,16.603045051270403,7.9
Hill,16.602827991087253,6.7
Valley,15.298551266450303,7.500000000000001
Silver Bow,15.042124754701508,4.9
Prairie,14.886522683654016,10.4
Chouteau,14.04559193979931,5.699999999999999
Beaverhead,13.865544814676129,6.4
Toole,13.703425027347052,9.4
Powder River,13.643764173594677,8.5
Cascade,13.434858663558657,3.2999999999999994
Carbon,13.174992180582331,5.599999999999999
Broadwater,12.728237240589666,8
Ravalli,11.86158190163979,3.4999999999999996
Yellowstone,11.774485527548132,1.9
Golden Valley,11.563421236197149,7.8
Garfield,10.855147737556749,10.4
Flathead,10.142452364390623,2.7
Lewis and Clark,9.858251642605515,2.7
Sheridan,9.829481808701207,5.1
Missoula,9.081734219349237,2.2
Gallatin,8.824895111857472,3.2
Stillwater,8.409092567862302,4
Madison,7.786372060124657,3.0999999999999996
Custer,7.681784610921666,4
Fallon,7.531799157395783,6.599999999999999
Dawson,7.225861505098111,3.7000000000000006
Powell,6.969012232366978,6.1000000000000005
Phillips,5.914397072170393,3.0999999999999996
Jefferson,5.481550950769651,3
Richland,5.048783046688871,3
Sweet Grass,4.880478155327468,5.2
Granite,4.052296042045886,2.6
Petroleum,4.009576194953311,30.699999999999996
McCone,3.5070068429603376,2.6
