county,pov,moe
Roosevelt,32.72886838474877,6.599999999999999
Liberty,31.003868384748774,18.2
Glacier,29.278868384748773,8.200000000000001
Judith Basin,20.689269306720625,17.5
Wibaux,20.637317376260718,16.400000000000002
Wheatland,19.60116552036202,15.300000000000002
Daniels,18.79272571009343,15.7
Meagher,18.765337001054196,14.6
Petroleum,17.827351631001527,30.699999999999996
Lincoln,17.3290268950904,9.1
Carter,17.18587358786323,12.9
Deer Lodge,17.06036699841372,10.6
Fergus,16.320114613787826,10.6
Pondera,16.029279550791475,8.200000000000001
Teton,15.860102471604046,10.900000000000002
Treasure,15.667971878056425,11.3
Rosebud,15.631665266292794,8.8
Sanders,15.314299257314486,9.1
Mineral,15.120156113295707,9.2
Musselshell,14.946609112377413,9.6
Prairie,14.67062900464842,10.4
Big Horn,14.659883543852159,5.500000000000001
Park,14.136491402458567,7.9
Toole,14.027070041330234,9.4
Blaine,13.980221722692656,6.5
Garfield,13.804365629551185,10.4
Hill,13.71629152583841,6.7
Lake,13.7045306356651,5.699999999999999
Powder River,13.664642067490743,8.5
Valley,13.655282105199387,7.500000000000001
Broadwater,13.274622338246225,8
Golden Valley,12.950392915133,7.8
Beaverhead,12.902341626750122,6.4
Chouteau,12.677028788178625,5.699999999999999
Silver Bow,12.635853117229304,4.9
Carbon,12.439881650430246,5.599999999999999
Cascade,11.628665161665442,3.2999999999999994
Fallon,11.576988897905782,6.599999999999999
Sheridan,11.532976134832705,5.1
Ravalli,11.33947778748407,3.4999999999999996
Powell,11.242580285988327,6.1000000000000005
Stillwater,10.799431226792098,4
Yellowstone,10.703382348686159,1.9
Flathead,10.663345070351243,2.7
Custer,10.633258840209981,4
Lewis and Clark,10.60414676973408,2.7
Gallatin,10.581366711709954,3.2
Dawson,10.410487190513896,3.7000000000000006
Madison,10.314177235905737,3.0999999999999996
Sweet Grass,10.251358875345971,5.2
Missoula,10.247014442853471,2.2
Phillips,9.84273396190251,3.0999999999999996
Jefferson,9.677620062807053,3
Richland,9.537057341237338,3
Granite,9.005228052990045,2.6
McCone,8.718938041763456,2.6
