county,pov,moe
Liberty,29.471565234344087,18.2
Wibaux,26.24998427241547,16.4
Judith Basin,25.017232914716114,17.5
Wheatland,24.092494159478,15.299999999999999
Meagher,22.816235465058853,14.6
Daniels,22.231683003701068,15.7
Deer Lodge,22.08916328218704,10.6
Lincoln,21.64869671751149,9.1
Glacier,21.39112276815316,8.2
Roosevelt,21.356490195688092,6.6000000000000005
Carter,20.819033834123967,12.9
Pondera,20.74172582812155,8.2
Fergus,20.29632927661728,10.6
Rosebud,19.98208900429332,8.8
Teton,19.58124309965395,10.899999999999999
Sanders,19.403000782684522,9.1
Mineral,19.131375836911776,9.2
Big Horn,18.892856347455005,5.5
Treasure,18.7074008920423,11.3
Musselshell,18.303245919656284,9.6
Blaine,18.206491798782714,6.5
Lake,17.963062878243704,5.700000000000001
Park,17.919430767604595,7.9
Hill,17.87471237903476,6.7
Prairie,17.413448422422174,10.4
Valley,17.36196467682921,7.5
Toole,17.075071569316133,9.4
Powder River,16.881122460390024,8.5
Silver Bow,16.829547597948768,4.9
Broadwater,16.754707171203055,8
Chouteau,16.712788096058713,5.700000000000001
Beaverhead,16.596198351962812,6.4
Golden Valley,16.537849066771216,7.8
Garfield,16.50940002874746,10.4
Carbon,16.37797602373567,5.599999999999999
Cascade,16.096365106127408,3.3000000000000003
Sheridan,15.936672169505275,5.1
Ravalli,15.840178259739526,3.5000000000000004
Fallon,15.724156299524228,6.6000000000000005
Powell,15.586464883421675,6.1000000000000005
Flathead,15.560854860480045,2.7
Lewis and Clark,15.548390085721895,2.7
Stillwater,15.547667826687736,4
Custer,15.509198241663071,4
Gallatin,15.485397744972992,3.2
Yellowstone,15.484581762100936,1.9
Dawson,15.43483479629581,3.7000000000000006
Missoula,15.40975429013228,2.2
Madison,15.40262495714209,3.0999999999999996
Sweet Grass,15.36734054588712,5.2
Phillips,15.277785638204191,3.0999999999999996
Jefferson,15.263490078091827,3
Richland,15.243838094999058,3
Granite,15.096560592038841,2.6
McCone,15.081589995174955,2.6
Petroleum,15.004678023637508,30.7
