county,pov,moe
Grant,23.68520802564528,11.199999999999998
Bowman,23.674326235705347,11.199999999999998
Adams,23.66501319747086,11.5
McIntosh,23.493569597245045,11.000000000000002
Golden Valley,23.4517340433004,10.900000000000002
Steele,23.061596569238556,10.4
Oliver,22.423008614652197,9.6
Ransom,21.87062321921245,8.9
Ramsey,21.815654316730022,8.8
Sioux,21.787810711390897,8.7
Pierce,21.768444087915718,8.8
Kidder,21.749416720806455,8.8
LaMoure,21.50185385250572,8.4
Wells,21.26408276611142,8.1
Towner,21.201815227782028,8.4
Mercer,20.94845481343826,7.8
Barnes,20.799196105081922,7.500000000000001
Benson,20.69712852794868,7.3
Rolette,20.30759917671932,6.800000000000001
Burke,20.168509286548666,9.3
Mountrail,19.290191800327154,5.699999999999999
Nelson,18.86457554664483,5.2
Eddy,18.82595487667269,6.800000000000001
McKenzie,18.698458813184285,4.8
Dunn,18.36611713387627,5.4
Bottineau,17.652577091690354,4.2
Hettinger,17.539927175676777,7.199999999999999
McHenry,17.24769842714417,4.2
Grand Forks,16.57824518639016,2.6
Divide,16.517260272738717,6.800000000000001
Morton,16.481882331443405,4.7
Cass,16.37189053621917,2.2
Richland,13.694344626595587,3.4999999999999996
Stutsman,13.218374747964228,4.300000000000001
Burleigh,11.137463772920038,2.2
Walsh,10.394271763325268,2.9000000000000004
Dickey,10.071908842900552,5.1
Williams,8.354155624133503,3.7000000000000006
Logan,7.681277584297702,5.599999999999999
McLean,5.9823215772865606,3
Stark,4.9882630999963995,2.5
Pembina,4.254076181389705,2.7
Foster,3.781855718799761,4.5
Sargent,3.1934350165073595,3.5999999999999996
Ward,2.733795450862926,1.7999999999999998
Renville,2.524589226275464,3.7000000000000006
Sheridan,2.3590923479095554,5.9
Cavalier,2.196784262258066,4.6
Traill,2.0941404677344657,2.3
Emmons,2.0454197714398865,2.5
Slope,2.0193640288671997,4
Griggs,2.0045502319055495,1.1
Billings,2.0006913691729142,14.6
