county,pov,moe
Sioux,26.347810711390895,8.7
Benson,24.112810711390896,7.3
Rolette,21.877810711390897,6.800000000000001
Billings,18.52850528946318,14.6
Adams,16.937781227381834,11.5
Grant,16.824515286674888,11.199999999999998
Bowman,16.795319216869427,11.199999999999998
Golden Valley,16.68574019688165,10.900000000000002
McIntosh,16.675038775303527,11.000000000000002
Steele,16.37179512172678,10.4
Oliver,15.902447333644263,9.6
Burke,15.70006368284527,9.3
Ransom,15.510463166664778,8.9
Ramsey,15.496181722089089,8.8
Pierce,15.449785968083802,8.8
Kidder,15.447407367788173,8.8
LaMoure,15.248415288779071,8.4
Towner,15.214501513121037,8.4
Wells,15.074336679578968,8.1
Mercer,14.889605174113541,7.8
Barnes,14.743846127405622,7.500000000000001
Hettinger,14.531797966688412,7.199999999999999
Eddy,14.315376074942993,6.800000000000001
Divide,14.308227446999064,6.800000000000001
Sheridan,13.776891757269796,5.9
Mountrail,13.721099137083545,5.699999999999999
Logan,13.630342446328545,5.599999999999999
Dunn,13.542185310895741,5.4
Nelson,13.441552384990985,5.2
Dickey,13.35719685684484,5.1
McKenzie,13.248390173682548,4.8
Morton,13.14735290541615,4.7
Cavalier,13.055006078700442,4.6
Foster,13.01315704422718,4.5
Stutsman,12.919121837427069,4.300000000000001
Bottineau,12.87797994169741,4.2
McHenry,12.874814892449326,4.2
Slope,12.710361508962706,4
Williams,12.579993880320242,3.7000000000000006
Renville,12.563440410767237,3.7000000000000006
Sargent,12.512976828205439,3.5999999999999996
Richland,12.477343237436862,3.4999999999999996
McLean,12.1888631859994,3
Walsh,12.140165503859828,2.9000000000000004
Pembina,12.019113405147264,2.7
Grand Forks,11.991597379808848,2.6
Stark,11.910271018914793,2.5
Emmons,11.887245440688337,2.5
Traill,11.780635495521775,2.3
Cass,11.771056025299115,2.2
Burleigh,11.753864312381367,2.2
Ward,11.515074005592009,1.7999999999999998
Griggs,11.10332483286308,1.1
