county,pov,moe
Grant,22.534825829052902,11.199999999999998
Golden Valley,22.44317591378138,10.900000000000002
Bowman,21.98691738061739,11.199999999999998
Sioux,21.877810711390897,8.7
Benson,21.877810711390897,7.3
Rolette,21.877810711390897,6.800000000000001
Steele,21.84387955214118,10.4
McIntosh,21.463355296038618,11.000000000000002
Adams,20.792896604483964,11.5
Ramsey,20.74714796593843,8.8
Oliver,20.675179436946912,9.6
LaMoure,20.155000351864754,8.4
Ransom,20.03795976298503,8.9
Wells,19.753876655619376,8.1
Pierce,19.71076125978754,8.8
Kidder,19.570690637699,8.8
Barnes,19.38766299160408,7.500000000000001
Mercer,18.701076554469406,7.8
Towner,18.43570804933084,8.4
McKenzie,17.475552952658017,4.8
Burke,17.250681048303242,9.3
Mountrail,17.049885699144543,5.699999999999999
Nelson,16.547636568444478,5.2
Eddy,15.984231123527168,6.800000000000001
Dunn,15.57639432341977,5.4
Hettinger,15.337312946506035,7.199999999999999
Bottineau,14.99672428225736,4.2
Divide,14.770575341561035,6.800000000000001
McHenry,14.576806394674133,4.2
Morton,14.144612190376948,4.7
Grand Forks,14.111474622365202,2.6
Cass,14.003517089960383,2.2
Stutsman,12.692874049159277,4.300000000000001
Richland,12.574295920987474,3.4999999999999996
Dickey,11.980162091176059,5.1
Logan,11.331594557113608,5.599999999999999
Walsh,11.269003086583085,2.9000000000000004
Burleigh,11.242549094151162,2.2
Williams,10.90327956173548,3.7000000000000006
McLean,9.755815112992618,3
Stark,9.116236313622553,2.5
Foster,8.891942241833046,4.5
Pembina,8.74212345734712,2.7
Sargent,8.062729845794784,3.5999999999999996
Ward,7.001771368478529,1.7999999999999998
Renville,6.994323707554695,3.7000000000000006
Sheridan,6.9245364643467004,5.9
Cavalier,6.000217256904482,4.6
Traill,4.973080006680584,2.3
Emmons,4.4184521791033875,2.5
Slope,3.9669556731742746,4
Griggs,3.097363136402045,1.1
Billings,2.861743915127666,14.6
