county,pov,moe
Sioux,23.9378107113909,8.7
Benson,22.907810711390898,7.3
Rolette,21.877810711390897,6.800000000000001
Golden Valley,21.754971807943356,10.900000000000002
Grant,21.32922142166859,11.199999999999998
Steele,20.52555779070922,10.4
Bowman,20.161765547177847,11.199999999999998
Ramsey,19.831171767682726,8.8
McIntosh,19.52180146555977,11.000000000000002
Oliver,18.908855019094883,9.6
Adams,18.833332610406522,11.5
LaMoure,18.730727111974662,8.4
Ransom,18.281247476710853,8.9
Wells,18.199112857762007,8.1
Barnes,17.939146163391587,7.500000000000001
Pierce,17.909973263031752,8.8
Kidder,17.758195710565023,8.8
Mercer,16.961274896383642,7.8
Towner,16.739214969780665,8.4
McKenzie,16.34751910563283,4.8
Burke,16.0996661854902,9.3
Mountrail,15.473929572406684,5.699999999999999
Nelson,15.023652874115168,5.2
Eddy,14.835669897569936,6.800000000000001
Hettinger,14.556958244319643,7.199999999999999
Dunn,14.321813207121071,5.4
Divide,14.158847753858392,6.800000000000001
Bottineau,13.746209865774011,4.2
McHenry,13.473272161284772,4.2
Morton,13.323088636669098,4.7
Grand Forks,12.909455387306688,2.6
Cass,12.78442406359663,2.2
Stutsman,12.463380114258632,4.300000000000001
Dickey,12.333696528643939,5.1
Richland,12.197547757962848,3.4999999999999996
Logan,12.167999742156885,5.599999999999999
Williams,11.442211893288334,3.7000000000000006
Walsh,11.395987500102924,2.9000000000000004
Burleigh,11.195143510983376,2.2
Foster,10.717362882978637,4.5
McLean,10.71354556625311,3
Stark,10.276654916112326,2.5
Pembina,10.15551368766747,2.7
Sargent,10.069548934103457,3.5999999999999996
Sheridan,10.048234056410783,5.9
Renville,9.541670543684672,3.7000000000000006
Cavalier,9.179871368460235,4.6
Ward,9.058619975867389,1.7999999999999998
Traill,7.976670197200086,2.3
Emmons,7.600086126546738,2.5
Slope,7.484357856590453,4
Billings,7.310475566253157,14.6
Griggs,6.007912305314153,1.1
