county,pov,moe
Sioux,27.287810711390897,8.7
Benson,24.537810711390897,7.3
Golden Valley,23.137948867107315,10.900000000000002
Grant,22.82745132129872,11.199999999999998
Steele,22.004850646121916,10.4
Rolette,21.787810711390897,6.800000000000001
Bowman,21.445108074112927,11.199999999999998
Ramsey,21.263478901490014,8.8
McIntosh,20.587349026422327,11.000000000000002
LaMoure,20.127572961387248,8.4
Oliver,20.11814152614921,9.6
Wells,19.509797308453223,8.1
Ransom,19.421768146935605,8.9
Adams,19.30540340446645,11.5
Barnes,19.286723235412044,7.500000000000001
Pierce,18.904066612240776,8.8
Kidder,18.671647501640358,8.8
Mercer,17.80295976725649,7.8
McKenzie,17.713328846075843,4.8
Towner,17.19450972011107,8.4
Mountrail,16.267588755754662,5.699999999999999
Nelson,15.748116363314892,5.2
Burke,15.685762997928707,9.3
Eddy,14.713545455692012,6.800000000000001
Dunn,14.49610588041495,5.4
Bottineau,14.076437578891369,4.2
Hettinger,14.049486130975511,7.199999999999999
McHenry,13.616606868308127,4.2
Divide,13.563070617419873,6.800000000000001
Grand Forks,13.396624704976217,2.6
Cass,13.36451925766822,2.2
Morton,13.129740532322407,4.7
Stutsman,11.875893334709756,4.300000000000001
Richland,11.79474866093608,3.4999999999999996
Dickey,11.32217562136058,5.1
Logan,10.864041719202064,5.599999999999999
Walsh,10.75237726401776,2.9000000000000004
Burleigh,10.72745842835877,2.2
Williams,10.497529993925822,3.7000000000000006
McLean,9.665085141253682,3
Stark,9.20931566169846,2.5
Foster,9.164133787501296,4.5
Pembina,8.971680055395959,2.7
Sargent,8.58050584846838,3.5999999999999996
Sheridan,7.977878547873531,5.9
Renville,7.906651130320684,3.7000000000000006
Ward,7.806056436926968,1.7999999999999998
Cavalier,7.318584740234252,4.6
Traill,6.542910511557226,2.3
Emmons,6.181798556833657,2.5
Slope,5.919032070354441,4
Billings,5.200262867543083,14.6
Griggs,5.178736477006324,1.1
