county,pov,moe
Coos,19.21691699327711,5.4
Sullivan,18.35995242057251,4.300000000000001
Carroll,17.6519777310609,4
Belknap,17.452855358085838,3.2
Grafton,16.957646756146808,2.5
Cheshire,16.824575311725997,2.4
Hillsborough,15.922393207657088,1.3
Merrimack,13.80898016992913,1.6
Strafford,6.645324238816334,1.9
Rockingham,2.159377812728276,1.1
