county,pov,moe
Coos,22.21691699327711,5.4
Sullivan,20.716916993277106,4.300000000000001
Grafton,19.36691699327711,2.5
Belknap,17.45258688440221,3.2
Cheshire,16.808013233926957,2.4
Carroll,15.768980144542857,4
Hillsborough,15.717388765005587,1.3
Merrimack,8.4172422039456265,1.6
Strafford,4.525880753687924,1.9
Rockingham,4.0091570346575205,1.1
