county,pov,moe
Coos,24.841916993277106,5.4
Sullivan,22.029416993277106,4.300000000000001
Grafton,19.498166993277106,2.5
Belknap,17.354980866072026,3.2
Cheshire,16.15669410824307,2.4
Hillsborough,13.990226833852384,1.3
Carroll,12.824273200397219,4
Merrimack,8.382953232978297,1.6
Strafford,5.681526644509518,1.9
Rockingham,4.239844134116164,1.1
