county,pov,moe
Coos,22.21691699327711,5.4
Sullivan,20.716916993277106,4.300000000000001
Grafton,19.36691699327711,2.5
Belknap,17.452047170886818,3.2
Cheshire,16.793382865621783,2.4
Hillsborough,15.629525540375102,1.3
Carroll,15.527745842897456,4
Merrimack,8.596037085298978,1.6
Strafford,4.683627096054717,1.9
Rockingham,4.016883419033826,1.1
