county,pov,moe
Coos,30.60394605933877,5.4
Sullivan,18.912394196165405,4.3
Grafton,16.948513039071084,2.5
Belknap,16.76301074322864,3.2
Carroll,16.403930293139283,4
Cheshire,16.144324360429827,2.4
Hillsborough,15.502045368736459,1.3
Strafford,15.44700752962139,1.9
Merrimack,15.413767028418505,1.6
Rockingham,15.16958452536291,1.1
