county,pov,moe
Coos,20.50830660804534,5.4
Sullivan,18.527218776134184,4.3
Carroll,17.406267610949882,4
Belknap,17.2159844829129,3.2
Grafton,16.948513039071084,2.5
Cheshire,16.585294162784553,2.4
Strafford,16.040769459272934,1.9
Merrimack,15.894289930187618,1.6
Hillsborough,15.803170170367203,1.3
Rockingham,15.563025122545223,1.1
