county,pov,moe
Coos,19.49191699327711,5.4
Sullivan,19.354416993277106,4.300000000000001
Grafton,19.230666993277108,2.5
Belknap,17.452308650231586,3.2
Cheshire,16.807723667471393,2.4
Carroll,16.64641890811059,4
Hillsborough,15.785799859762193,1.3
Merrimack,10.830399868194034,1.6
Strafford,5.358964194445315,1.9
Rockingham,4.041383871953547,1.1
