county,pov,moe
Coos,19.21691699327711,5.4
Sullivan,19.21691699327711,4.300000000000001
Grafton,19.21691699327711,2.5
Belknap,17.452960951265805,3.2
Carroll,17.31813959483289,4
Cheshire,16.82687821639932,2.4
Hillsborough,15.920465962581106,1.3
Merrimack,11.021859616871572,1.6
Strafford,4.801657536985572,1.9
Rockingham,4.007287141232404,1.1
