county,pov,moe
Coos,19.66691699327711,5.4
Sullivan,19.441916993277108,4.300000000000001
Grafton,19.239416993277107,2.5
Belknap,17.436141650251518,3.2
Cheshire,16.663235894768373,2.4
Carroll,15.552346554122723,4
Hillsborough,15.318565583372015,1.3
Merrimack,10.807906650648672,1.6
Strafford,6.59597130748319,1.9
Rockingham,4.277581379522194,1.1
