county,pov,moe
Coos,22.00691699327711,5.4
Sullivan,20.65691699327711,4.300000000000001
Grafton,19.30691699327711,2.5
Belknap,14.680488256791623,3.2
Cheshire,13.355066492444045,2.4
Carroll,13.029882925874828,4
Hillsborough,12.071633610597418,1.3
Merrimack,11.011116319980033,1.6
Strafford,10.322247805868399,1.9
Rockingham,8.558813608612315,1.1
