county,pov,moe
Coos,19.30691699327711,5.4
Sullivan,19.30691699327711,4.300000000000001
Grafton,19.30691699327711,2.5
Belknap,16.364142194885098,3.2
Cheshire,15.4071429827611,2.4
Carroll,14.941267254084137,4
Hillsborough,14.039806133937205,1.3
Merrimack,11.815708416630175,1.6
Strafford,9.412313193377628,1.9
Rockingham,5.0988688444932775,1.1
