county,pov,moe
Coos,19.21691699327711,5.4
Sullivan,19.21691699327711,4.300000000000001
Grafton,19.21691699327711,2.5
Belknap,17.452945278510725,3.2
Carroll,17.24873294525997,4
Cheshire,16.825912602962166,2.4
Hillsborough,15.90993176518906,1.3
Merrimack,11.017979479410602,1.6
Strafford,4.884169623204443,1.9
Rockingham,4.009577325631697,1.1
