county,pov,moe
Coos,19.21691699327711,5.4
Sullivan,18.35995242057251,4.300000000000001
Carroll,18.00993791290161,4
Belknap,17.482987092195117,3.2
Grafton,16.957646756146808,2.5
Cheshire,16.85958210618929,2.4
Hillsborough,15.998275267625603,1.3
Merrimack,14.796687896728617,1.6
Strafford,5.299358228848121,1.9
Rockingham,2.018655325515209,1.1
