county,pov,moe
Coos,19.21691699327711,5.4
Sullivan,18.35995242057251,4.300000000000001
Carroll,17.9837566875716,4
Belknap,17.45298712238201,3.2
Grafton,16.957646756146808,2.5
Cheshire,16.82958846131987,2.4
Hillsborough,15.968455905014462,1.3
Merrimack,14.819095230150536,1.6
Strafford,5.3922495652953515,1.9
Rockingham,2.0193508582697293,1.1
