county,pov,moe
Coos,30.60394605933877,5.4
Sullivan,19.146357413309822,4.3
Grafton,16.948513039071084,2.5
Belknap,16.56949494137143,3.2
Carroll,15.986417509130224,4
Cheshire,15.96003745039768,2.4
Hillsborough,15.376555226327875,1.3
Merrimack,15.212002865183196,1.6
Strafford,15.19627829942628,1.9
Rockingham,15.000167616482123,1.1
