county,pov,moe
Coos,19.21691699327711,5.4
Sullivan,18.35995242057251,4.300000000000001
Belknap,17.431395535856513,3.2
Grafton,16.957646756146808,2.5
Cheshire,16.674829611423924,2.4
Carroll,16.43781812066519,4
Hillsborough,15.463349268317133,1.3
Merrimack,12.59914878101612,1.6
Strafford,8.504798952685087,1.9
Rockingham,3.3541435600395917,1.1
