county,pov,moe
Coos,30.60394605933877,5.4
Sullivan,27.425364454658652,4.3
Grafton,18.27087198660488,2.5
Belknap,17.79565929476782,3.2
Carroll,17.53041613686203,4
Cheshire,16.870572517508243,2.4
Strafford,15.979757259055033,1.9
Hillsborough,15.87176587004682,1.3
Merrimack,15.862447095615856,1.6
Rockingham,15.486969015815896,1.1
