county,pov,moe
Coos,27.216916993277106,5.4
Sullivan,23.21691699327711,4.300000000000001
Grafton,19.61691699327711,2.5
Belknap,17.313095095750143,3.2
Cheshire,15.887377809293623,2.4
Hillsborough,13.323486511188646,1.3
Carroll,11.599709845260131,4
Merrimack,7.432771786029749,1.6
Strafford,5.224271676724675,1.9
Rockingham,4.168536295921705,1.1
