county,pov,moe
Coos,20.716916993277106,5.4
Sullivan,19.96691699327711,4.300000000000001
Grafton,19.21691699327711,2.5
Belknap,17.452361408148796,3.2
Cheshire,16.805506043471933,2.4
Carroll,16.2698646097568,4
Hillsborough,15.74198488826945,1.3
Merrimack,9.805163231982856,1.6
Strafford,4.999033856013122,1.9
Rockingham,4.025334982525703,1.1
