county,pov,moe
Coos,23.21691699327711,5.4
Sullivan,21.216916993277106,4.300000000000001
Grafton,19.21691699327711,2.5
Belknap,17.377985877870174,3.2
Cheshire,16.30911612192682,2.4
Hillsborough,14.396589231191752,1.3
Carroll,13.67648195902715,4
Merrimack,9.164243851881992,1.6
Strafford,6.112838238911807,1.9
Rockingham,4.311993739358972,1.1
