county,pov,moe
Coos,21.466916993277106,5.4
Sullivan,20.34191699327711,4.300000000000001
Grafton,19.329416993277107,2.5
Belknap,17.45179379192478,3.2
Cheshire,16.790749515909628,2.4
Carroll,15.783652698495029,4
Hillsborough,15.641407886272152,1.3
Merrimack,9.23930221301585,1.6
Strafford,4.927196219611521,1.9
Rockingham,4.027646694939717,1.1
