county,pov,moe
Coos,19.21691699327711,5.4
Sullivan,19.21691699327711,4.300000000000001
Grafton,19.21691699327711,2.5
Carroll,17.56240636461898,4
Belknap,17.45298376478126,3.2
Cheshire,16.828895896528987,2.4
Hillsborough,15.949398878409307,1.3
Merrimack,11.07292926193925,1.6
Strafford,4.480452721639693,1.9
Rockingham,4.002182132250896,1.1
