county,pov,moe
Coos,21.406916993277108,5.4
Sullivan,20.35691699327711,4.300000000000001
Grafton,19.30691699327711,2.5
Belknap,15.109571574227665,3.2
Cheshire,13.745238767246509,2.4
Carroll,13.274442929025248,4
Hillsborough,12.375045971153591,1.3
Merrimack,11.093454745759384,1.6
Strafford,10.210020140200873,1.9
Rockingham,8.121474892555483,1.1
