county,pov,moe
Coos,30.60394605933877,5.4
Sullivan,19.417627600775024,4.3
Carroll,17.803573823923447,4
Belknap,17.63695934757115,3.2
Grafton,17.391426818538434,2.5
Cheshire,16.870572517508243,2.4
Strafford,16.201947665009463,1.9
Merrimack,16.03448448044928,1.6
Hillsborough,15.93873605470241,1.3
Rockingham,15.647175726736402,1.1
