county,pov,moe
Salem,18.28204655032664,4.2
Cape May,17.557702595487353,3.2999999999999994
Cumberland,17.425081977622042,3.0999999999999996
Warren,16.76937331678123,2.4
Atlantic,16.625985661587674,2.1
Ocean,16.625580815941227,2.1
Mercer,16.46902641788522,1.9
Passaic,16.178588053688085,1.5
Hudson,16.080676113474365,1.3999999999999997
Camden,16.080543595659055,1.3999999999999997
Burlington,15.96604982233811,1.3
Essex,15.924870195573964,1.2
Union,15.918053740216711,1.2
Middlesex,15.753385773833283,1
Gloucester,15.647574367780084,1.1
Bergen,15.283073426369477,1
Sussex,15.236905957288977,2
Monmouth,12.3761433232486,0.6999999999999998
Somerset,8.466985869171792,1.3
Morris,3.7512080921014435,1.2
Hunterdon,2.0811443336246875,1
