county,pov,moe
Cumberland,21.82204655032664,3.0999999999999996
Salem,20.097046550326638,4.2
Passaic,18.37204655032664,1.5
Cape May,15.01491797421852,3.2999999999999994
Atlantic,14.48031103234404,2.1
Ocean,14.318850640265513,2.1
Mercer,14.108123099548548,1.9
Warren,14.105472937382462,2.4
Essex,14.096842883471346,1.2
Hudson,14.082509736636878,1.3999999999999997
Camden,13.899059835103467,1.3999999999999997
Sussex,13.573853180791613,2
Union,13.489697403362792,1.2
Burlington,13.427385870447955,1.3
Middlesex,13.287614929828905,1
Gloucester,13.147670524669138,1.1
Bergen,12.999678484555515,1
Somerset,12.862478273983683,1.3
Morris,12.605020787841267,1.2
Monmouth,12.604242091672372,0.6999999999999998
Hunterdon,12.105130662895293,1
