county,pov,moe
Salem,18.411337151199785,4.2
Cumberland,17.558000466784335,3.0999999999999996
Cape May,16.676819385894497,3.3000000000000003
Atlantic,16.42653779004496,2.1
Ocean,16.34735782921813,2.1
Passaic,16.16910782344265,1.5
Warren,16.071579613161095,2.4
Mercer,16.062743229400876,1.9
Hudson,16.01764678330232,1.3999999999999997
Camden,15.928596347075496,1.3999999999999997
Essex,15.911995856106381,1.2
Sussex,15.804104150997645,2
Union,15.600906602542636,1.2
Burlington,15.583407896739255,1.3
Somerset,15.500335742584149,1.3
Middlesex,15.469623701703425,1
Gloucester,15.45666409694468,1.1
Morris,15.439089283466359,1.2
Bergen,15.412953068102672,1
Hunterdon,15.318959358522338,1
Monmouth,15.279921191652162,0.6999999999999998
