county,pov,moe
Salem,18.28204655032664,4.2
Cape May,17.530687852642856,3.2999999999999994
Cumberland,17.425081977622042,3.0999999999999996
Warren,16.811577472320366,2.4
Atlantic,16.596022711626084,2.1
Ocean,16.59600819834437,2.1
Mercer,16.44015524918423,1.9
Passaic,16.178588053688085,1.5
Hudson,16.05068213330309,1.3999999999999997
Camden,16.05067893581035,1.3999999999999997
Burlington,15.967220939889023,1.3
Essex,15.894870442244683,1.2
Union,15.894282647744754,1.2
Sussex,15.823830693732017,2
Gloucester,15.76309922230569,1.1
Middlesex,15.737266928749227,1
Bergen,15.558600607942372,1
Monmouth,13.029734442313199,0.6999999999999998
Somerset,7.96187919151251,1.3
Morris,2.894246827504239,1.2
Hunterdon,2.0134389211941857,1
