county,pov,moe
Cumberland,19.48204655032664,3.0999999999999996
Salem,18.88204655032664,4.2
Passaic,18.34204655032664,1.5
Cape May,17.505060420933436,3.2999999999999994
Atlantic,16.595404982750274,2.1
Ocean,16.59120176930692,2.1
Warren,16.429588364988227,2.4
Mercer,16.429321616818704,1.9
Hudson,16.05054977584897,1.3999999999999997
Camden,16.04888753905494,1.3999999999999997
Essex,15.894861301800583,1.2
Union,15.849175600278853,1.2
Burlington,15.787858798432728,1.3
Middlesex,15.6484595743347,1
Gloucester,15.088946657205632,1.1
Bergen,14.280237257564487,1
Sussex,13.374851535388329,2
Monmouth,10.172880067227998,0.6999999999999998
Somerset,7.140306559990817,1.3
Morris,4.8447385337611575,1.2
Hunterdon,4.061529993333322,1
