county,pov,moe
Cumberland,18.28204655032664,3.0999999999999996
Salem,18.28204655032664,4.2
Passaic,18.28204655032664,1.5
Cape May,17.5280298941402,3.2999999999999994
Warren,16.707070068972595,2.4
Atlantic,16.596003935732686,2.1
Ocean,16.595713681609116,2.1
Mercer,16.439273981110095,1.9
Hudson,16.050679702545008,1.3999999999999997
Camden,16.050598437009622,1.3999999999999997
Burlington,15.9282430476561,1.3
Essex,15.89487037521176,1.2
Union,15.888170450167674,1.2
Middlesex,15.72197634041066,1
Gloucester,15.520871191507709,1.1
Bergen,14.948712888836718,1
Sussex,14.249382660344784,2
Monmouth,10.453218938873837,0.6999999999999998
Somerset,6.635088009474025,1.3
Morris,4.433682325262385,1.2
Hunterdon,4.012274420155072,1
