county,pov,moe
Salem,18.28204655032664,4.2
Cape May,17.517103235050207,3.2999999999999994
Cumberland,17.425081977622042,3.0999999999999996
Atlantic,16.623795984795503,2.1
Ocean,16.61451010961443,2.1
Warren,16.467050073542403,2.4
Mercer,16.448101178660878,1.9
Passaic,16.178588053688085,1.5
Hudson,16.080030231010504,1.3999999999999997
Camden,16.07543689587758,1.3999999999999997
Essex,15.924793517385188,1.2
Union,15.855019099893521,1.2
Burlington,15.789606273755746,1.3
Middlesex,15.648238187741349,1
Gloucester,15.206553550621596,1.1
Bergen,14.638844412058196,1
Sussex,14.394971615454097,2
Monmouth,11.899871437425343,0.6999999999999998
Somerset,9.375676364076654,1.3
Morris,5.520411525778872,1.2
Hunterdon,2.5342697256211495,1
