county,pov,moe
Salem,18.33956611229583,4.2
Cumberland,17.482927829655164,3.0999999999999996
Cape May,17.07044305105456,3.3000000000000003
Atlantic,16.526791387686536,2.1
Ocean,16.48128737379937,2.1
Warren,16.41732320408561,2.4
Mercer,16.25060980229508,1.9
Passaic,16.16910782344265,1.5
Sussex,16.126881670387068,2
Hudson,16.05334992956791,1.3999999999999997
Camden,16.005500929255383,1.3999999999999997
Essex,15.921959862712608,1.2
Burlington,15.769200632383246,1.3
Union,15.748792330154599,1.2
Somerset,15.718719456133016,1.3
Morris,15.648890319418271,1.2
Gloucester,15.628073684390708,1.1
Middlesex,15.605034105467608,1
Bergen,15.56959625965202,1
Hunterdon,15.511841020495659,1
Monmouth,15.393298024885805,0.6999999999999998
