county,pov,moe
Cumberland,26.15704655032664,3.0999999999999996
Salem,22.219546550326637,4.2
Passaic,18.67579655032664,1.5
Atlantic,16.089942627852547,2.1
Cape May,16.02644497318003,3.2999999999999994
Essex,15.753035740531049,1.2
Hudson,15.736331993273438,1.3999999999999997
Ocean,15.689795116416775,2.1
Camden,15.38415509228716,1.3999999999999997
Mercer,15.315020116319394,1.9
Union,14.294103481950154,1.2
Warren,13.92744987505048,2.4
Middlesex,13.847748730455923,1
Burlington,13.68114901237934,1.3
Gloucester,12.6671817400311,1.1
Bergen,12.056101427289988,1
Sussex,11.890773615050351,2
Monmouth,10.4765111377475,0.6999999999999998
Somerset,9.739465410721493,1.3
Morris,8.409899063020617,1.2
Hunterdon,6.4625011954627425,1
