county,pov,moe
Cumberland,20.43204655032664,3.0999999999999996
Salem,19.40204655032664,4.2
Passaic,18.37204655032664,1.5
Cape May,15.645524394279775,3.2999999999999994
Atlantic,15.195178263399486,2.1
Ocean,14.989571357565678,2.1
Hudson,14.771014846745938,1.3999999999999997
Essex,14.744375352443988,1.2
Mercer,14.735661763726386,1.9
Camden,14.569001574117443,1.3999999999999997
Warren,14.412335023124296,2.4
Union,13.99827242554898,1.2
Burlington,13.803697266620517,1.3
Middlesex,13.729505164215045,1
Sussex,13.449463651284224,2
Gloucester,13.326161204946994,1.1
Bergen,13.047099745618842,1
Monmouth,12.276077284008002,0.6999999999999998
Somerset,12.211376179742189,1.3
Morris,11.467945526117319,1.2
Hunterdon,9.921599325514984,1
