county,pov,moe
Cumberland,18.43204655032664,3.0999999999999996
Salem,18.35704655032664,4.2
Passaic,18.289546550326637,1.5
Cape May,17.527081995734125,3.2999999999999994
Warren,16.68940827937855,2.4
Atlantic,16.595992790091362,2.1
Ocean,16.595582895681655,2.1
Mercer,16.438935173773174,1.9
Hudson,16.05067800631012,1.3999999999999997
Camden,16.050558409591755,1.3999999999999997
Burlington,15.920703082947844,1.3
Essex,15.894870313019274,1.2
Union,15.886477693108148,1.2
Middlesex,15.718454575065637,1
Gloucester,15.495156799838117,1.1
Bergen,14.910485462285422,1
Sussex,14.18060973796429,2
Monmouth,10.43734402573921,0.6999999999999998
Somerset,6.581806531954504,1.3
Morris,4.433311203096106,1.2
Hunterdon,4.013903373440798,1
