county,pov,moe
Salem,18.993247437872764,4.2
Cumberland,18.040669768186266,3.0999999999999996
Atlantic,16.462427330037777,2.1
Cape May,16.41914819513024,3.3000000000000003
Ocean,16.332189355610208,2.1
Passaic,16.320335279631895,1.5
Hudson,16.091167301879807,1.3999999999999997
Essex,16.00984036039819,1.2
Mercer,15.962282874083211,1.9
Camden,15.937587008971382,1.3999999999999997
Warren,15.815485789168687,2.4
Sussex,15.55045102130872,2
Union,15.503008228085513,1.2
Burlington,15.446043324036093,1.3
Middlesex,15.37351439717127,1
Somerset,15.325370698086571,1.3
Gloucester,15.323661022731939,1.1
Bergen,15.29104911667632,1
Morris,15.267264005195585,1.2
Monmouth,15.190458368767443,0.6999999999999998
Hunterdon,15.154167750329917,1
