county,pov,moe
Cumberland,18.28204655032664,3.0999999999999996
Salem,18.28204655032664,4.2
Passaic,18.28204655032664,1.5
Cape May,17.530251892106964,3.2999999999999994
Warren,16.773683747158046,2.4
Atlantic,16.59602153479933,2.1
Ocean,16.595976713758,2.1
Mercer,16.440038008539926,1.9
Hudson,16.05068202955252,1.3999999999999997
Camden,16.050672215641036,1.3999999999999997
Burlington,15.955758686399827,1.3
Essex,15.894870440788264,1.2
Union,15.89306990412162,1.2
Middlesex,15.7335818374177,1
Gloucester,15.6537430976807,1.1
Bergen,15.205348532516089,1
Sussex,14.610970440039624,2
Monmouth,10.380437808149379,0.6999999999999998
Somerset,6.061223584428369,1.3
Morris,4.224318964674074,1.2
Hunterdon,4.003210911248574,1
