county,pov,moe
Salem,18.28204655032664,4.2
Cumberland,17.425081977622042,3.0999999999999996
Cape May,17.278286854712306,3.2999999999999994
Atlantic,16.582518907174563,2.1
Ocean,16.50516356425282,2.1
Mercer,16.289900554890494,1.9
Passaic,16.178588053688085,1.5
Hudson,16.060751664562833,1.3999999999999997
Camden,16.007579620660113,1.3999999999999997
Essex,15.919645798295143,1.2
Warren,15.808520583193014,2.4
Union,15.564288354577371,1.2
Burlington,15.291077108154877,1.3
Middlesex,15.26762823879784,1
Gloucester,14.481409240521126,1.1
Bergen,13.865951221592573,1
Sussex,13.705150490871427,2
Monmouth,11.753240000150797,0.6999999999999998
Somerset,10.343183360233828,1.3
Morris,7.73577631321805,1.2
Hunterdon,4.154211542504023,1
