county,pov,moe
Cumberland,18.55704655032664,3.0999999999999996
Salem,18.419546550326636,4.2
Passaic,18.29579655032664,1.5
Cape May,17.513900778215785,3.2999999999999994
Atlantic,16.595684586413135,2.1
Ocean,16.593096126640354,2.1
Warren,16.5246445906614,2.4
Mercer,16.433319045381932,1.9
Hudson,16.05061485566636,1.3999999999999997
Camden,16.049642531732886,1.3999999999999997
Essex,15.894866373159221,1.2
Union,15.863686549790154,1.2
Burlington,15.837072054487166,1.3
Middlesex,15.674956091794245,1
Gloucester,15.238368670777803,1.1
Bergen,14.523532690385874,1
Sussex,13.749269967055156,2
Monmouth,10.5132683392706,0.6999999999999998
Somerset,7.285947028438381,1.3
Morris,4.832653302766901,1.2
Hunterdon,4.053086766382723,1
