county,pov,moe
McKinley,32.027715552535916,4.4
Sierra,30.30271555253592,17.299999999999997
Quay,28.57771555253592,15.7
Catron,19.964067283129737,20
Hidalgo,19.328963719033943,13.999999999999998
Mora,18.779999927364717,19.7
Socorro,16.385054313007906,10.1
Colfax,16.21843666411938,11.000000000000002
Harding,15.513399910111241,14.6
Guadalupe,15.064421841103206,14.800000000000002
Union,15.031255047110328,14.299999999999999
San Miguel,14.178179591297123,8.9
Cibola,14.145555087902242,6.7
Grant,14.124415274544717,7.500000000000001
Roosevelt,14.081109428412905,9
Luna,13.518035193112443,6.999999999999999
Lincoln,13.444128021695295,9.1
Torrance,12.755800647824897,7.9
De Baca,12.129062349073898,11.9
Rio Arriba,11.971701722155368,5.699999999999999
San Juan,11.907726972349703,3.5999999999999996
Chaves,11.528063981710453,4.300000000000001
Curry,11.39552217814505,5.2
Doña Ana,11.052585512612422,3.0999999999999996
Otero,10.938800671746458,4.7
Taos,10.55978091998954,5.800000000000001
Valencia,10.352535283715948,4.2
Lea,9.908111237698684,3.8
Eddy,9.489286390310987,4.1000000000000005
Bernalillo,9.127909436992908,1.6
Santa Fe,9.103961580153328,2.6
Sandoval,8.041290747654745,1.7000000000000002
Los Alamos,7.552692408316498,1.9
