county,pov,moe
McKinley,33.362715552535924,4.4
Sierra,30.925215552535917,17.299999999999997
Catron,29.32876413881723,20
Quay,28.731465552535916,15.7
Hidalgo,25.865771657576808,13.999999999999998
Colfax,23.449890237670417,11.000000000000002
Socorro,22.819521053629863,10.1
Mora,22.347330085783394,19.7
Grant,20.660031720473743,7.500000000000001
San Miguel,20.60615958500958,8.9
Cibola,20.152980757439245,6.7
Roosevelt,20.013416682696143,9
Luna,19.958272527563373,6.999999999999999
San Juan,17.545341430761248,3.5999999999999996
Doña Ana,15.248603251585017,3.0999999999999996
Chaves,15.110743733985233,4.300000000000001
Rio Arriba,13.339647062027977,5.699999999999999
Lincoln,13.178138222288972,9.1
Torrance,11.02098949977705,7.9
Harding,9.314116730987202,14.6
Curry,8.77871318607566,5.2
Union,6.646613739391228,14.299999999999999
Otero,6.50974742805272,4.7
Guadalupe,5.819017494210331,14.800000000000002
Valencia,4.752098282377902,4.2
Bernalillo,4.406479712512724,1.6
Lea,4.2799673191823855,3.8
Taos,4.178241911226423,5.800000000000001
Santa Fe,4.07966929680375,2.6
Eddy,4.041645502097848,4.1000000000000005
De Baca,4.02404805754026,11.9
Sandoval,4.004213071683243,1.7000000000000002
Los Alamos,4.000429963165257,1.9
