county,pov,moe
Eureka,40.34150195966265,32.4
Mineral,40.34150195966265,8.4
Humboldt,40.34150195966265,7.3
Nye,15.613450447378915,5.699999999999999
Clark,13.514367049799692,0.6999999999999998
Carson City,13.429928308590622,4.2
Lander,12.142706186288766,9.2
Washoe,10.80693552957828,1.3999999999999997
Elko,10.786021863522219,3.4000000000000004
Storey,10.529472407430783,12.3
Lyon,8.96767512089814,4
White Pine,7.2524605503819455,4.9
Churchill,6.168850379061023,4.300000000000001
Douglas,5.0472240496464575,2.9000000000000004
Pershing,4.587330612873779,5.599999999999999
Lincoln,3.7418075161021207,6.1000000000000005
Esmeralda,2.8872640994592813,8.5
