county,pov,moe
Eureka,50,32.4
Mineral,45.75150195966265,8.4
Humboldt,40.80150195966265,7.3
Nye,13.558322576319807,5.699999999999999
Clark,13.105735463905047,0.6999999999999998
Carson City,11.154164481843578,4.2
Lander,9.009291509221004,9.2
Washoe,8.955902617097026,1.3999999999999997
Elko,8.591455020100293,3.4000000000000004
Storey,7.732234221427542,12.3
Lyon,7.168899830291344,4
White Pine,6.135464091636173,4.9
Churchill,5.608982772701955,4.300000000000001
Douglas,5.117508713412815,2.9000000000000004
Pershing,4.919179058002408,5.599999999999999
Lincoln,4.595983217403929,6.1000000000000005
Esmeralda,4.293872507311772,8.5
