county,pov,moe
Eureka,40.55150195966265,32.4
Mineral,40.40150195966265,8.4
Humboldt,40.26650195966265,7.3
Nye,19.20883645566445,5.699999999999999
Carson City,17.39713654264054,4.2
Clark,15.497032843063764,0.6999999999999998
Washoe,13.961828580950227,1.3999999999999997
Elko,12.309792570605355,3.4000000000000004
Lander,10.254695400053356,9.2
Lyon,6.50978413382893,4
Storey,5.405688028761706,12.3
White Pine,4.472688981625588,4.9
Churchill,4.179672334551396,4.300000000000001
Douglas,4.060084591903808,2.9000000000000004
Pershing,4.0191086248702215,5.599999999999999
Lincoln,4.003894066527573,6.1000000000000005
Esmeralda,4.000250965965104,8.5
