county,pov,moe
Eureka,44.81150195966265,32.4
Mineral,42.57650195966265,8.4
Humboldt,40.34150195966265,7.3
Storey,10.704157118392722,12.3
Lander,9.74683971172091,9.2
Esmeralda,9.433581710779713,8.5
Lincoln,8.709760844654154,6.1000000000000005
Nye,8.683229491595677,5.699999999999999
Pershing,8.566360269609923,5.599999999999999
White Pine,8.37219221030078,4.9
Carson City,8.196365159988067,4.2
Churchill,8.176799081845946,4.300000000000001
Lyon,8.102876877902894,4
Elko,7.927355188070711,3.4000000000000004
Douglas,7.730683928153234,2.9000000000000004
Washoe,7.303541498773182,1.3999999999999997
Clark,7.116751029224148,0.6999999999999998
