county,pov,moe
Eureka,41.74150195966265,32.4
Mineral,41.041501959662654,8.4
Humboldt,40.34150195966265,7.3
Nye,14.879979915841318,5.699999999999999
Clark,13.06937420217251,0.6999999999999998
Carson City,12.757736386691231,4.2
Lander,11.70224708899623,9.2
Storey,10.427827040124264,12.3
Elko,10.32205349406455,3.4000000000000004
Washoe,10.295615715650369,1.3999999999999997
Lyon,8.759338620858875,4
White Pine,7.311219333085727,4.9
Churchill,6.33815772085517,4.300000000000001
Douglas,5.286651313085267,2.9000000000000004
Pershing,4.922610360790951,5.599999999999999
Lincoln,4.099142731698486,6.1000000000000005
Esmeralda,3.2035401970970865,8.5
