county,pov,moe
Eureka,42.05150195966265,32.4
Mineral,41.15150195966265,8.4
Humboldt,40.34150195966265,7.3
Nye,18.567022915160905,5.699999999999999
Carson City,16.103299219912,4.2
Clark,15.418935342481092,0.6999999999999998
Washoe,12.545917451490695,1.3999999999999997
Elko,11.128191755861835,3.4000000000000004
Lander,10.029286374413985,9.2
Lyon,7.0265954815911735,4
Storey,6.251261201887185,12.3
White Pine,4.993590384079368,4.9
Churchill,4.5077876924992974,4.300000000000001
Douglas,4.234164295736688,2.9000000000000004
Pershing,4.1083010873276375,5.599999999999999
Lincoln,4.035787207742694,6.1000000000000005
Esmeralda,4.005353710827491,8.5
