county,pov,moe
Eureka,45.126501959662654,32.4
Mineral,42.68900195966265,8.4
Humboldt,40.495251959662646,7.3
Nye,18.974197015909375,5.699999999999999
Carson City,16.585200600677368,4.2
Clark,15.482562874519559,0.6999999999999998
Washoe,12.476539200242968,1.3999999999999997
Elko,10.336866801636111,3.4000000000000004
Lander,8.703172131049497,9.2
Lyon,5.808541834898298,4
Storey,5.215834978375152,12.3
White Pine,4.381094183564025,4.9
Churchill,4.150695700106297,4.300000000000001
Douglas,4.0514933248728315,2.9000000000000004
Pershing,4.018573225456479,5.599999999999999
Lincoln,4.0041487854555315,6.1000000000000005
Esmeralda,4.000323464247377,8.5
