county,pov,moe
Eureka,40.85150195966265,32.4
Mineral,40.55150195966265,8.4
Humboldt,40.281501959662656,7.3
Nye,19.349998964246513,5.699999999999999
Carson City,17.867272880647565,4.2
Clark,15.504402387984232,0.6999999999999998
Washoe,14.686138851411105,1.3999999999999997
Elko,12.877536927354456,3.4000000000000004
Lander,9.757224283929704,9.2
Lyon,5.778255922673257,4
Storey,4.736844488597997,12.3
White Pine,4.188265309628523,4.9
Churchill,4.053364022613807,4.300000000000001
Douglas,4.0129745679697555,2.9000000000000004
Pershing,4.002847223115884,5.599999999999999
Lincoln,4.00035833489231,6.1000000000000005
Esmeralda,4.0000099559496345,8.5
