county,pov,moe
Eureka,41.45150195966265,32.4
Mineral,40.85150195966265,8.4
Humboldt,40.31150195966265,7.3
Nye,19.189948919864154,5.699999999999999
Carson City,17.318641787241273,4.2
Clark,15.496205469533958,0.6999999999999998
Washoe,13.789392115923524,1.3999999999999997
Elko,11.985992508936985,3.4000000000000004
Lander,9.843007458451686,9.2
Lyon,6.311068740494272,4
Storey,5.2814179413135465,12.3
White Pine,4.430531958389152,4.9
Churchill,4.163487780870376,4.300000000000001
Douglas,4.054652211470408,2.9000000000000004
Pershing,4.017377802528676,5.599999999999999
Lincoln,4.003541203534923,6.1000000000000005
Esmeralda,4.00022822245909,8.5
