county,pov,moe
Eureka,43.041501959662654,32.4
Mineral,41.69150195966265,8.4
Humboldt,40.34150195966265,7.3
Nye,12.125235173387784,5.699999999999999
Lander,10.82598082554234,9.2
Clark,10.753519806207347,0.6999999999999998
Storey,10.695324732038513,12.3
Carson City,10.635768202097145,4.2
Elko,9.20076270133419,3.4000000000000004
Washoe,8.88292734822975,1.3999999999999997
Lyon,8.51830881880924,4
White Pine,7.9275543420758,4.9
Churchill,7.3113786389304245,4.300000000000001
Pershing,6.617119328381965,5.599999999999999
Douglas,6.501688902855668,2.9000000000000004
Lincoln,6.052075981013803,6.1000000000000005
Esmeralda,5.37784932010807,8.5
