county,pov,moe
Eureka,43.79150195966265,32.4
Mineral,42.06650195966265,8.4
Humboldt,40.34150195966265,7.3
Storey,10.745065416714496,12.3
Nye,10.557811468697844,5.699999999999999
Lander,10.357313840073584,9.2
Carson City,9.520701545402718,4.2
Clark,9.14043027682305,0.6999999999999998
Elko,8.629951539627655,3.4000000000000004
Lyon,8.354907101582143,4
White Pine,8.167498893113944,4.9
Washoe,8.164754852552356,1.3999999999999997
Churchill,7.741967089666649,4.300000000000001
Pershing,7.52122102972041,5.599999999999999
Lincoln,7.2397930110510265,6.1000000000000005
Douglas,7.0900440673147935,2.9000000000000004
Esmeralda,7.069033988671382,8.5
