county,pov,moe
Bronx,27.637258084998212,1.3999999999999997
Oswego,23.699758084998212,3.0999999999999996
Franklin,20.156008084998213,6.1000000000000005
Schuyler,19.436071201887348,6.3
Yates,18.490956327763417,5.3
Delaware,17.558580944261756,4.4
Allegany,17.369189525019085,3.4999999999999996
St. Lawrence,17.352228119407354,3.7000000000000006
Montgomery,17.24689115337089,3.8
Sullivan,17.234103485297616,3.7000000000000006
Broome,17.020072966427374,2.9000000000000004
Cattaraugus,16.956592291788134,3.0999999999999996
Chautauqua,16.81301964264317,2.7
Fulton,16.472812187225845,4.300000000000001
Chemung,16.472560505543658,3.0999999999999996
Rockland,16.30666077155683,1.9
Lewis,16.243099025585174,3.2999999999999994
Orleans,15.96237317564547,3.7000000000000006
Oneida,15.882073193170795,2.2
Cayuga,15.776766974512931,3
Chenango,15.753675239249553,3.0999999999999996
Steuben,15.725875707340833,2.7999999999999994
Kings,15.518161572302446,0.8
Onondaga,15.486470689414267,1.5
Seneca,15.48502828690301,4.300000000000001
Orange,15.39822692108472,1.7999999999999998
Herkimer,15.347023133241185,3.0999999999999996
Niagara,15.319695482119485,2.1
Clinton,15.311846223903444,3.4000000000000004
New York,15.17528131187956,1.3999999999999997
Livingston,15.058471475549714,4.1000000000000005
Rensselaer,15.054529451318697,2.5
Jefferson,15.038367789093845,2.7999999999999994
Otsego,14.994511515995615,3.2999999999999994
Monroe,14.901479643585716,1.2
Erie,14.762415189408006,1.1
Columbia,14.37623924514772,3.8
Ulster,14.286894432954236,2.6
Albany,14.162833479282225,1.7999999999999998
Washington,14.000329642940176,3.8
Schenectady,13.99738211699856,2.6
Wyoming,13.962061963352912,4.1000000000000005
Wayne,13.679573177794202,2.9000000000000004
Essex,13.09648465645275,3.2999999999999994
Queens,12.720286385537086,0.6999999999999998
Madison,12.609569138282865,2.7999999999999994
Tioga,12.407215766165185,3.4000000000000004
Hamilton,12.332104938248852,5.3
Richmond,12.296605585759144,1.3999999999999997
Cortland,12.172761797592452,2.4
Greene,12.011382027546414,3.8
Tompkins,11.84960847538006,2.7999999999999994
Ontario,10.681471142836688,2.2
Schoharie,10.378901873561281,2.3
Genesee,9.772449444309744,2.7999999999999994
Westchester,9.493044378580002,0.8999999999999999
Dutchess,8.840806452983466,1.3
Warren,8.63209992604093,2.2
Suffolk,7.68949476872187,0.658
Saratoga,7.2613010620098954,1.3999999999999997
Nassau,6.390357480066693,0.658
Putnam,5.480605262963088,1.7000000000000002
