county,pov,moe
Franklin,19.99703034866475,6.1000000000000005
Schuyler,19.76113060058462,6.3
Yates,18.885738858607223,5.3
Delaware,18.09125945965857,4.4
Hamilton,18.03119520644154,5.3
Fulton,17.75561023515059,4.3
St. Lawrence,17.7361681790249,3.7000000000000006
Seneca,17.710339344515187,4.3
Montgomery,17.692435560348173,3.8
Sullivan,17.689495070156134,3.7000000000000006
Allegany,17.66833101091601,3.5000000000000004
Oswego,17.57505951694192,3.0999999999999996
Livingston,17.562982446783536,4.1
Wyoming,17.4847417841744,4.1
Orleans,17.37110648140865,3.7000000000000006
Cattaraugus,17.322454417530356,3.0999999999999996
Columbia,17.307695049736303,3.8
Washington,17.302931409722618,3.8
Broome,17.225531564692165,2.9000000000000004
Lewis,17.218382868767947,3.3000000000000003
Greene,17.177820852417764,3.8
Clinton,17.151947416950485,3.4000000000000004
Chemung,17.128035889172267,3.0999999999999996
Otsego,17.08002786904654,3.3000000000000003
Chautauqua,17.067490854697077,2.7
Chenango,17.011477140175447,3.0999999999999996
Herkimer,16.98249055134201,3.0999999999999996
Tioga,16.96887024348357,3.4000000000000004
Cayuga,16.95875490808688,3
Essex,16.95091937775318,3.3000000000000003
Steuben,16.84343655624981,2.7999999999999994
Jefferson,16.77954477134994,2.7999999999999994
Wayne,16.76113569585139,2.9000000000000004
Madison,16.64849263102867,2.7999999999999994
Ulster,16.63204299730372,2.6
Schenectady,16.62194846317591,2.6
Tompkins,16.608040187652414,2.7999999999999994
Rensselaer,16.602098973924765,2.5
Genesee,16.5522392788041,2.7999999999999994
Oneida,16.526182185706197,2.2
Rockland,16.480869909694025,1.9
Niagara,16.39704693271799,2.1
Cortland,16.38979076010605,2.4
Bronx,16.364774642140382,1.3999999999999997
Schoharie,16.309978544647286,2.3
Ontario,16.25562508306957,2.2
Orange,16.22788106912842,1.8000000000000003
Warren,16.184471209023215,2.2
Albany,16.134560655843565,1.8000000000000003
Onondaga,16.056070151263867,1.5
New York,15.955018609322103,1.3999999999999997
Putnam,15.87012973484262,1.7000000000000002
Richmond,15.843204853662533,1.3999999999999997
Monroe,15.810063455203869,1.2
Erie,15.741007574658214,1.1
Saratoga,15.73499059308231,1.3999999999999997
Dutchess,15.713208967848747,1.3
Kings,15.623524172502748,0.8
Westchester,15.501016186436031,0.9000000000000001
Queens,15.4286299980982,0.6999999999999998
Suffolk,15.318327838009937,0.6
Nassau,15.308409797070011,0.6
