county,pov,moe
Franklin,19.75437181533345,6.1000000000000005
Schuyler,18.998534503776536,6.3
Yates,18.112038129948193,5.3
Oswego,17.510660188442515,3.0999999999999996
Delaware,17.30754116918797,4.4
Allegany,17.271821661789954,3.5000000000000004
St. Lawrence,17.22195706759689,3.7000000000000006
Sullivan,17.122326704381827,3.7000000000000006
Bronx,17.080302453850884,1.3999999999999997
Montgomery,17.040565074676238,3.8
Cattaraugus,16.918965623090347,3.0999999999999996
Broome,16.912287321777892,2.9000000000000004
Chautauqua,16.76672603545975,2.7
Fulton,16.735665773799763,4.3
Seneca,16.64136237459381,4.3
Lewis,16.53130785915166,3.3000000000000003
Livingston,16.528991426704653,4.1
Chemung,16.52433965677396,3.0999999999999996
Orleans,16.4898497097318,3.7000000000000006
Hamilton,16.434364570328793,5.3
Wyoming,16.38078591790582,4.1
Clinton,16.318104042279487,3.4000000000000004
Rockland,16.304634388046573,1.9
Chenango,16.294460103834147,3.0999999999999996
Columbia,16.285215613413868,3.8
Cayuga,16.27889758535383,3
Washington,16.27811692318895,3.8
Otsego,16.25974957203205,3.3000000000000003
Herkimer,16.23853289458976,3.0999999999999996
Steuben,16.225039038343464,2.7999999999999994
Oneida,16.11362943524158,2.2
Jefferson,16.10174632446712,2.7999999999999994
Greene,16.03760410312164,3.8
Essex,16.016134841097593,3.3000000000000003
Rensselaer,16.008016240089685,2.5
Ulster,15.983481376419729,2.6
Wayne,15.982206144982825,2.9000000000000004
Tioga,15.970251329454168,3.4000000000000004
Schenectady,15.960589467670165,2.6
Niagara,15.945149071057104,2.1
Orange,15.87073972674704,1.8000000000000003
Madison,15.8476169732511,2.7999999999999994
Onondaga,15.790012786534957,1.5
Tompkins,15.769479506334324,2.7999999999999994
Albany,15.68825020106949,1.8000000000000003
Cortland,15.681841661488654,2.4
New York,15.676649587831953,1.3999999999999997
Genesee,15.664603380959594,2.7999999999999994
Schoharie,15.613025145944176,2.3
Ontario,15.592533380683252,2.2
Monroe,15.563455117026173,1.2
Kings,15.549408424034178,0.8
Erie,15.512917795948105,1.1
Richmond,15.460211247680212,1.3999999999999997
Warren,15.454319840897233,2.2
Dutchess,15.293589225840984,1.3
Putnam,15.26208517556086,1.7000000000000002
Saratoga,15.251662714342014,1.3999999999999997
Queens,15.244218606411456,0.6999999999999998
Westchester,15.217437856062544,0.9000000000000001
Suffolk,15.114638148056736,0.6
Nassau,15.095535252411917,0.6
