county,pov,moe
Bronx,22.012258084998212,1.3999999999999997
Oswego,20.887258084998216,3.0999999999999996
Franklin,19.874758084998213,6.1000000000000005
Schuyler,19.867799257025784,6.3
Yates,19.088009194815974,5.3
Delaware,18.384073583646448,4.4
Fulton,18.228811063710378,4.300000000000001
Montgomery,17.918504850106785,3.8
St. Lawrence,17.841906550314995,3.7000000000000006
Sullivan,17.84117632020544,3.7000000000000006
Seneca,17.835167566125886,4.300000000000001
Orleans,17.744143995910633,3.7000000000000006
Allegany,17.686574070146225,3.4999999999999996
Lewis,17.507187663080288,3.2999999999999994
Livingston,17.42934784103459,4.1000000000000005
Cattaraugus,17.374705348396162,3.0999999999999996
Clinton,17.37416980215471,3.4000000000000004
Chemung,17.368746223333776,3.0999999999999996
Chenango,17.31471536528172,3.0999999999999996
Cayuga,17.249541551199847,3
Herkimer,17.226626865632582,3.0999999999999996
Broome,17.219243009968014,2.9000000000000004
Otsego,17.16976292136613,3.2999999999999994
Steuben,17.104123244565,2.7999999999999994
Chautauqua,17.063395082991477,2.7
Jefferson,16.959475420910117,2.7999999999999994
Rensselaer,16.792913412199173,2.5
Oneida,16.66942775396135,2.2
Niagara,16.56789393077748,2.1
Columbia,16.56018798635729,3.8
Ulster,16.450188301544355,2.6
Rockland,16.440203833622057,1.9
Orange,16.3521978238785,1.7999999999999998
Schenectady,16.16007739759712,2.6
Onondaga,16.12625902373103,1.5
Albany,16.097032936616273,1.7999999999999998
New York,16.043148441502726,1.3999999999999997
Monroe,15.882250104510753,1.2
Washington,15.843508447741783,3.8
Erie,15.800805638917803,1.1
Wayne,15.621230300726468,2.9000000000000004
Kings,15.583246231446482,0.8
Wyoming,15.55660339828223,4.1000000000000005
Queens,14.598067954603641,0.6999999999999998
Essex,13.832690021411615,3.2999999999999994
Richmond,13.343246643457181,1.3999999999999997
Madison,12.807906225268969,2.7999999999999994
Cortland,11.778339550116263,2.4
Tioga,11.292059203499932,3.4000000000000004
Tompkins,10.056707373819588,2.7999999999999994
Greene,9.34896923603469,3.8
Hamilton,8.666901758538003,5.3
Ontario,7.0342242119215195,2.2
Schoharie,6.263063189676023,2.3
Westchester,5.461940188285334,0.8999999999999999
Genesee,5.1015796207450155,2.7999999999999994
Dutchess,4.628499134566791,1.3
Warren,4.383355755770754,2.2
Suffolk,4.178139540597846,0.658
Saratoga,4.08010841459492,1.3999999999999997
Nassau,4.023029249377682,0.658
Putnam,4.002516717383721,1.7000000000000002
