county,pov,moe
Bronx,21.912258084998214,1.3999999999999997
Oswego,20.882258084998213,3.0999999999999996
Franklin,19.852258084998216,6.1000000000000005
Schuyler,18.34763836317326,6.3
Yates,17.448184504588767,5.3
Delaware,16.598133618908314,4.4
St. Lawrence,16.298230525055256,3.7000000000000006
Allegany,16.286263765968755,3.4999999999999996
Montgomery,16.242097671509804,3.8
Sullivan,16.21095610816275,3.7000000000000006
Fulton,15.950218735753035,4.300000000000001
Broome,15.935974538146702,2.9000000000000004
Cattaraugus,15.892560979222909,3.0999999999999996
Chautauqua,15.730265002517452,2.7
Chemung,15.55609139257726,3.0999999999999996
Lewis,15.482751619697996,3.2999999999999994
Orleans,15.472730721370173,3.7000000000000006
Seneca,15.467355610708267,4.300000000000001
Rockland,15.23434147428928,1.9
Livingston,15.189501713607564,4.1000000000000005
Chenango,15.150351834231893,3.0999999999999996
Cayuga,15.127602436069784,3
Clinton,15.038641781883086,3.4000000000000004
Steuben,15.031671966025776,2.7999999999999994
Herkimer,14.943302097370594,3.0999999999999996
Oneida,14.936680872702132,2.2
Otsego,14.8478200439161,3.2999999999999994
Columbia,14.755522940397704,3.8
Wyoming,14.684774956566452,4.1000000000000005
Jefferson,14.67886742908272,2.7999999999999994
Washington,14.582802831228852,3.8
Rensselaer,14.575722509754657,2.5
Niagara,14.574545871908807,2.1
Orange,14.524419422559104,1.7999999999999998
Onondaga,14.498345723207292,1.5
Kings,14.471315923009694,0.8
Hamilton,14.38444527315435,5.3
New York,14.272124785895684,1.3999999999999997
Ulster,14.241494833601253,2.6
Schenectady,14.105952978149169,2.6
Wayne,14.077407385042395,2.9000000000000004
Monroe,14.048644184300988,1.2
Essex,13.96722860694494,3.2999999999999994
Erie,13.936773659368788,1.1
Albany,13.874231125627656,1.7999999999999998
Tioga,13.683284010891855,3.4000000000000004
Greene,13.648009393616581,3.8
Madison,13.542373314849032,2.7999999999999994
Tompkins,13.18131506569569,2.7999999999999994
Cortland,13.179252977982319,2.4
Richmond,12.84265576229727,1.3999999999999997
Queens,12.763817447782152,0.6999999999999998
Ontario,12.368068747836368,2.2
Schoharie,12.246309793018558,2.3
Genesee,12.09017596196325,2.7999999999999994
Westchester,11.249386334338045,0.8999999999999999
Warren,11.1753140346001,2.2
Dutchess,11.00637330233923,1.3
Suffolk,10.015413015345331,0.658
Saratoga,9.89846903024305,1.3999999999999997
Nassau,8.871820787068987,0.658
Putnam,7.917198947880094,1.7000000000000002
