county,pov,moe
Bronx,27.762258084998216,1.3999999999999997
Oswego,23.762258084998216,3.0999999999999996
Franklin,20.162258084998214,6.1000000000000005
Schuyler,19.841218919678017,6.3
Yates,19.033595796893536,5.3
Delaware,18.272315004596322,4.4
Montgomery,17.8429774067178,3.8
St. Lawrence,17.802243103984928,3.7000000000000006
Sullivan,17.77949097681743,3.7000000000000006
Allegany,17.67001880827124,3.4999999999999996
Fulton,17.66822988486641,4.300000000000001
Cattaraugus,17.34495301724329,3.0999999999999996
Chemung,17.22522189071119,3.0999999999999996
Lewis,17.214491045105937,3.2999999999999994
Broome,17.212577455690166,2.9000000000000004
Orleans,17.140053566356034,3.7000000000000006
Chautauqua,17.052667070117316,2.7
Chenango,16.846045994977004,3.0999999999999996
Cayuga,16.834243043266174,3
Steuben,16.739612772643188,2.7999999999999994
Seneca,16.653296591769802,4.300000000000001
Oneida,16.553274481289403,2.2
Herkimer,16.510230185732496,3.0999999999999996
Clinton,16.493949949320854,3.4000000000000004
Rockland,16.4370419047952,1.9
Niagara,16.258751217493685,2.1
Jefferson,16.184287713191676,2.7999999999999994
Orange,16.173829345150555,1.7999999999999998
Rensselaer,16.16767994024713,2.5
Otsego,16.133430778197717,3.2999999999999994
Livingston,16.10180576608346,4.1000000000000005
Onondaga,16.047114284741475,1.5
New York,15.892754365366448,1.3999999999999997
Monroe,15.684892699379782,1.2
Kings,15.582446611581544,0.8
Erie,15.576435063379968,1.1
Ulster,15.30221940114723,2.6
Albany,15.224534711813172,1.7999999999999998
Columbia,15.114263416964505,3.8
Schenectady,14.881705007562337,2.6
Washington,14.44653613340416,3.8
Wayne,14.25226261005339,2.9000000000000004
Wyoming,14.232803542647135,4.1000000000000005
Queens,13.424874657292335,0.6999999999999998
Essex,12.935502641812386,3.2999999999999994
Richmond,12.350654040647038,1.3999999999999997
Madison,12.215440183599217,2.7999999999999994
Cortland,11.535081598707011,2.4
Tioga,11.442964312894876,3.4000000000000004
Tompkins,10.62527760062293,2.7999999999999994
Greene,10.393344881866607,3.8
Hamilton,10.22689847152695,5.3
Ontario,8.62419789545578,2.2
Schoharie,8.035312730808291,2.3
Westchester,7.127398290101371,0.8999999999999999
Genesee,6.903091507898493,2.7999999999999994
Dutchess,6.101424950607684,1.3
Warren,5.684739136095774,2.2
Suffolk,5.079206962514564,0.658
Saratoga,4.720794758427303,1.3999999999999997
Nassau,4.355826227562351,0.658
Putnam,4.105693417310665,1.7000000000000002
