county,pov,moe
Franklin,19.75437181533345,6.1000000000000005
Schuyler,19.27187150992787,6.3
Yates,18.409922572829878,5.3
Delaware,17.62756949938161,4.4
Oswego,17.47543052310034,3.0999999999999996
St. Lawrence,17.416385581218965,3.7000000000000006
Allegany,17.409405484342454,3.5000000000000004
Sullivan,17.34523393468056,3.7000000000000006
Montgomery,17.303317285912907,3.8
Fulton,17.175775562642084,4.3
Hamilton,17.151356263807642,5.3
Seneca,17.109695006314364,4.3
Cattaraugus,17.0706145378695,3.0999999999999996
Broome,17.019208929407206,2.9000000000000004
Livingston,16.98054421006524,4.1
Chautauqua,16.8728285489058,2.7
Orleans,16.87217897250598,3.7000000000000006
Wyoming,16.866821542257675,4.1
Lewis,16.821953633359694,3.3000000000000003
Chemung,16.776842443937657,3.0999999999999996
Columbia,16.737138272723318,3.8
Washington,16.7302248440437,3.8
Clinton,16.68109247812517,3.4000000000000004
Otsego,16.619068260659862,3.3000000000000003
Chenango,16.60497992183284,3.0999999999999996
Cayuga,16.57103694205472,3
Herkimer,16.56257297202279,3.0999999999999996
Greene,16.54900734378276,3.8
Bronx,16.51281946826492,1.3999999999999997
Steuben,16.488710890426393,2.7999999999999994
Essex,16.43153436756958,3.3000000000000003
Tioga,16.415314945963097,3.4000000000000004
Jefferson,16.395158036233777,2.7999999999999994
Rockland,16.358746669300256,1.9
Wayne,16.32571078707832,2.9000000000000004
Oneida,16.284736592623627,2.2
Ulster,16.265767684850843,2.6
Rensselaer,16.26498579223377,2.5
Schenectady,16.251066573224374,2.6
Madison,16.204739064790946,2.7999999999999994
Tompkins,16.14619121641875,2.7999999999999994
Niagara,16.137818542402492,2.1
Genesee,16.06548886271353,2.7999999999999994
Orange,16.020209766861715,1.8000000000000003
Cortland,15.999045844209245,2.4
Schoharie,15.925730401487712,2.3
Onondaga,15.899104476988631,1.5
Ontario,15.889245002566804,2.2
Albany,15.883128142178107,1.8000000000000003
New York,15.793496485336888,1.3999999999999997
Warren,15.7863342353387,2.2
Monroe,15.667520655956087,1.2
Richmond,15.62984408940363,1.3999999999999997
Erie,15.609602337700268,1.1
Kings,15.572103860758002,0.8
Putnam,15.542230909487975,1.7000000000000002
Dutchess,15.48388300410945,1.3
Saratoga,15.473231921214131,1.3999999999999997
Westchester,15.345489568359072,0.9000000000000001
Queens,15.325122233784716,0.6999999999999998
Suffolk,15.207638384176766,0.6
Nassau,15.1932686366841,0.6
