county,pov,moe
Schuyler,19.85213434912557,6.3
Franklin,19.762258084998212,6.1000000000000005
Yates,19.035263817950625,5.3
Delaware,18.263836898644016,4.4
Montgomery,17.840172118242705,3.8
St. Lawrence,17.80855279819582,3.7000000000000006
Sullivan,17.779658950607104,3.7000000000000006
Fulton,17.696786930608173,4.300000000000001
Allegany,17.686003801477877,3.4999999999999996
Oswego,17.425081977622042,3.0999999999999996
Cattaraugus,17.35491098722167,3.0999999999999996
Broome,17.23494265649802,2.9000000000000004
Chemung,17.214401235788475,3.0999999999999996
Lewis,17.20542122661054,3.2999999999999994
Orleans,17.179471764683694,3.7000000000000006
Chautauqua,17.072137509791833,2.7
Seneca,16.904494260713257,4.300000000000001
Chenango,16.859229204258106,3.0999999999999996
Cayuga,16.83907161443632,3
Steuben,16.737932823966236,2.7999999999999994
Clinton,16.616107348263565,3.4000000000000004
Herkimer,16.580347190876534,3.0999999999999996
Oneida,16.54500643994832,2.2
Rockland,16.462538446387015,1.9
Livingston,16.456769180307326,4.1000000000000005
Otsego,16.321344390327717,3.2999999999999994
Jefferson,16.273322307869996,2.7999999999999994
Niagara,16.251939782340244,2.1
Rensselaer,16.215041191774727,2.5
Orange,16.162090040951828,1.7999999999999998
Bronx,16.10068218344221,1.3999999999999997
Onondaga,16.044101173646247,1.5
New York,15.88210999300747,1.3999999999999997
Columbia,15.674066820933511,3.8
Monroe,15.673212599960465,1.2
Kings,15.610813263648932,0.8
Erie,15.565189061969267,1.1
Ulster,15.561351738801301,2.6
Albany,15.353243263493818,1.7999999999999998
Schenectady,15.249704222051996,2.6
Washington,15.18848550363714,3.8
Wyoming,15.097204290728843,4.1000000000000005
Wayne,14.852066847148288,2.9000000000000004
Essex,13.959108336189665,3.2999999999999994
Queens,13.781743423307958,0.6999999999999998
Madison,13.302801701627681,2.7999999999999994
Richmond,13.122155273937826,1.3999999999999997
Tioga,12.79968789658601,3.4000000000000004
Cortland,12.685556351491185,2.4
Hamilton,12.049890858729281,5.3
Tompkins,12.001072856821663,2.7999999999999994
Greene,11.96545502523494,3.8
Ontario,10.026327777787468,2.2
Schoharie,9.406195622002025,2.3
Westchester,8.195131764061806,0.8999999999999999
Genesee,8.0724879717779,2.7999999999999994
Dutchess,6.8240661982026385,1.3
Warren,6.1994854827760655,2.2
Suffolk,5.026855745663562,0.658
Saratoga,4.268924711782791,1.3999999999999997
Nassau,3.3201809590906546,0.658
Putnam,2.5043717499680063,1.7000000000000002
