county,pov,moe
Bronx,19.852258084998216,1.3999999999999997
Oswego,19.852258084998216,3.0999999999999996
Franklin,19.852258084998216,6.1000000000000005
Schuyler,18.83872358847621,6.3
Yates,18.01828227204067,5.3
Delaware,17.249745020030176,4.4
Montgomery,16.825078069152386,3.8
St. Lawrence,16.794998836717852,3.7000000000000006
Fulton,16.792264163868097,4.300000000000001
Sullivan,16.764661910377036,3.7000000000000006
Allegany,16.67813884062267,3.4999999999999996
Cattaraugus,16.343571632696943,3.0999999999999996
Orleans,16.294850702731225,3.7000000000000006
Seneca,16.28309077777866,4.300000000000001
Broome,16.233069622889982,2.9000000000000004
Lewis,16.228479495268648,3.2999999999999994
Chemung,16.207444939615133,3.0999999999999996
Chautauqua,16.0675603506108,2.7
Livingston,15.955502794174684,4.1000000000000005
Chenango,15.933713617648213,3.0999999999999996
Cayuga,15.897660965455513,3
Clinton,15.84775406017836,3.4000000000000004
Steuben,15.782823717783703,2.7999999999999994
Herkimer,15.744409457624789,3.0999999999999996
Otsego,15.635806502119312,3.2999999999999994
Oneida,15.53665868466192,2.2
Jefferson,15.465881339703955,2.7999999999999994
Rockland,15.46453250855894,1.9
Columbia,15.408720007401367,3.8
Rensselaer,15.349596143056585,2.5
Niagara,15.285276631550587,2.1
Wyoming,15.17979022869825,4.1000000000000005
Orange,15.16539365708654,1.7999999999999998
Washington,15.134154907222008,3.8
Onondaga,15.033561312820797,1.5
Ulster,14.969855033684704,2.6
New York,14.881424450338542,1.3999999999999997
Schenectady,14.787001932079184,2.6
Monroe,14.68280431869543,1.2
Wayne,14.655270713548823,2.9000000000000004
Kings,14.617092179919458,0.8
Albany,14.608258552202674,1.7999999999999998
Erie,14.581502573106572,1.1
Essex,14.286235099733297,3.2999999999999994
Hamilton,13.802888730862566,5.3
Madison,13.759143312051478,2.7999999999999994
Tioga,13.667483532725514,3.4000000000000004
Queens,13.344941475010385,0.6999999999999998
Greene,13.307976137603223,3.8
Cortland,13.285719392882017,2.4
Richmond,13.204256993834884,1.3999999999999997
Tompkins,13.023228384175557,2.7999999999999994
Ontario,11.663082283820392,2.2
Schoharie,11.2932321716495,2.3
Genesee,10.48579859974652,2.7999999999999994
Westchester,10.11222344957932,0.8999999999999999
Dutchess,9.179324838709842,1.3
Warren,8.818370603821215,2.2
Suffolk,7.413669238560967,0.658
Saratoga,6.645732836000241,1.3999999999999997
Nassau,5.230221621272708,0.658
Putnam,3.6952905307682964,1.7000000000000002
