county,pov,moe
Schuyler,19.851952344056286,6.3
Franklin,19.762258084998212,6.1000000000000005
Yates,19.055524356476297,5.3
Delaware,18.31749520119141,4.4
Fulton,17.912027041241636,4.300000000000001
Montgomery,17.873121989194395,3.8
St. Lawrence,17.817932383902296,3.7000000000000006
Sullivan,17.804014017054577,3.7000000000000006
Allegany,17.676512726093737,3.4999999999999996
Oswego,17.425081977622042,3.0999999999999996
Orleans,17.40388737399033,3.7000000000000006
Cattaraugus,17.35661466511363,3.0999999999999996
Lewis,17.335314144841014,3.2999999999999994
Chemung,17.28284008693588,3.0999999999999996
Seneca,17.246678957547,4.300000000000001
Broome,17.21516501295448,2.9000000000000004
Chautauqua,17.0568278757513,2.7
Chenango,17.045054114274308,3.0999999999999996
Cayuga,17.00881579771154,3
Clinton,16.900591069750597,3.4000000000000004
Steuben,16.89123016879263,2.7999999999999994
Herkimer,16.829034532033614,3.0999999999999996
Livingston,16.815806790500222,4.1000000000000005
Otsego,16.633182629068475,3.2999999999999994
Oneida,16.599188486853333,2.2
Jefferson,16.533296807450974,2.7999999999999994
Rensselaer,16.439901061656386,2.5
Rockland,16.438251574828335,1.9
Niagara,16.38521311150941,2.1
Orange,16.244835350139134,1.7999999999999998
Bronx,16.10068218344221,1.3999999999999997
Onondaga,16.077875787285585,1.5
Columbia,16.033175934577137,3.8
New York,15.95199661143069,1.3999999999999997
Ulster,15.884101441685461,2.6
Monroe,15.763133682806554,1.2
Erie,15.665724354156602,1.1
Albany,15.626582292825214,1.7999999999999998
Schenectady,15.586406568034727,2.6
Kings,15.582747032681407,0.8
Washington,15.524814769987094,3.8
Wyoming,15.415748904475615,4.1000000000000005
Wayne,15.1865758322674,2.9000000000000004
Essex,14.19129404608778,3.2999999999999994
Queens,14.084472417650707,0.6999999999999998
Madison,13.47618303464802,2.7999999999999994
Richmond,13.367797636297961,1.3999999999999997
Tioga,12.830024928508319,3.4000000000000004
Cortland,12.79095347979045,2.4
Tompkins,11.936123161174468,2.7999999999999994
Greene,11.784516143796722,3.8
Hamilton,11.720350823877416,5.3
Ontario,9.61401169142347,2.2
Schoharie,8.85954977060049,2.3
Westchester,7.568155310107157,0.8999999999999999
Genesee,7.260190340027238,2.7999999999999994
Dutchess,5.989833304639849,1.3
Warren,5.279563353709523,2.2
Suffolk,4.197913856376418,0.658
Saratoga,3.499139409692881,1.3999999999999997
Nassau,2.7637052169124003,0.658
Putnam,2.229006945489589,1.7000000000000002
