county,pov,moe
Schuyler,19.896031983280803,6.3
Franklin,19.762258084998212,6.1000000000000005
Yates,19.113520578654512,5.3
Delaware,18.40283473809211,4.4
Fulton,18.185488925632175,4.300000000000001
Montgomery,17.94150222332956,3.8
St. Lawrence,17.86878900406745,3.7000000000000006
Sullivan,17.86572989140028,3.7000000000000006
Seneca,17.749971555962368,4.300000000000001
Allegany,17.71555027856644,3.4999999999999996
Orleans,17.69442926921622,3.7000000000000006
Lewis,17.5006208244525,3.2999999999999994
Oswego,17.425081977622042,3.0999999999999996
Cattaraugus,17.402511575807782,3.0999999999999996
Chemung,17.383021968397262,3.0999999999999996
Livingston,17.37114132442613,4.1000000000000005
Clinton,17.295165498872297,3.4000000000000004
Chenango,17.2826188221377,3.0999999999999996
Broome,17.24892329956922,2.9000000000000004
Cayuga,17.224939559212,3
Herkimer,17.162682742238765,3.0999999999999996
Chautauqua,17.092798620254346,2.7
Steuben,17.08667115341689,2.7999999999999994
Otsego,17.08461289854723,3.2999999999999994
Jefferson,16.889146024079764,2.7999999999999994
Rensselaer,16.739039482368707,2.5
Oneida,16.68701812696026,2.2
Columbia,16.634565826946755,3.8
Niagara,16.55789447293568,2.1
Rockland,16.47007979612209,1.9
Ulster,16.376060709258574,2.6
Orange,16.361082281201565,1.7999999999999998
Onondaga,16.14839259387906,1.5
Schenectady,16.125761009568183,2.6
Washington,16.1177811516478,3.8
Bronx,16.10068218344221,1.3999999999999997
New York,16.055777760924826,1.3999999999999997
Albany,16.018982309853193,1.7999999999999998
Wyoming,15.990032089389384,4.1000000000000005
Monroe,15.888038414635716,1.2
Erie,15.80254199150656,1.1
Wayne,15.764644662044514,2.9000000000000004
Kings,15.613225212221609,0.8
Essex,14.628933861257995,3.2999999999999994
Queens,14.589046501988065,0.6999999999999998
Richmond,13.82925987024163,1.3999999999999997
Madison,13.807608483312908,2.7999999999999994
Cortland,12.991081338059452,2.4
Tioga,12.872530007123789,3.4000000000000004
Tompkins,11.781035848734795,2.7999999999999994
Greene,11.38005419131002,3.8
Hamilton,11.00052390872454,5.3
Ontario,8.74521895912409,2.2
Schoharie,7.744338852375719,2.3
Westchester,6.34850993510249,0.8999999999999999
Genesee,5.769614011303541,2.7999999999999994
Dutchess,4.577488979592519,1.3
Warren,3.8690756486846896,2.2
Suffolk,3.0763408337903684,0.658
Saratoga,2.607301831952636,1.3999999999999997
Nassau,2.2392282422271155,0.658
Putnam,2.045165797952928,1.7000000000000002
