county,pov,moe
Lake,24.14824427206466,11.8
Morrow,24.037810711390893,8.7
Coos,22.912810711390897,4.9
Malheur,21.900310711390894,6.5
Harney,21.478905158814896,8.4
Sherman,20.944654730373816,7.7
Grant,19.790002698626758,6.199999999999999
Lincoln,18.69794662144667,4.8
Tillamook,18.664313324817435,4.8
Klamath,18.543657794139357,4.6
Union,18.145654740646066,4.2
Josephine,17.9198767790466,3.8
Yamhill,17.241413785107568,3.2999999999999994
Douglas,17.21325746601282,2.9000000000000004
Polk,17.04699230352487,3.4999999999999996
Benton,16.53673581730074,3.2
Jackson,16.49332149325954,2.2
Marion,16.32361488534069,1.9
Lane,16.314623553574314,1.7999999999999998
Umatilla,16.201649936359946,3.2999999999999994
Multnomah,15.441480048194316,1.1
Jefferson,15.437517559617081,4.2
Linn,15.2348584660494,2.7
Wasco,13.93712938369866,3.4000000000000004
Deschutes,12.050821300316866,2.1
Clatsop,11.50891131565328,4
Columbia,9.686406788176544,3.2999999999999994
Crook,8.675497260453627,5.3
Wallowa,7.338304735293387,6.1000000000000005
Baker,6.022965831706182,5.2
Curry,5.172329544266958,5.1
Washington,4.489269848682025,1.1
Wheeler,4.335708800161606,8.4
Clackamas,4.085621177471839,1
Hood River,4.025077560908043,2.7999999999999994
Gilliam,4.0023028847206366,4.7
