county,pov,moe
Lake,24.16507130155003,11.8
Morrow,21.787810711390897,8.7
Harney,21.47087559487125,8.4
Sherman,20.94827118405842,7.7
Malheur,20.073881565981704,6.5
Grant,19.818831710651676,6.199999999999999
Coos,18.827387642047746,4.9
Lincoln,18.722130940060524,4.8
Tillamook,18.649791754419013,4.8
Klamath,18.573485054911473,4.6
Union,18.104918033111293,4.2
Josephine,17.947097728907362,3.8
Douglas,17.228725741068597,2.9000000000000004
Yamhill,17.169830972063053,3.2999999999999994
Polk,17.001124655450184,3.4999999999999996
Benton,16.542700934240067,3.2
Jackson,16.432442954783003,2.2
Umatilla,16.30704346267777,3.2999999999999994
Lane,16.293757084899696,1.7999999999999998
Marion,16.275794778799558,1.9
Jefferson,15.992854506170396,4.2
Linn,15.48835077934439,2.7
Multnomah,15.377022044196481,1.1
Wasco,14.79519261019373,3.4000000000000004
Clatsop,13.275058024408558,4
Deschutes,13.190779384962333,2.1
Columbia,11.687085193406102,3.2999999999999994
Crook,11.137717881982212,5.3
Wallowa,9.755861513217626,6.1000000000000005
Baker,7.763321853973067,5.2
Curry,6.138539798396792,5.1
Washington,4.233575849585039,1.1
Wheeler,3.8585993421205016,8.4
Clackamas,2.654166851839699,1
Hood River,2.266563257801314,2.7999999999999994
Gilliam,2.044337302458489,4.7
