county,pov,moe
Lake,24.151523810367227,11.8
Morrow,21.787810711390897,8.7
Harney,21.4958820064362,8.4
Sherman,20.95426219466104,7.7
Malheur,20.073881565981704,6.5
Grant,19.79012200497379,6.199999999999999
Coos,18.827387642047746,4.9
Lincoln,18.69903189893607,4.8
Tillamook,18.687497922802827,4.8
Klamath,18.54366717743798,4.6
Union,18.201069633717047,4.2
Josephine,17.9202692540182,3.8
Polk,17.425231202517153,3.4999999999999996
Yamhill,17.41875605543588,3.2999999999999994
Douglas,17.2173544604759,2.9000000000000004
Benton,17.065035798042686,3.2
Umatilla,16.94617295523923,3.2999999999999994
Jefferson,16.875641761160363,4.2
Jackson,16.605059790783308,2.2
Marion,16.39666964449836,1.9
Lane,16.345289405134622,1.7999999999999998
Linn,16.21646832374561,2.7
Wasco,15.684308329731373,3.4000000000000004
Multnomah,15.664862759849479,1.1
Deschutes,13.971159624921773,2.1
Clatsop,13.936317758633415,4
Columbia,11.961682567226289,3.2999999999999994
Crook,10.884588926212556,5.3
Wallowa,8.879737859000675,6.1000000000000005
Baker,6.477090914220056,5.2
Curry,4.70171824451745,5.1
Washington,3.177781133017478,1.1
Wheeler,2.7614031348779577,8.4
Clackamas,2.197291679890264,1
Hood River,2.0536492366244286,2.7999999999999994
Gilliam,2.0043226114729618,4.7
