county,pov,moe
Morrow,23.31111767366807,8.7
Lake,22.130355438225447,11.8
Malheur,20.06613390158482,6.5
Harney,19.265895934743195,8.4
Grant,19.141749372584503,6.199999999999999
Coos,19.010022282300575,4.9
Sherman,19.005888412131767,7.7
Klamath,18.18425879277769,4.6
Lincoln,17.960791973283662,4.8
Tillamook,17.417789904572718,4.8
Josephine,17.340404298261237,3.8
Wheeler,17.2918689763448,8.4
Union,17.063804910763775,4.2
Wallowa,16.866577646802558,6.1000000000000005
Douglas,16.6815951937268,2.9000000000000004
Crook,16.628251098020026,5.3
Jefferson,16.587218285781756,4.2
Baker,16.583757941090425,5.2
Yamhill,16.46845946089558,3.3000000000000003
Curry,16.467602803280933,5.1
Polk,16.44557232572675,3.5000000000000004
Umatilla,16.330425235919744,3.3000000000000003
Benton,16.30164800943752,3.2
Clatsop,16.29194905233658,4
Wasco,16.169761237686036,3.4000000000000004
Linn,16.084999642762156,2.7
Columbia,16.029339652121866,3.3000000000000003
Jackson,15.991684444684628,2.2
Marion,15.902002216230152,1.9
Lane,15.882003114237724,1.8000000000000003
Gilliam,15.724588426550614,4.7
Deschutes,15.687825058878513,2.1
Hood River,15.524025854468093,2.7999999999999994
Multnomah,15.457906869907506,1.1
Washington,15.314847067607667,1.1
Clackamas,15.230444375206725,1
