county,pov,moe
Morrow,23.277810711390895,8.7
Coos,22.577810711390896,4.9
Lake,22.16690108333303,11.8
Malheur,21.877810711390897,6.5
Harney,19.169217286400286,8.4
Sherman,18.822937360365906,7.7
Grant,18.443581994321896,6.199999999999999
Klamath,17.388687367948407,4.6
Lincoln,17.107822926378244,4.8
Josephine,16.485154126831304,3.8
Tillamook,16.428737797368765,4.8
Union,15.703024942373808,4.2
Douglas,15.44968319730301,2.9000000000000004
Yamhill,14.593477309048227,3.2999999999999994
Polk,14.356846052170393,3.4999999999999996
Lane,14.158675689154244,1.7999999999999998
Jackson,14.011493540322498,2.2
Benton,13.960774002260253,3.2
Marion,13.954676150733572,1.9
Jefferson,13.880702563934339,4.2
Umatilla,13.810682904797645,3.2999999999999994
Linn,13.209832106145228,2.7
Wasco,13.129328086415926,3.4000000000000004
Multnomah,12.954817894690763,1.1
Clatsop,12.863702817303835,4
Crook,12.800248217667418,5.3
Wallowa,12.74056907270203,6.1000000000000005
Columbia,12.13130547475713,3.2999999999999994
Deschutes,12.091526506278333,2.1
Baker,11.779648812539547,5.2
Curry,11.155725703138767,5.1
Wheeler,10.9497803662191,8.4
Washington,8.835163112348123,1.1
Clackamas,7.40101475200732,1
Hood River,6.879187885160247,2.7999999999999994
Gilliam,5.451640763412409,4.7
