county,pov,moe
Lake,23.970278057292514,11.8
Morrow,21.787810711390897,8.7
Harney,21.092042313937405,8.4
Sherman,20.656218189069982,7.7
Malheur,20.073881565981704,6.5
Grant,19.78117081836223,6.199999999999999
Coos,18.827387642047746,4.9
Lincoln,18.619207119552037,4.8
Klamath,18.562606211774476,4.6
Tillamook,18.24995649193551,4.8
Josephine,17.884292574645805,3.8
Union,17.54607868936756,4.2
Douglas,17.04803130759684,2.9000000000000004
Yamhill,16.348071988050677,3.2999999999999994
Polk,15.98061296597989,3.4999999999999996
Lane,15.877848200283148,1.7999999999999998
Jackson,15.74947841403081,2.2
Marion,15.69341462599875,1.9
Benton,15.46142208493127,3.2
Umatilla,15.169195113858455,3.2999999999999994
Jefferson,14.837077791957945,4.2
Multnomah,14.558820263207883,1.1
Linn,14.372943011431985,2.7
Wasco,13.803912683543471,3.4000000000000004
Clatsop,12.811803306080591,4
Deschutes,12.46543035510471,2.1
Crook,11.70328824888992,5.3
Columbia,11.674957177314186,3.2999999999999994
Wallowa,10.987818213448172,6.1000000000000005
Baker,9.522785077110882,5.2
Curry,8.314463926615382,5.1
Wheeler,6.440755156652414,8.4
Washington,6.157709354942796,1.1
Clackamas,4.145711132280836,1
Hood River,3.344491119134773,2.7999999999999994
Gilliam,2.4790280961961666,4.7
