county,pov,moe
Morrow,23.977810711390894,8.7
Coos,22.927810711390897,4.9
Malheur,21.877810711390897,6.5
Lake,21.098309951020212,11.8
Harney,18.195853907204715,8.4
Sherman,17.88105678222011,7.7
Grant,17.75561914961102,6.199999999999999
Klamath,16.889495637977742,4.6
Lincoln,16.34516155959357,4.8
Josephine,15.804571839382852,3.8
Tillamook,15.607321801652477,4.8
Union,14.934970485698035,4.2
Douglas,14.712945582671546,2.9000000000000004
Yamhill,13.948912242477679,3.2999999999999994
Polk,13.798606251755313,3.4999999999999996
Jefferson,13.596203744995123,4.2
Lane,13.469099308544873,1.7999999999999998
Benton,13.46835701610964,3.2
Umatilla,13.381048924735342,3.2999999999999994
Jackson,13.371137812896116,2.2
Wallowa,13.32109964622758,6.1000000000000005
Marion,13.298086291200107,1.9
Crook,13.170369272081206,5.3
Wasco,12.951489685858276,3.4000000000000004
Clatsop,12.914429150496934,4
Linn,12.865869830596779,2.7
Wheeler,12.808945669115456,8.4
Baker,12.54866127972708,5.2
Multnomah,12.423619422097929,1.1
Columbia,12.314501202736942,3.2999999999999994
Curry,12.161989248193294,5.1
Deschutes,12.025478928160833,2.1
Washington,9.867341351052305,1.1
Hood River,9.02086011898548,2.7999999999999994
Clackamas,8.980282542203764,1
Gilliam,8.284872228546943,4.7
