county,pov,moe
Forest,27.96865619268119,16.7
Philadelphia,22.964563749423917,1.6
Mifflin,22.064563749423918,6.199999999999999
Cameron,21.939340185510627,9
Sullivan,21.25456374942392,7.9
Greene,18.283877395364627,4.7
McKean,18.25278637365618,4.300000000000001
Potter,17.979464225915116,3.9
Carbon,17.960828286633657,3.9
Columbia,17.671528339082045,3.5999999999999996
Jefferson,17.606911824541502,3.4000000000000004
Venango,17.501813859723477,3.2999999999999994
Lawrence,17.486769344217613,3.2999999999999994
Clearfield,17.439186424072258,3.2
Cambria,17.293953409513417,3
Warren,17.289336761192253,3.5999999999999996
Mercer,17.13639879764625,2.7999999999999994
Fayette,17.131341393443474,2.7999999999999994
Wyoming,17.111134548021116,3.0999999999999996
Lycoming,17.096252755486134,2.9000000000000004
Blair,17.051621673884537,2.9000000000000004
Northumberland,16.993847232815465,2.9000000000000004
Fulton,16.93298099473878,3.9
Huntingdon,16.92389758341645,3.2
Tioga,16.912340053509542,2.6
Bradford,16.871483025952124,2.7
Pike,16.831215755809062,4.2
Erie,16.744861769547374,2.3
Susquehanna,16.544055157843903,2.9000000000000004
Luzerne,16.51794522188602,2
Crawford,16.42148039928069,2.3
Lackawanna,16.419945858640457,2
Schuylkill,16.406000683391117,2.6
Lehigh,16.38195144199699,1.9
Lebanon,16.343516804141895,2.9000000000000004
Wayne,16.169130047969546,3.4999999999999996
Berks,15.998706629220793,1.5
Dauphin,15.921800021774917,1.7000000000000002
Beaver,15.86940417481372,2.1
Somerset,15.73752554487112,2.4
Monroe,15.480145392408634,3.0999999999999996
Clarion,15.435499025388594,2.7
Indiana,14.915466858773346,2.6
Franklin,14.646741982843281,2.6
Clinton,14.410971253563368,3.2999999999999994
Allegheny,13.335506456952812,0.8999999999999999
Bedford,13.127424202129701,2.4
Delaware,12.930881244846487,1.3
Northampton,12.293022629554388,1.6
Armstrong,12.00968669002235,3.2
Juniata,11.722179980915703,4
Westmoreland,11.652145328245906,1.2
Washington,10.312117918849298,1.7999999999999998
Snyder,9.988476050377384,2.7
Elk,9.572990434355345,3.5999999999999996
Union,8.967276130751442,4
Adams,7.946823116021029,2.3
Montour,7.834475807612609,5.699999999999999
York,6.571461443406081,1
Perry,6.193135092404271,2.4
Cumberland,5.623168275699854,1.3999999999999997
Lancaster,5.194386866690164,1.2
Centre,4.86794019834957,2
Butler,4.551814082838198,1.3999999999999997
Chester,4.314897188647306,1.1
Montgomery,4.1425521947399035,0.8
Bucks,4.031832713149376,0.8
