county,pov,moe
Forest,27.771331091975465,16.7
Cameron,21.35557453628254,9
Sullivan,21.164563749423916,7.9
Mifflin,19.840163955244087,6.199999999999999
McKean,17.598475348650044,4.300000000000001
Potter,17.552749784857784,3.9
Jefferson,17.44155034086854,3.4000000000000004
Carbon,17.405549913540302,3.9
Greene,17.147736167146306,4.7
Cambria,17.089205760679132,3
Clearfield,17.067795784226114,3.2
Venango,17.00430505789388,3.2999999999999994
Columbia,16.90906343819265,3.5999999999999996
Lawrence,16.905169184734866,3.2999999999999994
Mercer,16.89282358203333,2.7999999999999994
Fayette,16.807408603236194,2.7999999999999994
Erie,16.46823114838095,2.3
Luzerne,16.459563582306153,2
Lycoming,16.276028785119138,2.9000000000000004
Philadelphia,16.256493923933956,1.6
Tioga,16.227192042078702,2.6
Blair,16.15032391552847,2.9000000000000004
Warren,16.11777879710927,3.5999999999999996
Wyoming,16.08664084103648,3.0999999999999996
Northumberland,16.015255242943596,2.9000000000000004
Bradford,15.939833647637899,2.7
Lehigh,15.760668725650564,1.9
Huntingdon,15.750669590009506,3.2
Fulton,15.718513951726248,3.9
Lackawanna,15.675224070670088,2
Pike,15.674655010065603,4.2
Crawford,15.36914268388967,2.3
Susquehanna,15.358236113164276,2.9000000000000004
Schuylkill,15.245795472846204,2.6
Berks,15.195625096224116,1.5
Lebanon,15.15754099638519,2.9000000000000004
Wayne,15.088844019101513,3.4999999999999996
Dauphin,14.870373443343773,1.7000000000000002
Beaver,14.717024995729217,2.1
Somerset,14.607391187391663,2.4
Monroe,14.56278231580575,3.0999999999999996
Clarion,14.441608040377869,2.7
Indiana,14.105084612747984,2.6
Clinton,14.06533416155496,3.2999999999999994
Franklin,13.958514728144374,2.6
Juniata,13.208017176177576,4
Bedford,13.171484046940996,2.4
Armstrong,13.010612339275221,3.2
Allegheny,12.761007266863464,0.8999999999999999
Delaware,12.694943867195216,1.3
Northampton,12.520097364142899,1.6
Elk,12.160834255473349,3.5999999999999996
Westmoreland,12.100736684873329,1.2
Montour,12.072504566768322,5.699999999999999
Union,12.036964046729015,4
Snyder,11.991701406927474,2.7
Washington,11.778021986240226,1.7999999999999998
Adams,10.888289258642828,2.3
Perry,9.781902503657937,2.4
York,9.598499561059588,1
Cumberland,8.933238710245316,1.3999999999999997
Lancaster,8.370465071343125,1.2
Centre,8.081341386241155,2
Butler,7.243144212977148,1.3999999999999997
Chester,6.40368656261356,1.1
Montgomery,5.396567892136352,0.8
Bucks,4.022102393587536,0.8
