county,pov,moe
Forest,27.985319757612427,16.7
Cameron,21.880225973895502,9
Sullivan,21.164563749423916,7.9
Mifflin,19.840163955244087,6.199999999999999
McKean,18.160289608984613,4.300000000000001
Greene,18.021929369321697,4.7
Potter,17.94665624427046,3.9
Carbon,17.895231200883025,3.9
Jefferson,17.6229835679767,3.4000000000000004
Columbia,17.54128060678185,3.5999999999999996
Venango,17.449917484416776,3.2999999999999994
Clearfield,17.417683376300328,3.2
Lawrence,17.411681313040585,3.2999999999999994
Cambria,17.30402481844155,3
Mercer,17.139860246685288,2.7999999999999994
Fayette,17.119393261231185,2.7999999999999994
Warren,16.997181383421108,3.5999999999999996
Lycoming,16.941219022094803,2.9000000000000004
Wyoming,16.87764112118027,3.0999999999999996
Blair,16.866100920034338,2.9000000000000004
Tioga,16.802183697922597,2.6
Northumberland,16.777359947017512,2.9000000000000004
Erie,16.74172489750572,2.3
Bradford,16.672108282645226,2.7
Fulton,16.62558443279824,3.9
Huntingdon,16.62433907428533,3.2
Pike,16.561628130737304,4.2
Luzerne,16.545260256960848,2
Lehigh,16.28886703573657,1.9
Lackawanna,16.285788812940666,2
Philadelphia,16.256493923933956,1.6
Susquehanna,16.23189195724624,2.9000000000000004
Crawford,16.16550519268918,2.3
Schuylkill,16.101784169529605,2.6
Lebanon,16.029318815160504,2.9000000000000004
Wayne,15.921594661020533,3.4999999999999996
Berks,15.839156272565402,1.5
Dauphin,15.657220265848073,1.7000000000000002
Beaver,15.557101177839069,2.1
Somerset,15.437889701435637,2.4
Monroe,15.307993993884333,3.0999999999999996
Clarion,15.21109962242212,2.7
Indiana,14.785037494463465,2.6
Franklin,14.582214006188348,2.6
Clinton,14.561820554313753,3.2999999999999994
Bedford,13.456645415175917,2.4
Allegheny,13.271264998617008,0.8999999999999999
Delaware,13.060591895988358,1.3
Juniata,12.914733885027074,4
Armstrong,12.898797107550624,3.2
Northampton,12.683700344849278,1.6
Westmoreland,12.139170462448615,1.2
Washington,11.344258346933577,1.7999999999999998
Snyder,11.335949605437376,2.7
Elk,11.246574323911215,3.5999999999999996
Union,10.85538609176938,4
Montour,10.207803757639505,5.699999999999999
Adams,9.562929093336999,2.3
York,7.887525447542173,1
Perry,7.674512729596611,2.4
Cumberland,6.702011656684268,1.3999999999999997
Lancaster,5.956066105803197,1.2
Centre,5.387315913446031,2
Butler,4.545191267530439,1.3999999999999997
Chester,3.781522487153568,1.1
Montgomery,3.0545777990252367,0.8
Bucks,2.379157906202815,0.8
