county,pov,moe
Forest,27.966435386608033,16.7
Cameron,21.92140141819177,9
Sullivan,21.164563749423916,7.9
Mifflin,19.840163955244087,6.199999999999999
Greene,18.23959029671864,4.7
McKean,18.226076383369588,4.300000000000001
Potter,17.96576836531869,3.9
Carbon,17.939691092210868,3.9
Columbia,17.63667344523703,3.5999999999999996
Jefferson,17.604251212495544,3.4000000000000004
Venango,17.483507999782404,3.2999999999999994
Lawrence,17.46318286131489,3.2999999999999994
Clearfield,17.427936567596525,3.2
Cambria,17.289959330609282,3
Warren,17.249055219540736,3.5999999999999996
Mercer,17.130893739768428,2.7999999999999994
Fayette,17.12225249956835,2.7999999999999994
Wyoming,17.061995955397926,3.0999999999999996
Lycoming,17.05596266329865,2.9000000000000004
Blair,17.006493025425222,2.9000000000000004
Fulton,16.971014986574616,3.9
Northumberland,16.94521952316956,2.9000000000000004
Pike,16.934235251481432,4.2
Huntingdon,16.886119518715713,3.2
Tioga,16.88050225819796,2.6
Bradford,16.824146723800833,2.7
Erie,16.737765086155708,2.3
Susquehanna,16.519079445922475,2.9000000000000004
Luzerne,16.517525898289247,2
Lackawanna,16.382356954180246,2
Crawford,16.36992130227806,2.3
Schuylkill,16.36961984046408,2.6
Lehigh,16.35324114512304,1.9
Lebanon,16.34417324659622,2.9000000000000004
Wayne,16.28817181560668,3.4999999999999996
Philadelphia,16.256493923933956,1.6
Berks,15.955258104513428,1.5
Dauphin,15.868462468228826,1.7000000000000002
Beaver,15.84501943772699,2.1
Somerset,15.766879288401151,2.4
Monroe,15.672645398828116,3.0999999999999996
Clarion,15.566538076278691,2.7
Indiana,15.137292121346432,2.6
Franklin,14.927474764475306,2.6
Clinton,14.888804232709631,3.2999999999999994
Bedford,13.709819114441519,2.4
Allegheny,13.572656658443469,0.8999999999999999
Delaware,13.32875211236995,1.3
Armstrong,13.002804856949426,3.2
Juniata,12.945457343768405,4
Northampton,12.885431105132216,1.6
Westmoreland,12.288083264073126,1.2
Washington,11.28910762852302,1.7999999999999998
Snyder,11.184004843686264,2.7
Elk,10.978921433724995,3.5999999999999996
Union,10.463126864448492,4
Montour,9.515956630292564,5.699999999999999
Adams,9.08775656260603,2.3
York,7.238600748178616,1
Perry,6.881393123005833,2.4
Cumberland,5.883077342824031,1.3999999999999997
Lancaster,5.111031618907141,1.2
Centre,4.510860862391067,2
Butler,3.7538799917428864,1.3999999999999997
Chester,3.1184985358604203,1.1
Montgomery,2.5817569844764416,0.8
Bucks,2.165206394035256,0.8
