county,pov,moe
Forest,28.000280326978395,16.7
Cameron,22.00152232810651,9
Sullivan,21.164563749423916,7.9
Mifflin,19.840163955244087,6.199999999999999
Greene,18.64964104259591,4.7
McKean,18.339919024077016,4.300000000000001
Pike,18.200633482490012,4.2
Potter,18.028326196667265,3.9
Carbon,18.02831571439154,3.9
Fulton,17.996028880285767,3.9
Columbia,17.794501486115717,3.5999999999999996
Warren,17.78978314874054,3.5999999999999996
Jefferson,17.638799573414804,3.4000000000000004
Wayne,17.635307085953496,3.4999999999999996
Venango,17.56088585800492,3.2999999999999994
Lawrence,17.56087328607479,3.2999999999999994
Clearfield,17.482986404978952,3.2
Huntingdon,17.476488642783927,3.2
Wyoming,17.403794627273882,3.0999999999999996
Cambria,17.327176054416334,3
Monroe,17.254204446358496,3.0999999999999996
Lycoming,17.249045319890733,2.9000000000000004
Blair,17.248810745423413,2.9000000000000004
Northumberland,17.248358046903526,2.9000000000000004
Susquehanna,17.23725776817073,2.9000000000000004
Lebanon,17.226799893267454,2.9000000000000004
Mercer,17.17136422146172,2.7999999999999994
Fayette,17.171363642156592,2.7999999999999994
Bradford,17.092815698630073,2.7
Tioga,17.015482167056305,2.6
Schuylkill,17.006912659074313,2.6
Clinton,17.00022027357332,3.2999999999999994
Clarion,16.98607120557597,2.7
Somerset,16.818766927077945,2.4
Indiana,16.81264204563707,2.6
Erie,16.78183468145355,2.3
Crawford,16.779456313556985,2.3
Franklin,16.7348837330199,2.6
Beaver,16.61026264604766,2.1
Luzerne,16.548117404844284,2
Lackawanna,16.547969277008498,2
Lehigh,16.470166357749005,1.9
Dauphin,16.311220518539486,1.7000000000000002
Philadelphia,16.256493923933956,1.6
Berks,16.15828835005159,1.5
Bedford,15.820404573232405,2.4
Allegheny,15.336267087376221,0.8999999999999999
Delaware,15.300139197126114,1.3
Northampton,14.849649352065027,1.6
Armstrong,14.599033306960985,3.2
Westmoreland,14.042148945057518,1.2
Juniata,14.02632702399806,4
Washington,11.53204495160483,1.7999999999999998
Snyder,10.48485211575745,2.7
Elk,9.139193708491824,3.5999999999999996
Union,7.498300695204292,4
Adams,5.56056957306342,2.3
Montour,4.76148996123205,5.699999999999999
York,3.336500551675956,1
Perry,2.821797939547762,2.4
Cumberland,2.41022008214994,1.3999999999999997
Lancaster,2.194997917901173,1.2
Centre,2.087074423543923,2
Butler,2.030496495322959,1.3999999999999997
Chester,2.0083074118753914,1.1
Montgomery,2.001342545077244,0.8
Bucks,2.0000430072551802,0.8
