county,pov,moe
Forest,27.70462055292533,16.7
Philadelphia,26.66456374942392,1.6
Mifflin,23.914563749423916,6.199999999999999
Cameron,21.177930846592023,9
Sullivan,21.164563749423916,7.9
Potter,17.43936499506262,3.9
McKean,17.421244766221026,4.300000000000001
Jefferson,17.398128578100643,3.4000000000000004
Carbon,17.257747646831127,3.9
Cambria,17.036333894317192,3
Clearfield,16.971585682435112,3.2
Venango,16.874918443928735,3.2999999999999994
Mercer,16.830513540942377,2.7999999999999994
Greene,16.81189039208075,4.7
Lawrence,16.75363159146183,3.2999999999999994
Fayette,16.72473860760721,2.7999999999999994
Columbia,16.706104304989815,3.5999999999999996
Luzerne,16.444956207328563,2
Erie,16.399000744471323,2.3
Lycoming,16.062273825105365,2.9000000000000004
Tioga,16.05286898349198,2.6
Blair,15.912823824440228,2.9000000000000004
Wyoming,15.807269927432307,3.0999999999999996
Warren,15.7712225818647,3.5999999999999996
Northumberland,15.753441295291776,2.9000000000000004
Bradford,15.694944411507405,2.7
Lehigh,15.60802089196279,1.9
Lackawanna,15.489993804004529,2
Huntingdon,15.403511618293662,3.2
Fulton,15.2775429087193,3.9
Pike,15.19312457994539,4.2
Crawford,15.087159282751156,2.3
Berks,14.999577969758688,1.5
Susquehanna,14.995424800158752,2.9000000000000004
Schuylkill,14.906026019694584,2.6
Lebanon,14.76943359045225,2.9000000000000004
Wayne,14.625177383261184,3.4999999999999996
Dauphin,14.594589826321847,1.7000000000000002
Beaver,14.371361488349812,2.1
Somerset,14.21555482443779,2.4
Monroe,14.094516854516057,3.0999999999999996
Clarion,14.003202119587174,2.7
Indiana,13.651471712174528,2.6
Clinton,13.549067245655477,3.2999999999999994
Franklin,13.496006257845552,2.6
Bedford,12.69582600119771,2.4
Juniata,12.632744527561158,4
Armstrong,12.483827657856017,3.2
Allegheny,12.381781622994131,0.8999999999999999
Delaware,12.286036739384794,1.3
Northampton,12.09068658906492,1.6
Westmoreland,11.697378970168169,1.2
Elk,11.644276075919802,3.5999999999999996
Snyder,11.521150601863742,2.7
Union,11.51328275285416,4
Montour,11.489879937122497,5.699999999999999
Washington,11.355779139500353,1.7999999999999998
Adams,10.513681753208083,2.3
Perry,9.542499326233113,2.4
York,9.401769745862042,1
Cumberland,8.839038126444484,1.3999999999999997
Lancaster,8.381650229325341,1.2
Centre,8.153291448033603,2
Butler,7.504477083657207,1.3999999999999997
Chester,6.879928270072541,1.1
Montgomery,6.163510724595302,0.8
Bucks,5.2454926064890195,0.8
