county,pov,moe
Forest,28.000279275359073,16.7
Cameron,22.001293808664272,9
Sullivan,21.164563749423916,7.9
Mifflin,19.840163955244087,6.199999999999999
Greene,18.63453226934977,4.7
McKean,18.33914390986448,4.300000000000001
Pike,18.037757297019354,4.2
Potter,18.028205487890883,3.9
Carbon,18.02792725857738,3.9
Fulton,17.889771693276252,3.9
Columbia,17.792653510470366,3.5999999999999996
Warren,17.761248388624097,3.5999999999999996
Jefferson,17.63879712777748,3.4000000000000004
Venango,17.56062382555025,3.2999999999999994
Lawrence,17.56034120110236,3.2999999999999994
Clearfield,17.482912250875447,3.2
Wayne,17.442722172849432,3.4999999999999996
Huntingdon,17.441521177088934,3.2
Wyoming,17.39276549607104,3.0999999999999996
Cambria,17.32716978407956,3
Lycoming,17.24594855746,2.9000000000000004
Blair,17.243594962147405,2.9000000000000004
Northumberland,17.23978072904885,2.9000000000000004
Susquehanna,17.183875175411757,2.9000000000000004
Mercer,17.171350912984863,2.7999999999999994
Fayette,17.171319491898025,2.7999999999999994
Lebanon,17.14488596972984,2.9000000000000004
Bradford,17.086177754631883,2.7
Tioga,17.014166927337897,2.6
Monroe,16.975134680495227,3.0999999999999996
Schuylkill,16.964637130240998,2.6
Erie,16.781810066496465,2.3
Crawford,16.76252466919876,2.3
Clarion,16.760666389591865,2.7
Somerset,16.69750987058375,2.4
Luzerne,16.548117360192638,2
Beaver,16.546760156843497,2.1
Lackawanna,16.54571730533273,2
Indiana,16.484631736547808,2.6
Lehigh,16.469227759350147,1.9
Clinton,16.437409997506197,3.2999999999999994
Franklin,16.34238194667037,2.6
Dauphin,16.29059539709186,1.7000000000000002
Philadelphia,16.256493923933956,1.6
Berks,16.154544389603892,1.5
Bedford,15.133240650660593,2.4
Allegheny,14.912372491400008,0.8999999999999999
Delaware,14.719703253140912,1.3
Northampton,14.143308731744824,1.6
Armstrong,13.883116527447022,3.2
Juniata,13.447889612811908,4
Westmoreland,13.343129380357855,1.2
Washington,11.271233743943915,1.7999999999999998
Snyder,10.580911586769258,2.7
Elk,9.675994613614803,3.5999999999999996
Union,8.446243972692665,4
Adams,6.6700227556933696,2.3
Montour,6.14713581007003,5.699999999999999
York,4.343279433854324,1
Perry,3.709648236747927,2.4
Cumberland,3.028030081785283,1.3999999999999997
Lancaster,2.5988985525333965,1.2
Centre,2.3355992974942477,2
Butler,2.152998288204727,1.3999999999999997
Chester,2.0577696218846984,1.1
Montgomery,2.014702178588177,0.8
Bucks,2.001114279070814,0.8
