county,pov,moe
Providence,17.576364366884427,1.6
Newport,17.383864366884428,2.7999999999999994
Kent,17.21061436688443,1.9
Washington,15.689751402447428,1.7999999999999998
Bristol,4.639405496899296,1.9
