county,pov,moe
Providence,17.641364366884428,1.6
Newport,17.416364366884427,2.7999999999999994
Kent,17.213864366884426,1.9
Washington,15.300097915693817,1.7999999999999998
Bristol,4.928308983652828,1.9
