county,pov,moe
Providence,17.791364366884427,1.6
Newport,17.491364366884426,2.7999999999999994
Kent,17.221364366884426,1.9
Washington,15.949839914655628,1.7999999999999998
Bristol,4.046066984691086,1.9
