county,pov,moe
Providence,19.62339142498927,1.6
Newport,19.504550310596297,2.7999999999999994
Kent,16.480869909694025,1.9
Washington,16.15493844553388,1.8000000000000003
Bristol,15.689765502674764,1.9
