county,pov,moe
Newport,17.191364366884425,2.7999999999999994
Kent,16.490211534671573,1.9
Providence,16.256493923933956,1.6
Washington,15.860543621772305,1.7999999999999998
Bristol,6.701386552737739,1.9
