county,pov,moe
Providence,17.28136436688443,1.6
Newport,17.28136436688443,2.7999999999999994
Kent,17.28136436688443,1.9
Washington,13.920102158808215,1.7999999999999998
Bristol,6.735804740538506,1.9
