county,pov,moe
Newport,17.191364366884425,2.7999999999999994
Kent,16.490211534671573,1.9
Providence,16.256493923933956,1.6
Washington,16.240629701013155,1.7999999999999998
Bristol,6.321300473496884,1.9
