county,pov,moe
Providence,19.62339142498927,1.6
Newport,17.777604645151637,2.7999999999999994
Kent,16.480869909694025,1.9
Washington,16.268352311912324,1.8000000000000003
Bristol,16.025618001757124,1.9
