county,pov,moe
Providence,25.19136436688443,1.6
Newport,21.19136436688443,2.7999999999999994
Kent,17.591364366884427,1.9
Washington,4.516436165002867,1.7999999999999998
Bristol,4.009470734343858,1.9
