county,pov,moe
Providence,19.981364366884428,1.6
Newport,18.63136436688443,2.7999999999999994
Kent,17.28136436688443,1.9
Washington,9.72899033705776,1.7999999999999998
Bristol,6.876916562288961,1.9
