county,pov,moe
Providence,22.06636436688443,1.6
Newport,19.62886436688443,2.7999999999999994
Kent,17.435114366884427,1.9
Washington,9.354006008813393,1.7999999999999998
Bristol,4.015650890533217,1.9
