county,pov,moe
Providence,19.62339142498927,1.6
Newport,17.767517623772033,2.7999999999999994
Kent,16.480869909694025,1.9
Washington,16.270772475959756,1.8000000000000003
Bristol,16.024475320244385,1.9
