county,pov,moe
Providence,21.19136436688443,1.6
Newport,19.191364366884425,2.7999999999999994
Kent,17.191364366884425,1.9
Washington,10.675812258620185,1.7999999999999998
Bristol,4.250094640726806,1.9
