county,pov,moe
Newport,17.191364366884425,2.7999999999999994
Kent,16.490211534671573,1.9
Washington,16.341485793915563,1.7999999999999998
Providence,16.256493923933956,1.6
Bristol,6.2204443805945395,1.9
