county,pov,moe
Providence,25.066364366884425,1.6
Newport,21.128864366884425,2.7999999999999994
Kent,17.585114366884426,1.9
Washington,4.631720141761732,1.7999999999999998
Bristol,4.087936757584985,1.9
