county,pov,moe
Providence,19.441364366884425,1.6
Newport,18.31636436688443,2.7999999999999994
Kent,17.303864366884426,1.9
Washington,13.405259733287336,1.7999999999999998
Bristol,4.033147166059377,1.9
