county,pov,moe
Providence,21.751364366884427,1.6
Newport,19.516364366884428,2.7999999999999994
Kent,17.28136436688443,1.9
Washington,6.9821710165372,1.7999999999999998
Bristol,6.968735882809514,1.9
