county,pov,moe
Providence,22.691364366884425,1.6
Newport,19.941364366884425,2.7999999999999994
Kent,17.191364366884425,1.9
Washington,7.949075884648926,1.7999999999999998
Bristol,4.726831014697843,1.9
