county,pov,moe
Providence,23.941364366884425,1.6
Newport,20.566364366884425,2.7999999999999994
Kent,17.528864366884424,1.9
Washington,6.436283618771908,1.7999999999999998
Bristol,4.027123280574807,1.9
