county,pov,moe
Providence,20.731364366884428,1.6
Newport,19.006364366884426,2.7999999999999994
Kent,17.28136436688443,1.9
Washington,8.49647352500596,1.7999999999999998
Bristol,6.984433374340764,1.9
