county,pov,moe
Newport,23.090934993731214,2.7999999999999994
Kent,20.49027731717475,1.9
Providence,19.62339142498927,1.6
Washington,17.517231328538017,1.8000000000000003
Bristol,16.480869909694025,1.9
