county,pov,moe
Dillon,26.574304635324854,8.9
Lee,24.849304635324852,10.3
Allendale,24.612032551344683,20.1
McCormick,23.347180483505472,18.5
Barnwell,23.124304635324854,8.600000000000001
Marion,17.18825438371743,7.500000000000001
Marlboro,16.67792736081344,7.3
Calhoun,16.39183774640317,9.1
Bamberg,16.38123714104254,8.200000000000001
Fairfield,16.34822636529732,9.3
Union,15.730008389649175,6.800000000000001
Jasper,15.691607047146805,8.3
Williamsburg,15.6688589559202,8
Georgetown,15.558851653255923,6.999999999999999
Hampton,15.191730811940616,6.800000000000001
Clarendon,14.99141842807552,6.199999999999999
Darlington,14.888559587970857,5.599999999999999
Chesterfield,14.229339877372205,5.3
Orangeburg,14.162841402471852,4.1000000000000005
Chester,14.09218860224049,6
Colleton,14.03575724812996,6.4
Abbeville,13.999004355430467,5.599999999999999
Greenwood,13.955572705007773,4.6
Laurens,13.720698807043192,5
Edgefield,13.719064491958083,5.699999999999999
Newberry,13.452559425265228,5.1
Saluda,13.403304866820154,6.1000000000000005
Cherokee,13.19410968570138,4.300000000000001
Oconee,12.600730112273254,4.300000000000001
Kershaw,12.535846839307618,3.8
Florence,12.394859106759219,3.0999999999999996
Dorchester,11.880775006452508,3.7000000000000006
Sumter,11.831760317164244,3
Anderson,11.751766947166432,2.6
Richland,11.542848364372093,2.1
Horry,11.447052568509253,2.7
Beaufort,11.427713074395614,3
Aiken,11.420435331130834,2.5
Lancaster,11.29698589559059,3.4000000000000004
Charleston,10.819801579946377,2.2
Spartanburg,10.771451036523159,1.9
Berkeley,10.570332202555093,2.2
Lexington,10.268237144950982,1.9
Pickens,10.199282056739884,2.7999999999999994
Greenville,9.838076751377608,1.3999999999999997
York,9.221959385286805,1.7999999999999998
