county,pov,moe
Allendale,30.48782553861115,20.1
McCormick,29.164528218930837,18.5
Lee,23.034304635324855,10.3
Dillon,21.943622451882643,8.9
Barnwell,21.709904841145022,8.600000000000001
Bamberg,20.85778802256007,8.200000000000001
Marion,20.81436974972125,7.500000000000001
Marlboro,20.619694049584716,7.3
Calhoun,20.498208584252037,9.1
Fairfield,20.10666770352,9.3
Union,19.9861151889169,6.800000000000001
Georgetown,19.831822040538547,6.999999999999999
Williamsburg,19.467698879751353,8
Hampton,19.238493770216795,6.800000000000001
Jasper,19.110457227432885,8.3
Clarendon,19.10211848723734,6.199999999999999
Darlington,18.98272330099955,5.599999999999999
Orangeburg,17.985217673584106,4.1000000000000005
Chesterfield,17.963923989267613,5.3
Greenwood,17.772566536819514,4.6
Abbeville,16.643292293207026,5.599999999999999
Laurens,16.563360095580382,5
Chester,16.15209355591764,6
Cherokee,15.455180295303638,4.300000000000001
Newberry,14.733068734875726,5.1
Edgefield,14.58929202797236,5.699999999999999
Colleton,14.434948753318999,6.4
Florence,13.968461483769717,3.0999999999999996
Kershaw,12.51356225419955,3.8
Richland,11.133220280707512,2.1
Oconee,10.974382220697677,4.300000000000001
Anderson,10.825664265715575,2.6
Saluda,10.292742116690208,6.1000000000000005
Sumter,9.801897604042058,3
Aiken,8.343559934558616,2.5
Horry,7.753603201893032,2.7
Dorchester,7.355566156683424,3.7000000000000006
Beaufort,6.502782244484548,3
Spartanburg,5.629180161901297,1.9
Charleston,5.073370086012312,2.2
Lancaster,4.6422224145275734,3.4000000000000004
Berkeley,3.9282523836089203,2.2
Lexington,3.390271039675066,1.9
Greenville,2.904591101037453,1.3999999999999997
Pickens,2.5471254487192194,2.7999999999999994
York,2.170258954603256,1.7999999999999998
