county,pov,moe
Allendale,29.633776501062155,20.1
McCormick,28.160128793097556,18.5
Lee,23.034304635324855,10.3
Dillon,21.943622451882643,8.9
Barnwell,21.709904841145022,8.600000000000001
Marion,20.57074764381779,7.500000000000001
Marlboro,20.196390957198094,7.3
Bamberg,19.714127867118243,8.200000000000001
Union,19.08883472453088,6.800000000000001
Calhoun,18.96550914678304,9.1
Georgetown,18.662307209033578,6.999999999999999
Fairfield,18.560670225972114,9.3
Darlington,18.038882579808604,5.599999999999999
Williamsburg,17.990167875116306,8
Clarendon,17.903197851248656,6.199999999999999
Hampton,17.900295672429444,6.800000000000001
Jasper,17.649375948854416,8.3
Orangeburg,17.280113625601338,4.1000000000000005
Chesterfield,16.675275326735356,5.3
Greenwood,16.601498439569756,4.6
Abbeville,15.43982813395736,5.599999999999999
Laurens,15.332527429478676,5
Chester,15.11523215612563,6
Cherokee,14.397248964719392,4.300000000000001
Colleton,14.048016833291522,6.4
Edgefield,14.015993132305713,5.699999999999999
Newberry,14.005444644436349,5.1
Florence,13.173143128643444,3.0999999999999996
Kershaw,12.36974959448606,3.8
Oconee,11.559119191069154,4.300000000000001
Saluda,11.52325868275163,6.1000000000000005
Richland,11.202862213750382,2.1
Anderson,11.12274864981696,2.6
Sumter,10.603306829986346,3
Aiken,9.629382509163323,2.5
Horry,9.300639463580618,2.7
Dorchester,9.227490534129226,3.7000000000000006
Beaufort,8.521164777612968,3
Spartanburg,7.70056743424765,1.9
Charleston,7.3033990381365514,2.2
Lancaster,7.0877430343329495,3.4000000000000004
Berkeley,6.225655578694986,2.2
Lexington,5.56410976877378,1.9
Greenville,4.829031394830797,1.3999999999999997
Pickens,4.25665158329192,2.7999999999999994
York,3.1665529820568334,1.7999999999999998
