county,pov,moe
Allendale,26.37355912069699,20.1
Dillon,25.824304635324857,8.9
McCormick,24.947070842075682,18.5
Lee,24.474304635324856,10.3
Barnwell,23.124304635324854,8.600000000000001
Marion,18.43602656317576,7.500000000000001
Marlboro,17.86124525822673,7.3
Bamberg,17.278887266542124,8.200000000000001
Calhoun,16.995141073046298,9.1
Fairfield,16.842559363880977,9.3
Union,16.674411442873076,6.800000000000001
Georgetown,16.36100129278449,6.999999999999999
Williamsburg,16.191482422055085,8
Jasper,16.110088641874647,8.3
Hampton,15.838545581738842,6.800000000000001
Darlington,15.73437002721107,5.599999999999999
Clarendon,15.716956963053624,6.199999999999999
Orangeburg,15.037280547856216,4.1000000000000005
Chesterfield,14.785975009217264,5.3
Greenwood,14.582921476113858,4.6
Abbeville,14.268178243630578,5.599999999999999
Chester,14.25845812881333,6
Laurens,14.032021979145634,5
Colleton,13.966674979747848,6.4
Edgefield,13.712544705295738,5.699999999999999
Newberry,13.503020020607865,5.1
Cherokee,13.397470535927795,4.300000000000001
Saluda,12.910589862220423,6.1000000000000005
Florence,12.490166436800171,3.0999999999999996
Kershaw,12.418174593552553,3.8
Oconee,12.290741138443316,4.300000000000001
Anderson,11.52861629639884,2.6
Sumter,11.477840502146542,3
Richland,11.381841739120317,2.1
Dorchester,11.204911160595211,3.7000000000000006
Aiken,10.940496168316402,2.5
Horry,10.886794293058463,2.7
Beaufort,10.688644153769609,3
Lancaster,10.21527223099705,3.4000000000000004
Spartanburg,9.986481447148462,1.9
Charleston,9.920215851980247,2.2
Berkeley,9.428287588971987,2.2
Lexington,8.995628416530955,1.9
Greenville,8.421692014746531,1.3999999999999997
Pickens,8.399317812889892,2.7999999999999994
York,7.085482900747926,1.7999999999999998
