county,pov,moe
Allendale,30.61856726730286,20.1
McCormick,29.37130339348349,18.5
Lee,23.034304635324855,10.3
Dillon,21.943622451882643,8.9
Fairfield,21.922885007922538,9.3
Calhoun,21.909455948251335,9.1
Barnwell,21.709904841145022,8.600000000000001
Bamberg,21.336975014643425,8.200000000000001
Jasper,21.04759112798794,8.3
Williamsburg,21.00189580537318,8
Marion,20.80293304637908,7.500000000000001
Marlboro,20.647040676240806,7.3
Georgetown,20.396064675482005,6.999999999999999
Union,20.25403648673035,6.800000000000001
Hampton,20.19700881202235,6.800000000000001
Clarendon,19.76402634569704,6.199999999999999
Darlington,19.316711358631384,5.599999999999999
Chesterfield,19.006149927629505,5.3
Abbeville,18.68142801467668,5.599999999999999
Greenwood,18.506747517829535,4.6
Chester,18.429305329684478,6
Laurens,18.400869942943633,5
Orangeburg,18.15250361464006,4.1000000000000005
Cherokee,17.486674383373018,4.300000000000001
Newberry,16.86249862189608,5.1
Edgefield,16.595027707245787,5.699999999999999
Colleton,16.177392405456427,6.4
Florence,15.963519735713804,3.0999999999999996
Kershaw,13.630751285792691,3.8
Richland,11.6398652604205,2.1
Anderson,10.707278055251054,2.6
Oconee,10.07851668817036,4.300000000000001
Sumter,8.234888835733837,3
Saluda,7.718572140530609,6.1000000000000005
Aiken,5.663650229267968,2.5
Horry,4.705084438504431,2.7
Dorchester,3.993969172213865,3.7000000000000006
Beaufort,3.292262226213539,3
Spartanburg,2.7815071632832895,1.9
Charleston,2.482564714432836,2.2
Lancaster,2.292524349339207,3.4000000000000004
Berkeley,2.144104094016519,2.2
Lexington,2.0659132655076555,1.9
Greenville,2.024586765404642,1.3999999999999997
Pickens,2.0069774199855503,2.7999999999999994
York,2.000539800343585,1.7999999999999998
