county,pov,moe
Bennett,28.78923293321351,17.8
Jones,27.940789629362545,16.9
Faulk,26.668606245512365,15.2
Douglas,26.365609689144225,15.1
Mellette,25.990198353438643,13.600000000000001
Oglala Lakota,25.79769835343864,8.8
Jackson,25.626776476707946,13.700000000000001
Todd,25.624448353438638,6.1000000000000005
Fall River,23.749273350259333,11.600000000000001
Bon Homme,23.152485633385904,11.000000000000002
Buffalo,22.39842553831473,9.6
Tripp,22.0393417512099,9.1
Lyman,21.372376948888565,8.3
Roberts,21.274864762838813,8.200000000000001
Walworth,21.136230724658137,9.1
Charles Mix,21.028165136438744,8
Ziebach,20.723181422914273,7.400000000000001
Dewey,20.631484104912428,7.3
Brule,20.474437351180143,7.7
Perkins,20.37987291127741,8.3
Potter,20.265928283346497,10.1
Day,20.107750663212027,7.1
Corson,20.101490988112936,6.599999999999999
Miner,19.665842376267882,9.8
Davison,19.582039063304475,6.800000000000001
Lake,19.11540536522183,7.1
Gregory,18.10935036469119,5.4
Clay,18.058721657371876,6.3
Spink,17.63019389197166,5.3
Pennington,16.779616318324585,2.9000000000000004
Haakon,16.74360886004575,8.3
Brown,15.87174127921723,4.4
Turner,15.541064468345539,5.2
Moody,15.318585979976607,4.1000000000000005
Hutchinson,14.327967450625215,9
Custer,14.201160039467217,6.999999999999999
Hughes,13.99267254013068,5.2
Codington,13.521726963341804,3.2
Hamlin,12.431034271485263,6
Jerauld,12.14113303540647,7.199999999999999
Hanson,10.793282651169347,7.7
Lawrence,10.59030922418527,4.5
Grant,9.71377363599185,6.199999999999999
Edmunds,8.691767585078534,7.8
Minnehaha,8.159380793973837,1.7999999999999998
Beadle,7.592841880393994,4.5
Hyde,7.355808846976172,6.7
Lincoln,6.4507335732975175,2.7
Union,6.099024014356511,3
McCook,5.854404015182188,4.4
Yankton,5.5355675897128265,4.4
Marshall,5.275984083227697,4.8
Kingsbury,5.009656707398011,4.1000000000000005
McPherson,4.808914082909273,4.1000000000000005
Aurora,4.633071275280836,3.8
Meade,4.488097179638851,3.4999999999999996
Brookings,4.3786915628114995,3.9
Sully,4.317349893008532,7.7
Sanborn,4.2094369376689595,4.2
Clark,4.147250464744453,4
Deuel,4.096003780027454,2.7999999999999994
Butte,4.062133802699188,3.0999999999999996
Hand,4.038017194453302,4.300000000000001
Campbell,4.019122841924588,3.7000000000000006
Stanley,4.007667600251601,4.5
Harding,4.001175253236084,1.9
