county,pov,moe
Bennett,28.827135722821257,17.8
Jones,28.12369028174759,16.9
Faulk,26.800354210801565,15.2
Douglas,26.714593389185374,15.1
Jackson,25.63310028313352,13.700000000000001
Mellette,25.60519835343864,13.600000000000001
Oglala Lakota,25.60519835343864,8.8
Todd,25.60519835343864,6.1000000000000005
Fall River,23.991959780240993,11.600000000000001
Bon Homme,23.51772155263441,11.000000000000002
Buffalo,22.43879629763848,9.6
Potter,22.232968020039717,10.1
Tripp,22.049422500739677,9.1
Walworth,21.974563299857117,9.1
Miner,21.789422872949622,9.8
Lyman,21.425880337975745,8.3
Roberts,21.347719064857795,8.200000000000001
Perkins,21.32361502821399,8.3
Charles Mix,21.189763714878595,8
Brule,20.935999080305905,7.7
Ziebach,20.725033915562502,7.400000000000001
Dewey,20.647098853871437,7.3
Day,20.47648838524325,7.1
Lake,20.29984744685652,7.1
Davison,20.211414695643686,6.800000000000001
Corson,20.10178742154177,6.599999999999999
Clay,19.51316885203313,6.3
Gregory,19.043277624353276,5.4
Haakon,18.963757057448316,8.3
Spink,18.84784652986259,5.3
Brown,17.57127861848646,4.4
Turner,17.451973822432137,5.2
Pennington,17.19430497266356,2.9000000000000004
Moody,17.06995111338052,4.1000000000000005
Hughes,15.481031953626903,5.2
Custer,15.432806252589385,6.999999999999999
Hutchinson,15.089207079981964,9
Codington,15.055248077672612,3.2
Hamlin,12.479766717380313,6
Jerauld,11.510230007845006,7.199999999999999
Lawrence,9.474525645938419,4.5
Hanson,8.92124779382366,7.7
Grant,7.58068147185693,6.199999999999999
Minnehaha,6.259306113080511,1.7999999999999998
Edmunds,6.07894555157911,7.8
Beadle,5.34881970299807,4.5
Hyde,5.031433564678486,6.7
Lincoln,4.635341250385245,2.7
Union,4.446296218715323,3
McCook,4.320539847195757,4.4
Yankton,4.216494461361467,4.4
Marshall,4.145799797422764,4.8
Kingsbury,4.09329193628983,4.1000000000000005
McPherson,4.059837996762482,4.1000000000000005
Aurora,4.037170660970695,3.8
Meade,4.022484132825569,3.4999999999999996
Brookings,4.013479307117072,3.9
Sully,4.008551344900565,7.7
Sanborn,4.004208633557709,4.2
Clark,4.002137597981953,4
Deuel,4.000969617274663,2.7999999999999994
Butte,4.000413932152543,3.0999999999999996
Hand,4.000154544360121,4.300000000000001
Campbell,4.000041772607293,3.7000000000000006
Stanley,4.0000070032168376,4.5
Harding,4.000000204134896,1.9
