county,pov,moe
Mellette,54.298827112408766,13.600000000000001
Oglala Lakota,30.40357285029932,8.8
Todd,25.677476634866576,6.1000000000000005
Jackson,24.614165192382938,13.699999999999998
Bennett,24.488401716050774,17.8
Corson,22.951398205016798,6.6000000000000005
Jones,22.519122559538037,16.9
Faulk,21.838996132726514,15.2
Ziebach,20.767598595650412,7.400000000000001
Tripp,20.711062954547003,9.1
Douglas,20.128457997449324,15.1
Buffalo,20.099384248611024,9.6
Fall River,19.397808065644558,11.600000000000001
Dewey,19.17261592225833,7.3
Lyman,19.018815049253355,8.3
Roberts,18.73083791228607,8.2
Bon Homme,18.174795774270727,11
Charles Mix,18.157889351931335,8
Day,16.888441273837287,7.1
Brule,16.823414148073127,7.7
Walworth,16.808459529754717,9.1
Potter,16.69715814687328,10.1
Miner,16.620797131604775,9.8
Perkins,16.604879771034984,8.3
Davison,16.388017316419447,6.800000000000001
Lake,16.240153789506703,7.1
Hutchinson,16.110669714896325,9
Haakon,16.100030185911223,8.3
Clay,16.07532589492325,6.3
Gregory,16.03689817016108,5.4
Hanson,15.920190162668243,7.7
Spink,15.911671339107897,5.3
Custer,15.900333501773819,7.000000000000001
Jerauld,15.86979963045648,7.200000000000001
Edmunds,15.841046320739919,7.8
Grant,15.732873939818015,6.199999999999999
Hamlin,15.732638072853161,6
Turner,15.729975059855114,5.2
Hughes,15.675601504974363,5.2
Brown,15.675441523026848,4.4
Hyde,15.61851509163478,6.7
Moody,15.602437845948142,4.1
Pennington,15.599779106666725,2.9000000000000004
Lawrence,15.543624769035299,4.5
Sully,15.453534720713389,7.7
Beadle,15.42703366904639,4.5
Codington,15.419930429987245,3.2
Marshall,15.412181469118128,4.8
McCook,15.389170140667291,4.4
Yankton,15.389170140667291,4.4
Kingsbury,15.330962155906121,4.1
McPherson,15.299341859944215,4.1
Union,15.273077907169633,3
Aurora,15.248176769398766,3.8
Lincoln,15.24577011645267,2.7
Sanborn,15.242002355706521,4.2
Brookings,15.229712391010677,3.9
Meade,15.22409556914875,3.5000000000000004
Clark,15.204873228712929,4
Minnehaha,15.20108653214361,1.8000000000000003
Deuel,15.129083881244085,2.7999999999999994
Hand,15.110349595232343,4.3
Butte,15.103299953774446,3.0999999999999996
Campbell,15.047747377444226,3.7000000000000006
Stanley,15.04659281221971,4.5
Harding,15.000289519378216,1.9
