county,pov,moe
Bennett,27.319708477489502,17.8
Jones,26.032083996694965,16.9
Mellette,25.69519835343864,13.600000000000001
Oglala Lakota,25.69519835343864,8.8
Todd,25.69519835343864,6.1000000000000005
Faulk,24.89423561866673,15.2
Jackson,24.453538578044757,13.700000000000001
Douglas,24.27019479114821,15.1
Fall River,21.846287813273452,11.600000000000001
Bon Homme,21.141440035800084,11.000000000000002
Buffalo,20.983641303673384,9.6
Tripp,20.835199766585355,9.1
Lyman,19.913388956072936,8.3
Roberts,19.750174367282277,8.200000000000001
Ziebach,19.655252516323355,7.400000000000001
Dewey,19.384031959525554,7.3
Charles Mix,19.308475705737518,8
Corson,19.09689724225581,6.599999999999999
Walworth,19.03118333526123,9.1
Potter,18.533364078337726,10.1
Brule,18.493155953897087,7.7
Perkins,18.3112779369524,8.3
Day,18.192608100605945,7.1
Miner,18.109143108318577,9.8
Davison,17.57880653993498,6.800000000000001
Lake,17.151345725913895,7.1
Clay,16.259091347113582,6.3
Haakon,16.186414325987553,8.3
Gregory,16.164827221705718,5.4
Spink,15.774610222380012,5.3
Hutchinson,15.435769460617443,9
Pennington,14.95720447003107,2.9000000000000004
Custer,14.619086135399776,6.999999999999999
Turner,14.554010578212093,5.2
Brown,14.469009544902278,4.4
Moody,14.08615198666006,4.1000000000000005
Hughes,13.856855691695714,5.2
Jerauld,13.837296347616995,7.199999999999999
Hamlin,13.501775850535228,6
Hanson,13.43182866293472,7.7
Codington,12.924290922803184,3.2
Edmunds,12.387484445605065,7.8
Grant,12.361135371599564,6.199999999999999
Lawrence,12.140906419143734,4.5
Hyde,11.144634538654916,6.7
Beadle,10.577252009380679,4.5
Minnehaha,9.980511109927285,1.7999999999999998
Lincoln,9.169084850837192,2.7
McCook,9.112769852266725,4.4
Union,8.953153421577838,3
Yankton,8.734663218789184,4.4
Marshall,8.476445348294401,4.8
Kingsbury,7.863745153245604,4.1000000000000005
McPherson,7.468292235721686,4.1000000000000005
Aurora,6.988395964998515,3.8
Sully,6.535366149488346,7.7
Meade,6.515233714412903,3.4999999999999996
Brookings,6.202184877907621,3.9
Sanborn,5.425646214517367,4.2
Clark,4.9697841247311505,4
Deuel,4.389485989066769,2.7999999999999994
Butte,4.024386259489808,3.0999999999999996
Hand,3.7235099512446674,4.300000000000001
Campbell,3.249243057074281,3.7000000000000006
Stanley,2.853732412235336,4.5
Harding,2.3236995730870795,1.9
