county,pov,moe
Mellette,26.446831612510614,13.600000000000001
Bennett,22.25896208246513,17.8
Jackson,22.067388517941854,13.699999999999998
Oglala Lakota,21.858765897530223,8.8
Jones,20.842750770466033,16.9
Faulk,20.310023601815903,15.2
Corson,19.767211980487893,6.6000000000000005
Todd,19.75437181533345,6.1000000000000005
Tripp,19.27986008051416,9.1
Ziebach,19.142579070709914,7.400000000000001
Douglas,19.042773889153437,15.1
Buffalo,18.9026387909442,9.6
Fall River,18.449938402861736,11.600000000000001
Dewey,18.167053441477666,7.3
Lyman,18.102513818626395,8.3
Roberts,17.894393692265197,8.2
Bon Homme,17.51631988696322,11
Charles Mix,17.47207554844639,8
Day,16.499919030179655,7.1
Brule,16.451816653118883,7.7
Walworth,16.443878516279636,9.1
Potter,16.35754905407395,10.1
Miner,16.29665866712549,9.8
Perkins,16.28178753316956,8.3
Davison,16.107797670951935,6.800000000000001
Lake,15.991618611965746,7.1
Hutchinson,15.890362354682729,9
Haakon,15.881482784974837,8.3
Clay,15.860019861974726,6.3
Gregory,15.828222178134496,5.4
Hanson,15.737785407251708,7.7
Spink,15.729077777992417,5.3
Custer,15.721585823958378,7.000000000000001
Jerauld,15.697346098432938,7.200000000000001
Edmunds,15.674640849304888,7.8
Grant,15.58763121025111,6.199999999999999
Hamlin,15.587347470066199,6
Turner,15.584736567478775,5.2
Hughes,15.541439958450612,5.2
Brown,15.540703320573234,4.4
Hyde,15.496414942810835,6.7
Moody,15.48242196092769,4.1
Pennington,15.478604737810478,2.9000000000000004
Lawrence,15.435841311520585,4.5
Sully,15.364381378907913,7.7
Beadle,15.342703241246847,4.5
Codington,15.336520810259024,3.2
Marshall,15.330884317151181,4.8
McCook,15.312385200449091,4.4
Yankton,15.312385200449091,4.4
Kingsbury,15.265728299626474,4.1
McPherson,15.240397866738565,4.1
Union,15.219179573089159,3
Aurora,15.199353783747526,3.8
Lincoln,15.197261615780244,2.7
Sanborn,15.194438250214585,4.2
Brookings,15.184556802304009,3.9
Meade,15.180016832747212,3.5000000000000004
Clark,15.164638271857218,4
Minnehaha,15.161276408642141,1.8000000000000003
Deuel,15.103749790065335,2.7999999999999994
Hand,15.088770178067268,4.3
Butte,15.083065426131107,3.0999999999999996
Campbell,15.038468256906917,3.7000000000000006
Stanley,15.037565071031281,4.5
Harding,15.000289519378216,1.9
