county,pov,moe
Piute,25.76101009393039,13.8
Garfield,23.11221050557073,10.4
Grand,20.746038328490375,7.400000000000001
Kane,20.5602715816837,7.500000000000001
Carbon,20.12884081179757,6.599999999999999
Sanpete,19.66395653301497,6
Millard,19.290753812368248,5.599999999999999
Emery,19.239665089229703,5.500000000000001
Duchesne,18.633885274571526,4.7
San Juan,18.59367003131013,4.6
Sevier,18.1092979255776,4.2
Uintah,17.526301619691992,3.7000000000000006
Iron,17.51090494698012,3.9
Juab,17.42191562833622,4.1000000000000005
Cache,16.53954878422425,2.1
Washington,15.560583299380703,2
Weber,14.788816318856165,1.5
Rich,14.148937242116427,7.199999999999999
Box Elder,13.854257574490344,2.1
Salt Lake,13.757710657349431,0.8
Davis,12.489439613760723,1.5
Wayne,12.24749597571935,7.3
Utah,7.841602427065182,0.658
Wasatch,6.678533607880641,2.4
Beaver,5.419013458523237,4.5
Tooele,3.708238617118921,1.6
Summit,2.838680171255358,1.9
Morgan,2.287428540168414,1.3999999999999997
Daggett,2.0409915295375742,1.7000000000000002
