county,pov,moe
San Juan,33.761010093930395,4.6
Piute,29.76101009393039,13.8
Garfield,26.161010093930393,10.4
Grand,20.594691678116636,7.400000000000001
Carbon,20.045832497400234,6.599999999999999
Sanpete,19.622029934320516,6
Kane,19.244593314072674,7.500000000000001
Emery,18.89846812266982,5.500000000000001
Millard,18.79761500167004,5.599999999999999
Duchesne,18.415909056877755,4.7
Sevier,17.256256199575894,4.2
Uintah,16.144820342455326,3.7000000000000006
Cache,15.974754480387388,2.1
Iron,15.772309943067,3.9
Juab,15.287798531844626,4.1000000000000005
Washington,13.344680514552396,2
Weber,12.344124830223485,1.5
Salt Lake,11.209991313293537,0.8
Box Elder,10.941650260461117,2.1
Rich,10.609848059134611,7.199999999999999
Davis,9.770452899766703,1.5
Wayne,9.383167260063258,7.3
Utah,6.890727328720855,0.658
Wasatch,6.402404492888904,2.4
Beaver,5.897060200815798,4.5
Tooele,5.0347911794151585,1.6
Summit,4.603609059862071,1.9
Morgan,4.266793892319552,1.3999999999999997
Daggett,4.062589324226458,1.7000000000000002
