county,pov,moe
San Juan,36.76101009393039,4.6
Piute,31.26101009393039,13.8
Garfield,26.311010093930392,10.4
Grand,19.469360535350567,7.400000000000001
Carbon,19.27559373089792,6.599999999999999
Sanpete,19.242274386737456,6
Emery,17.376779227979902,5.500000000000001
Duchesne,17.17974649295387,4.7
Millard,17.068038303404958,5.599999999999999
Kane,16.996993190390313,7.500000000000001
Sevier,15.399383714263976,4.2
Cache,14.421838305819074,2.1
Uintah,14.311486463582938,3.7000000000000006
Iron,14.011166230222333,3.9
Juab,13.684431838311728,4.1000000000000005
Washington,12.161833784933512,2
Rich,11.80000477244769,7.199999999999999
Weber,11.501514532626885,1.5
Wayne,11.160464407021072,7.3
Box Elder,10.895804670399157,2.1
Salt Lake,10.760726193471717,0.8
Davis,10.1836277303854,1.5
Utah,8.45003455119418,0.658
Wasatch,8.411671572843678,2.4
Beaver,8.308501818212513,4.5
Tooele,7.0444736775811885,1.6
Summit,6.460560291500792,1.9
Morgan,5.700396738652424,1.3999999999999997
Daggett,4.890262557023531,1.7000000000000002
