county,pov,moe
San Juan,29.30101009393039,4.6
Piute,27.576010093930392,13.8
Garfield,25.851010093930395,10.4
Grand,16.48861434340458,7.400000000000001
Carbon,16.217307866478833,6.599999999999999
Sanpete,16.21574146352861,6
Kane,15.672090368563998,7.500000000000001
Emery,14.958843645569896,5.500000000000001
Millard,14.88770074783774,5.599999999999999
Duchesne,14.605447853357742,4.7
Rich,14.422249611377872,7.199999999999999
Wayne,14.335305054292066,7.3
Sevier,13.80587733584229,4.2
Juab,13.345439547113225,4.1000000000000005
Iron,13.326105486376061,3.9
Uintah,13.305401106309303,3.7000000000000006
Cache,12.637719063174558,2.1
Beaver,12.362691436860192,4.5
Washington,12.036129312597653,2
Box Elder,11.819681421557005,2.1
Weber,11.661620665049325,1.5
Wasatch,11.419744627294397,2.4
Davis,11.388806452860425,1.5
Salt Lake,11.177202750234423,0.8
Tooele,10.683947456951238,1.6
Summit,10.622985509225204,1.9
Utah,10.617891713521653,0.658
Morgan,10.084367080179076,1.3999999999999997
Daggett,9.67305779865154,1.7000000000000002
