county,pov,moe
Piute,26.027144747932635,13.8
Garfield,23.105814242535715,10.4
Grand,20.422072807729787,7.400000000000001
Kane,19.919244731955626,7.5
Carbon,19.89952109703448,6.6000000000000005
Sanpete,19.573268137032535,6
Wayne,19.259137430964667,7.3
Rich,19.21839195964912,7.200000000000001
Emery,19.012470663399895,5.5
Millard,18.831257524542565,5.599999999999999
San Juan,18.735337599135025,4.6
Duchesne,18.428838566905366,4.7
Sevier,17.760569072179972,4.2
Juab,17.589684379179577,4.1
Beaver,17.555009059089024,4.5
Iron,17.48925196621416,3.9
Uintah,17.411594319994183,3.7000000000000006
Cache,16.400758844606933,2.1
Wasatch,16.37990819789586,2.4
Box Elder,16.25895935174222,2.1
Washington,16.23714528675896,2
Summit,16.03434376802676,1.9
Weber,15.903018979868296,1.5
Davis,15.882512354640548,1.5
Tooele,15.872866641228573,1.6
Daggett,15.87012973484262,1.7000000000000002
Morgan,15.71811437593363,1.3999999999999997
Salt Lake,15.480605819865753,0.8
Utah,15.34787678081457,0.6
