county,pov,moe
Essex,37.250071196843656,7.7
Bennington,29.448098203091455,5
Windham,27.425364454658652,4.3
Washington,17.680495980354966,3.2
Caledonia,17.649977733136677,3.4000000000000004
Franklin,16.559939269305396,2.7
Orange,16.559939269305396,2.7
Rutland,16.5346131913764,2.7
Orleans,16.364100614556804,2.4
Grand Isle,16.186852414007458,4.3
Windsor,15.92937577721921,3
Lamoille,15.91812982937902,3.0999999999999996
Chittenden,15.8365946442532,1.8000000000000003
Addison,15.59366371539329,2.1
