county,pov,moe
Essex,21.00875200893217,7.7
Bennington,18.905293512293618,5
Windham,18.35995242057251,4.300000000000001
Caledonia,17.545668356108962,3.4000000000000004
Washington,17.442427585422728,3.2
Franklin,16.89119273289479,2.7
Orange,16.67596917046622,2.7
Orleans,16.060385347818894,2.4
Rutland,15.58225738815389,2.7
Chittenden,13.798034516958971,1.7999999999999998
Windsor,12.546619714325674,3
Lamoille,9.581210760830988,3.0999999999999996
Addison,5.715393116368553,2.1
Grand Isle,2.8868433688519732,4.300000000000001
