county,pov,moe
Essex,37.250071196843656,7.7
Bennington,18.897026078142172,5
Windham,18.861735666857584,4.3
Washington,16.38943440745651,3.2
Caledonia,16.363413685094454,3.4000000000000004
Franklin,15.71227784396114,2.7
Orange,15.71227784396114,2.7
Rutland,15.692884403968007,2.7
Orleans,15.615897247971564,2.4
Chittenden,15.311140124374168,1.8000000000000003
Windsor,15.09881425074679,3
Lamoille,15.061434701132145,3.0999999999999996
Addison,15.014083510830078,2.1
Grand Isle,15.00065522806649,4.3
