county,pov,moe
Essex,22.80875200893217,7.7
Windham,21.908752008932172,4.300000000000001
Bennington,21.098752008932173,5
Caledonia,17.545490384840488,3.4000000000000004
Washington,17.445144739109306,3.2
Franklin,16.860860337891417,2.7
Orange,16.544426000525295,2.7
Orleans,15.694675943634145,2.4
Rutland,14.70426186418001,2.7
Chittenden,12.25669187617659,1.7999999999999998
Windsor,9.964356755670503,3
Lamoille,7.044258699240958,3.0999999999999996
Addison,4.984567722774523,2.1
Grand Isle,4.139009649160214,4.300000000000001
