county,pov,moe
Essex,37.250071196843656,7.7
Bennington,18.897026078142172,5
Windham,18.870636164133508,4.3
Washington,16.396551228096385,3.2
Caledonia,16.36572165985032,3.4000000000000004
Franklin,15.717876778192371,2.7
Orange,15.713072842926662,2.7
Rutland,15.690129965450675,2.7
Orleans,15.617813840900382,2.4
Chittenden,15.306587822375196,1.8000000000000003
Windsor,15.09486680736504,3
Lamoille,15.059264869304906,3.0999999999999996
Addison,15.016629168219191,2.1
Grand Isle,15.00065522806649,4.3
