county,pov,moe
Essex,37.250071196843656,7.7
Bennington,29.448098203091455,5
Windham,27.425364454658652,4.3
Washington,17.74843492622039,3.2
Caledonia,17.649977733136677,3.4000000000000004
Franklin,16.41308527746427,2.7
Orange,16.41308527746427,2.7
Rutland,16.38197075533828,2.7
Orleans,16.228418449189583,2.4
Chittenden,15.6936799737462,1.8000000000000003
Grand Isle,15.662921326418648,4.3
Windsor,15.587918415057711,3
Lamoille,15.555366661519274,3.0999999999999996
Addison,15.341175182212897,2.1
