county,pov,moe
Essex,21.00875200893217,7.7
Bennington,18.905293512293618,5
Windham,18.35995242057251,4.300000000000001
Washington,17.164346289266835,3.2
Caledonia,16.916886999409915,3.4000000000000004
Franklin,15.969802801316572,2.7
Orange,15.470298821625061,2.7
Orleans,14.672142633560147,2.4
Rutland,14.14434635417535,2.7
Chittenden,12.723434723680786,1.7999999999999998
Windsor,12.276855566677815,3
Lamoille,10.846365533555266,3.0999999999999996
Addison,8.499818646479554,2.1
Grand Isle,6.041703688454364,4.300000000000001
