county,pov,moe
Essex,23.798752008932173,7.7
Windham,22.448752008932175,4.300000000000001
Bennington,21.098752008932173,5
Washington,14.99648919959175,3.2
Caledonia,14.526905004775163,3.4000000000000004
Franklin,13.631599806174687,2.7
Orange,13.245726718821334,2.7
Orleans,12.688928198097523,2.4
Rutland,12.48163501163495,2.7
Windsor,11.754152472877811,3
Chittenden,11.564677509069561,1.7999999999999998
Lamoille,11.229553688818582,3.0999999999999996
Addison,9.998220735017831,2.1
Grand Isle,9.535855628324585,4.300000000000001
