county,pov,moe
Essex,21.30875200893217,7.7
Windham,21.158752008932172,4.300000000000001
Bennington,21.023752008932174,5
Caledonia,17.603081298076876,3.4000000000000004
Washington,17.45269808217969,3.2
Franklin,17.032326236055464,2.7
Orange,16.94104673175036,2.7
Orleans,16.433878723152205,2.4
Rutland,15.858608983321574,2.7
Chittenden,13.341613557928007,1.7999999999999998
Windsor,10.150442131970538,3
Lamoille,6.250883084332259,3.0999999999999996
Addison,4.420461237166426,2.1
Grand Isle,4.023703907270039,4.300000000000001
