county,pov,moe
Essex,24.548752008932173,7.7
Windham,22.82375200893217,4.300000000000001
Bennington,21.098752008932173,5
Washington,13.971675874118594,3.2
Caledonia,13.632872859542754,3.4000000000000004
Franklin,12.908077059802542,2.7
Orange,12.663904319959634,2.7
Orleans,12.265042252452023,2.4
Rutland,12.215569254828429,2.7
Windsor,11.894034679107312,3
Lamoille,11.645701783243569,3.0999999999999996
Chittenden,11.488546526293032,1.7999999999999998
Grand Isle,11.094917390376882,4.300000000000001
Addison,10.748401973478698,2.1
