county,pov,moe
Essex,21.098752008932173,7.7
Windham,21.098752008932173,4.300000000000001
Bennington,21.098752008932173,5
Washington,16.41329167864181,3.2
Caledonia,16.3879105569426,3.4000000000000004
Franklin,15.607631269621013,2.7
Orange,15.265552151519495,2.7
Orleans,14.578294147746309,2.4
Rutland,14.130928549947571,2.7
Chittenden,12.657760788072533,1.7999999999999998
Windsor,12.106637503802316,3
Lamoille,10.353550337766414,3.0999999999999996
Addison,7.547279501350504,2.1
Grand Isle,4.654907487792909,4.300000000000001
