county,pov,moe
Essex,21.60875200893217,7.7
Windham,21.30875200893217,4.300000000000001
Bennington,21.03875200893217,5
Caledonia,17.60816280151203,3.4000000000000004
Washington,17.452974610474296,3.2
Franklin,17.05759906181443,2.7
Orange,17.028504354803015,2.7
Orleans,16.66531722504073,2.4
Rutland,16.343314738544702,2.7
Chittenden,13.795262750259143,1.7999999999999998
Windsor,9.602272940326499,3
Lamoille,5.3444451214296995,3.0999999999999996
Addison,4.142634240958431,2.1
Grand Isle,4.003256128040507,4.300000000000001
