county,pov,moe
Essex,37.250071196843656,7.7
Bennington,18.897026078142172,5
Windham,18.726742279624954,4.3
Caledonia,16.625783015740915,3.4000000000000004
Washington,16.621416624466637,3.2
Franklin,15.990165856202795,2.7
Orange,15.986238409457753,2.7
Rutland,15.967490683339422,2.7
Orleans,15.863557393885,2.4
Grand Isle,15.66292132641865,4.3
Windsor,15.535985295572424,3
Lamoille,15.523592387296986,3.0999999999999996
Chittenden,15.520273579782758,1.8000000000000003
Addison,15.336399618419783,2.1
