county,pov,moe
Garfield,22.980004131227307,13.3
Wahkiakum,22.584146018169278,11.8
Jefferson,20.865034398194556,7.3
Adams,20.865034398194556,7.400000000000001
Okanogan,20.865034398194556,4.9
Lincoln,19.776942130093957,7.7
Ferry,18.75234823649075,6.3
Klickitat,18.146462378448945,6.9
Asotin,17.79325949190386,4.9
Pend Oreille,17.453982584532643,5.4
Mason,17.337570085558536,4.6
Grays Harbor,17.290301648107313,4.300000000000001
Stevens,16.978129324987393,4.5
Grant,16.59002001963056,3.7000000000000006
Kittitas,16.46952052293408,4.8
Skagit,16.06985028319293,3.0999999999999996
Franklin,15.914451956861663,3.2
Yakima,15.78079657665812,2.4
Pacific,15.68265937015234,4.2
Cowlitz,15.345854134240842,2.7
Clallam,14.699126035615636,3.4000000000000004
Lewis,14.579624500832228,2.9000000000000004
Benton,14.314106876124926,2
San Juan,14.233918270586098,3.4999999999999996
Chelan,13.44412530503556,3.2999999999999994
Spokane,13.190977008888208,1.5
Whatcom,13.099510833935529,2.2
Thurston,12.166039282132552,1.7999999999999998
Clark,11.477408500352299,1.3
Kitsap,11.143046925763795,1.5
Whitman,10.832212060635928,3.0999999999999996
Pierce,10.280516426460213,0.8
Walla Walla,9.863818931019532,2.5
Douglas,9.329889321236875,3.0999999999999996
King,7.578418683445938,0.658
Snohomish,6.759592486000628,0.8999999999999999
Skamania,6.510626852551887,4.300000000000001
Columbia,5.2259251526019,5.2
Island,3.2297144590059994,2.2
