county,pov,moe
Jefferson,21.566245664541086,7.3
Adams,20.8916872043039,7.400000000000001
Wahkiakum,18.823240243125582,11.8
Okanogan,18.819085556579328,4.9
Garfield,18.72681566205523,13.3
Lincoln,17.70196280985582,7.7
Asotin,17.491614624087383,4.9
Ferry,17.216596619287238,6.3
Grays Harbor,17.09649570400959,4.3
Klickitat,16.753462760293576,6.9
Pend Oreille,16.715626276625834,5.4
Mason,16.621414833749817,4.6
Stevens,16.45250136834055,4.5
Grant,16.28701463733096,3.7000000000000006
Kittitas,16.206488220696233,4.8
Yakima,16.02670651031323,2.4
Skagit,16.025576054003576,3.0999999999999996
Franklin,16.017106558623393,3.2
Pacific,15.97511578047869,4.2
Cowlitz,15.754875185797653,2.7
Clallam,15.734396154795927,3.4000000000000004
San Juan,15.71084864013151,3.5000000000000004
Lewis,15.659017528545021,2.9000000000000004
Chelan,15.590055241772788,3.3000000000000003
Benton,15.492155880102596,2
Whatcom,15.42879492711032,2.2
Whitman,15.32083811151728,3.0999999999999996
Spokane,15.311600943541231,1.5
Douglas,15.258024582571208,3.0999999999999996
Walla Walla,15.230904095246961,2.5
Thurston,15.226911041711569,1.8000000000000003
Skamania,15.1837674437949,4.3
Kitsap,15.168053860659962,1.5
Clark,15.159580146089946,1.3
Pierce,15.081895617602981,0.8
Snohomish,15.055575681594693,0.9000000000000001
King,15.045654953209503,0.6
Columbia,15.0281737938026,5.2
Island,15.000335232964252,2.2
