county,pov,moe
Calhoun,49.99565982536575,18.1
Wirt,25.441100779330462,16.3
Clay,25.30275026438667,11.700000000000001
Summers,24.27492206597837,11.9
McDowell,23.308792537999267,9.9
Roane,23.170943174091768,10.6
Mingo,22.175230165600478,8.7
Ritchie,21.425628289849442,10.4
Barbour,20.899880426739042,9.5
Jackson,20.74988387322039,9.5
Hardy,20.743300415891657,10.2
Logan,20.225528992216713,8.2
Wyoming,20.137513784169027,8.8
Hampshire,20.020487296138757,9.9
Pocahontas,19.83305901219923,10
Lincoln,19.54292594652567,9.2
Mason,18.941787211181385,8.2
Pendleton,18.929326195648358,9.9
Monroe,18.88579831544822,11
Webster,18.85178450111229,9
Fayette,18.5296427531003,6.4
Taylor,18.37110230396774,8.2
Greenbrier,18.15844696154006,6.5
Lewis,18.004180795128732,7.1
Braxton,17.948473511861174,8.4
Doddridge,17.86357230139864,12.7
Mercer,17.760104566123776,6.199999999999999
Raleigh,17.603148020965328,5.3
Marshall,17.45886545834465,6.5
Upshur,17.35424007935909,6.3
Mineral,17.194671704407074,7.000000000000001
Preston,16.88434333023959,6.5
Morgan,16.785683136240216,7.200000000000001
Marion,16.772035241073354,4.6
Randolph,16.713314412431373,5.700000000000001
Nicholas,16.640307689668056,5.700000000000001
Putnam,16.63221930906567,5.800000000000001
Wayne,16.63221930906567,5.800000000000001
Cabell,16.425332693906828,3.7000000000000006
Hancock,16.216621580560467,5.3
Tyler,16.195339987503974,7.400000000000001
Harrison,16.190836039125024,4.2
Wetzel,16.1165607273083,5.9
Tucker,16.045353101415863,5.3
Kanawha,15.974696009980443,2.5
Monongalia,15.967334036221418,4
Boone,15.952085032558072,4.3
Wood,15.949651820334138,3.3000000000000003
Grant,15.868049408615907,7.200000000000001
Ohio,15.774352243575551,3.7000000000000006
Brooke,15.748799239087457,5
Berkeley,15.351626606174342,2.1
Jefferson,15.299599635226912,2.3
Gilmer,15.165192568096847,7.200000000000001
Pleasants,15.000457135860342,3
