county,pov,moe
Calhoun,67.30211549519109,18.1
Wirt,26.497703138934263,16.3
Clay,24.677403767896962,11.700000000000001
Summers,24.27492206597837,11.9
Roane,23.216115521142477,10.6
McDowell,23.002751340539724,9.9
Ritchie,22.20210192306949,10.4
Mingo,21.973180531583193,8.7
Hardy,21.739755536024052,10.2
Barbour,21.59612978051207,9.5
Jackson,21.510278390327787,9.5
Hampshire,21.21199540098198,9.9
Pocahontas,21.130937895388826,10
Wyoming,20.92142691686898,8.8
Monroe,20.864453446100566,11
Logan,20.768884863975508,8.2
Doddridge,20.764706285642013,12.7
Lincoln,20.698869396663767,9.2
Pendleton,20.545575926324073,9.9
Webster,20.213766902664723,9
Mason,20.014440017911035,8.2
Taylor,19.665198830050045,8.2
Braxton,19.466606633293072,8.4
Fayette,19.185254736962218,6.4
Lewis,19.091902968616285,7.1
Greenbrier,18.99538515341071,6.5
Mercer,18.657131495204638,6.199999999999999
Marshall,18.56620712104809,6.5
Mineral,18.559259771434913,7.000000000000001
Upshur,18.438539410423886,6.3
Morgan,18.36840784014874,7.200000000000001
Raleigh,18.274599032327117,5.3
Preston,18.209675940480093,6.5
Tyler,18.068759283440954,7.400000000000001
Randolph,17.852439966631334,5.700000000000001
Putnam,17.833490903663073,5.800000000000001
Wayne,17.833490903663073,5.800000000000001
Grant,17.80712450874368,7.200000000000001
Nicholas,17.80711886290744,5.700000000000001
Wetzel,17.546634789403274,5.9
Marion,17.543528510356985,4.6
Hancock,17.419063293223257,5.3
Gilmer,17.391183140409407,7.200000000000001
Tucker,17.31362707444748,5.3
Harrison,17.057350325736888,4.2
Cabell,17.045881627895834,3.7000000000000006
Brooke,17.037685659722836,5
Boone,16.941056374232215,4.3
Monongalia,16.856055304376707,4
Ohio,16.642569518485363,3.7000000000000006
Wood,16.62517407852536,3.3000000000000003
Kanawha,16.38954714227646,2.5
Pleasants,15.956878075567015,3
Jefferson,15.91017310637299,2.3
Berkeley,15.878427610839353,2.1
