county,pov,moe
Calhoun,49.99565982536575,18.1
Wirt,25.485153227077866,16.3
Clay,24.400107832621114,11.700000000000001
Summers,23.794780059848442,11.9
Roane,22.790028964424263,10.6
McDowell,22.716111634721496,9.9
Mingo,21.694439204308733,8.7
Ritchie,21.51898117838217,10.4
Hardy,20.982695175212843,10.2
Barbour,20.974263738638815,9.5
Jackson,20.864331546378956,9.5
Hampshire,20.392449903222225,9.9
Wyoming,20.301112622389375,8.8
Pocahontas,20.26402226210231,10
Logan,20.248228395121863,8.2
Lincoln,19.919084081713557,9.2
Monroe,19.68516013305639,11
Pendleton,19.549300480883367,9.9
Webster,19.35595226949983,9
Mason,19.301528940132062,8.2
Doddridge,19.14031895078346,12.7
Taylor,18.85659230380718,8.2
Fayette,18.697225501527342,6.4
Braxton,18.561253463481165,8.4
Greenbrier,18.43565738000159,6.5
Lewis,18.407625985525108,7.1
Mercer,18.082552516161005,6.199999999999999
Marshall,17.897932010250692,6.5
Raleigh,17.818521908003603,5.3
Upshur,17.78022402619676,6.3
Mineral,17.761207095346947,7.000000000000001
Morgan,17.47644898956099,7.200000000000001
Preston,17.44848665589438,6.5
Randolph,17.194690799962554,5.700000000000001
Wayne,17.148738827202088,5.800000000000001
Putnam,17.142488312434413,5.800000000000001
Nicholas,17.13699219597457,5.700000000000001
Marion,17.074313809168178,4.6
Tyler,17.048822422374133,7.400000000000001
Grant,16.768824004316958,7.200000000000001
Wetzel,16.762190050060124,5.9
Hancock,16.747410706099846,5.3
Cabell,16.66629766366831,3.7000000000000006
Tucker,16.615356869905117,5.3
Harrison,16.563012206828244,4.2
Boone,16.39176547125366,4.3
Monongalia,16.358175178100296,4
Brooke,16.33962349312035,5
Gilmer,16.23722063279904,7.200000000000001
Wood,16.23629946182702,3.3000000000000003
Ohio,16.16342234147042,3.7000000000000006
Kanawha,16.134310958969042,2.5
Berkeley,15.592014789099496,2.1
Jefferson,15.582851190244234,2.3
Pleasants,15.462503250989753,3
