county,pov,moe
Calhoun,29.1109625145029,18.1
Wirt,27.68864217213124,16.3
Summers,24.26079804853682,11.9
Clay,24.12498681876707,11.700000000000001
Roane,23.248019070789734,10.6
Ritchie,23.092018874537697,10.4
Hardy,22.935046309782013,10.2
Pocahontas,22.75361174734148,10
McDowell,22.722681154341366,9.9
Hampshire,22.698684851035093,9.9
Barbour,22.39097375918281,9.5
Jackson,22.390680566318753,9.5
Pendleton,22.383032151125036,9.9
Lincoln,22.150887753504414,9.2
Webster,21.90834855449532,9
Wyoming,21.845013985585332,8.8
Mingo,21.767810698284958,8.7
Logan,21.378249076660794,8.200000000000001
Mason,21.339344846010235,8.200000000000001
Taylor,21.176150996131906,8.200000000000001
Monroe,20.571771929006644,11.000000000000002
Lewis,20.39171040917142,7.1
Greenbrier,20.03894117286905,6.5
Fayette,19.973936685590647,6.4
Mercer,19.765372352539792,6.199999999999999
Raleigh,19.110119282355303,5.3
Marshall,18.80435650782758,6.5
Upshur,18.13383600118802,6.3
Braxton,17.79123378238004,8.4
Marion,17.776338572851667,4.6
Cabell,17.34607409683058,3.7000000000000006
Kanawha,16.598496042439017,2.5
Mineral,15.661876177256095,6.999999999999999
Randolph,13.478956497867303,5.699999999999999
Preston,12.191955137201909,6.5
Nicholas,10.0929001757126,5.699999999999999
Wood,7.684923039296207,3.2999999999999994
Harrison,6.472088280417769,4.2
Putnam,5.474911263054266,5.800000000000001
Wayne,4.413105317294017,5.800000000000001
Morgan,3.719401258232316,7.199999999999999
Monongalia,2.9675746583823237,4
Hancock,2.648609896484245,5.3
Doddridge,2.5307806295992954,12.699999999999998
Boone,2.224837116483119,4.300000000000001
Ohio,2.1251169845336007,3.7000000000000006
Tucker,2.0742171821572732,5.3
Wetzel,2.039910091771328,5.9
Berkeley,2.0163247806047635,2.1
Tyler,2.00948754587035,7.400000000000001
Brooke,2.0034589488447674,5
Jefferson,2.0010386766739883,2.3
Grant,2.0003418281381036,7.199999999999999
Gilmer,2.000052480239793,7.199999999999999
Pleasants,2.0000012497696518,3
