county,pov,moe
Calhoun,37.1109625145029,18.1
Clay,33.1109625145029,11.700000000000001
McDowell,29.510962514502904,9.9
Wirt,27.477310249587784,16.3
Summers,24.184104090031393,11.9
Roane,23.128666457117355,10.6
Ritchie,22.655576598761115,10.4
Hardy,22.08387329168373,10.2
Barbour,22.06841769094659,9.5
Jackson,21.853056798938567,9.5
Mingo,21.72695359031243,8.7
Hampshire,21.4743962394988,9.9
Wyoming,21.1916548204509,8.8
Logan,21.1503960906302,8.200000000000001
Lincoln,20.739646187636264,9.2
Pocahontas,20.445144457315354,10
Fayette,19.09783062009854,6.4
Mason,18.888805195523577,8.200000000000001
Webster,18.65080051271286,9
Greenbrier,18.327611688171267,6.5
Pendleton,17.763407767593858,9.9
Raleigh,17.724682976951122,5.3
Taylor,17.27011089457503,8.200000000000001
Mercer,17.22637266537626,6.199999999999999
Lewis,17.044340779403765,7.1
Monroe,14.533817441361116,11.000000000000002
Marshall,13.774340297135284,6.5
Marion,13.363722819758763,4.6
Cabell,13.363305922270087,3.7000000000000006
Kanawha,13.132794573078668,2.5
Upshur,13.12547602262089,6.3
Braxton,12.806861998487223,8.4
Mineral,11.65917839283132,6.999999999999999
Randolph,10.625449717639022,5.699999999999999
Preston,10.315480321732107,6.5
Nicholas,9.524320479621512,5.699999999999999
Wood,8.387022563446479,3.2999999999999994
Harrison,8.140599358551205,4.2
Putnam,8.010098484295696,5.800000000000001
Wayne,7.54209043715621,5.800000000000001
Morgan,7.320252518057097,7.199999999999999
Doddridge,6.6433373556729265,12.699999999999998
Monongalia,6.447007138075467,4
Hancock,6.2524887258859625,5.3
Boone,5.520778410801049,4.300000000000001
Ohio,5.2156826979853275,3.7000000000000006
Tucker,5.076683410682495,5.3
Wetzel,4.883750426457939,5.9
Berkeley,4.555529414471388,2.1
Tyler,4.554381762044748,7.400000000000001
Brooke,4.354167642399798,5
Jefferson,4.205143678924169,2.3
Grant,4.162231354089809,7.199999999999999
Gilmer,4.080742915501387,7.199999999999999
Pleasants,4.017216512139299,3
