county,pov,moe
Calhoun,32.6509625145029,18.1
Clay,30.925962514502903,11.700000000000001
McDowell,29.200962514502905,9.9
Wirt,20.86578866920207,16.3
Summers,18.767029919432513,11.9
Roane,17.684953424892804,10.6
Mingo,17.266151441664903,8.7
Ritchie,16.902061142622824,10.4
Barbour,16.510115570835755,9.5
Hardy,16.451560587275598,10.2
Jackson,16.265727428857346,9.5
Hampshire,16.091763963282073,9.9
Logan,15.888471923206856,8.200000000000001
Pocahontas,15.804967916409185,10
Wyoming,15.759776860982837,8.8
Lincoln,15.615040667378832,9.2
Monroe,15.397487190713715,11.000000000000002
Pendleton,15.28801241014557,9.9
Webster,15.03425600936183,9
Doddridge,15.00906497173494,12.699999999999998
Mason,14.752236701004314,8.200000000000001
Taylor,14.46525652531169,8.200000000000001
Fayette,14.222702708372081,6.4
Braxton,14.006624220265875,8.4
Greenbrier,13.973650900783538,6.5
Lewis,13.951548800332747,7.1
Mercer,13.604694288876557,6.199999999999999
Raleigh,13.3862130355021,5.3
Marshall,13.24427514255995,6.5
Mineral,13.232346020633495,6.999999999999999
Upshur,13.07731675414752,6.3
Preston,12.84566286209137,6.5
Morgan,12.731913784937058,7.199999999999999
Randolph,12.515559187248249,5.699999999999999
Nicholas,12.382294785762808,5.699999999999999
Marion,12.327889048815093,4.6
Putnam,12.21932578952335,5.800000000000001
Wayne,12.144550657656561,5.800000000000001
Cabell,11.919442788618364,3.7000000000000006
Tyler,11.824587958487529,7.400000000000001
Hancock,11.669476285324585,5.3
Harrison,11.515250656108591,4.2
Wetzel,11.44700680168954,5.9
Kanawha,11.34904913765573,2.5
Tucker,11.293067917279357,5.3
Wood,11.140703425971438,3.2999999999999994
Monongalia,11.13903948124017,4
Grant,11.103247879777435,7.199999999999999
Boone,11.034383111507182,4.300000000000001
Gilmer,10.742451254195347,7.199999999999999
Ohio,10.670303668852487,3.7000000000000006
Brooke,10.634811716021014,5
Berkeley,9.657686847211936,2.1
Jefferson,9.331635786461847,2.3
Pleasants,8.563676428264667,3
