county,pov,moe
Niobrara,49.99917709414085,22.899999999999995
Hot Springs,26.855532304012076,14.099999999999998
Johnson,23.65139789347562,11.1
Albany,20.488941354977243,8.7
Converse,19.933179337711813,8
Platte,19.56975456077375,11.199999999999998
Carbon,18.819328071904216,6.1000000000000005
Big Horn,17.663523429633692,6
Sublette,17.340176666414663,7.3
Weston,17.150800227519948,7.7
Sweetwater,16.88384197940237,4.5
Fremont,16.773204588503717,3.2
Park,16.613550645493703,4.4
Goshen,16.23605621284735,5.1
Teton,16.11048162900651,5.800000000000001
Laramie,15.990890846471343,3
Natrona,15.901693234130953,2.9000000000000004
Washakie,15.837038213671267,5.9
Campbell,15.65466107874644,3
Uinta,15.625437476704713,4.5
Lincoln,15.598173483423187,3.5000000000000004
Sheridan,15.552393740433109,3.6000000000000005
Crook,15.00021333006816,1.3999999999999997
