county,pov,moe
Niobrara,39.18447565641252,22.899999999999995
Hot Springs,27.02486001805501,14.099999999999998
Johnson,24.255555057020334,11.1
Platte,22.718444293112864,11.199999999999998
Albany,21.796812777050445,8.7
Converse,21.206009312502573,8
Weston,19.86936686974099,7.7
Carbon,19.75437181533345,6.1000000000000005
Sublette,19.749937790581892,7.3
Big Horn,19.228208845345396,6
Teton,18.44238238328037,5.800000000000001
Washakie,18.373720017742436,5.9
Goshen,18.141575498785215,5.1
Sweetwater,18.121945025277075,4.5
Park,17.95265155968503,4.4
Uinta,17.567534896832463,4.5
Fremont,17.402950658646002,3.2
Sheridan,17.076681723454097,3.6000000000000005
Lincoln,17.04571457575425,3.5000000000000004
Laramie,16.964945403295946,3
Natrona,16.874569892279194,2.9000000000000004
Campbell,16.815938346786787,3
Crook,15.716577428693924,1.3999999999999997
