county,pov,moe
Niobrara,38.47544428630477,22.900000000000002
Hot Springs,35.66294428630478,14.100000000000001
Johnson,33.13169428630477,11.1
Albany,21.670985183922024,8.7
Converse,20.485162030453196,8
Carbon,19.434141419001556,6.1000000000000005
Platte,18.61639808232068,11.199999999999998
Big Horn,17.710693780141966,6
Fremont,16.433854251210708,3.2
Sweetwater,15.807328591201319,4.5
Park,13.464704749395171,4.4
Sublette,11.848898117886952,7.3
Laramie,11.524594387497308,3
Natrona,9.020613707229723,2.9000000000000004
Weston,9.00836881039764,7.7
Goshen,7.304435846319329,5.1
Campbell,6.117993168318021,3
Teton,5.695323415481145,5.800000000000001
Lincoln,4.974364677757935,3.4999999999999996
Sheridan,4.589920195559697,3.5999999999999996
Washakie,4.356279575386481,5.9
Uinta,4.141012983581117,4.5
Crook,4.024844168023705,1.3999999999999997
