county,pov,moe
Niobrara,32.85044428630478,22.900000000000002
Hot Springs,25.99472770466801,14.100000000000001
Johnson,23.657551597291832,11.1
Platte,22.591774915058767,11.199999999999998
Albany,21.76520269320223,8.7
Converse,21.158022332808457,8
Carbon,19.723506289303167,6.1000000000000005
Big Horn,19.380567397576694,6
Sweetwater,18.00479969313503,4.5
Fremont,17.360505602435325,3.2
Park,17.011469327498872,4.4
Sublette,16.813888040981784,7.3
Laramie,15.24409803496817,3
Weston,13.078090722318494,7.7
Natrona,12.658803810663969,2.9000000000000004
Goshen,9.714733347359056,5.1
Campbell,7.0118788941874675,3
Teton,5.756177542353727,5.800000000000001
Lincoln,3.9948370423647255,3.4999999999999996
Sheridan,3.0470261061604185,3.5999999999999996
Washakie,2.5114275524636436,5.9
Uinta,2.1539439460061356,4.5
Crook,2.016523120889239,1.3999999999999997
