county,pov,moe
Niobrara,36.39044428630477,22.900000000000002
Hot Springs,34.665444286304776,14.100000000000001
Johnson,32.940444286304775,11.1
Albany,15.842580076339397,8.7
Platte,14.92109957901967,11.199999999999998
Converse,14.375096342135802,8
Carbon,13.73326475833761,6.1000000000000005
Big Horn,12.803071921028323,6
Sublette,12.449711218329808,7.3
Weston,12.247463418778814,7.7
Sweetwater,11.849218084730397,4.5
Fremont,11.595165873235374,3.2
Park,11.446096067815628,4.4
Goshen,10.916156171860665,5.1
Teton,10.820638790319654,5.800000000000001
Laramie,10.623244263656254,3
Natrona,10.27260591457583,2.9000000000000004
Washakie,10.060711055166978,5.9
Campbell,9.835290723684547,3
Lincoln,9.661285357847733,3.4999999999999996
Sheridan,9.469873150527354,3.5999999999999996
Uinta,9.13985147745177,4.5
Crook,7.441242896244127,1.3999999999999997
