county,pov,moe
Niobrara,43.85044428630477,22.900000000000002
Hot Springs,38.35044428630477,14.100000000000001
Johnson,33.400444286304776,11.1
Albany,20.52460131254224,8.7
Converse,17.783765002153757,8
Carbon,17.541967025582597,6.1000000000000005
Platte,15.558709218904724,11.199999999999998
Big Horn,14.803200615423581,6
Fremont,14.02604840584707,3.2
Sweetwater,13.234438952018426,4.5
Park,11.731012551808623,4.4
Sublette,11.352875496837129,7.3
Laramie,10.500058971670837,3
Weston,9.962585175569261,7.7
Natrona,9.233992701382153,2.9000000000000004
Goshen,8.60949606215901,5.1
Campbell,7.5526595070899285,3
Teton,7.514508435931287,5.800000000000001
Lincoln,6.576384357133964,3.4999999999999996
Sheridan,6.07234132288626,3.5999999999999996
Washakie,5.7681457794294815,5.9
Uinta,5.1099240429099515,4.5
Crook,4.44195220380559,1.3999999999999997
