county,pov,moe
Niobrara,32.85044428630478,22.900000000000002
Hot Springs,32.85044428630478,14.100000000000001
Johnson,32.85044428630478,11.1
Platte,22.676640425287644,11.199999999999998
Albany,21.7377738984381,8.7
Converse,21.18404399300737,8
Carbon,19.711164250924135,6.1000000000000005
Big Horn,19.524893414144735,6
Sweetwater,18.176068970775145,4.5
Fremont,17.424746787564416,3.2
Park,16.682452243900592,4.4
Laramie,14.055795450786107,3
Sublette,13.476701638701243,7.3
Natrona,8.78239553242601,2.9000000000000004
Weston,7.298695264677491,7.7
Goshen,5.366686437297476,5.1
Campbell,4.517155668441859,3
Teton,4.233395836509093,5.800000000000001
Lincoln,4.071913290685741,3.4999999999999996
Sheridan,4.021658632632555,3.5999999999999996
Washakie,4.005712205467448,5.9
Uinta,4.000754462913403,4.5
Crook,4.00001873650507,1.3999999999999997
