county,pov,moe
Lake and Peninsula Borough,22.9842452715894,10.3
Wrangell,22.59350851344351,9.8
Denali Borough,22.361580865332726,13.100000000000001
Southeast Fairbanks Census Area,20.39461939087652,6.999999999999999
Aleutians East Borough,20.062011598375303,6.599999999999999
Kusilvak Census Area,19.816916993277108,5.2
North Slope Borough,19.552892728730644,6.1000000000000005
Bethel Census Area,19.516916993277107,3
Yukon-Koyukuk Census Area,19.246916993277107,5.4
Prince of Wales-Hyder Census Area,18.618770284227377,4.7
Aleutians West Census Area,18.182786743090336,5.500000000000001
Dillingham Census Area,17.91370885068137,3.8
Kenai Peninsula Borough,17.696219340619702,3.5999999999999996
Nome Census Area,17.686465231100836,3.4999999999999996
Northwest Arctic Borough,17.608798011276278,3.4000000000000004
Matanuska-Susitna Borough,16.052479788695447,1.7000000000000002
Anchorage Municipality,15.917431017247491,1.7999999999999998
Hoonah-Angoon Census Area,15.17121272764595,4.300000000000001
Sitka,13.425583258500287,4.9
Ketchikan Gateway Borough,10.383905995290128,3.5999999999999996
Yakutat,9.149070113876933,10.900000000000002
Kodiak Island Borough,6.041292329134889,3.0999999999999996
Bristol Bay Borough,5.0715217163771404,6.999999999999999
Juneau,4.373855742200707,2.5
Petersburg Borough,4.136607683957756,4.1000000000000005
Fairbanks North Star Borough,4.034019720187463,1.6
Skagway Municipality,4.0064394114178015,4.9
Haines Borough,4.000222686293501,1.3
