county,pov,moe
Lake and Peninsula Borough,21.562171533141058,10.3
Wrangell,20.73312218988216,9.8
Denali Borough,19.30906723531062,13.100000000000001
Kusilvak Census Area,19.30691699327711,5.2
Bethel Census Area,19.30691699327711,3
Yukon-Koyukuk Census Area,19.30691699327711,5.4
Southeast Fairbanks Census Area,17.97269868572214,6.999999999999999
Aleutians East Borough,17.43179398388426,6.599999999999999
Prince of Wales-Hyder Census Area,16.752198531310164,4.7
North Slope Borough,16.51815636550774,6.1000000000000005
Northwest Arctic Borough,16.486890269385228,3.4000000000000004
Nome Census Area,16.220582958615605,3.4999999999999996
Dillingham Census Area,15.898430936265049,3.8
Yakutat,15.355484037143064,10.900000000000002
Aleutians West Census Area,15.097755263113102,5.500000000000001
Kenai Peninsula Borough,15.089047935580687,3.5999999999999996
Hoonah-Angoon Census Area,13.546575020088433,4.300000000000001
Sitka,13.42242162136128,4.9
Matanuska-Susitna Borough,13.294242544808194,1.7000000000000002
Anchorage Municipality,13.082703953050235,1.7999999999999998
Ketchikan Gateway Borough,12.197828058535862,3.5999999999999996
Bristol Bay Borough,11.833583927260555,6.999999999999999
Kodiak Island Borough,10.79666082477539,3.0999999999999996
Juneau,9.114298961576859,2.5
Petersburg Borough,8.81304538483601,4.1000000000000005
Fairbanks North Star Borough,6.973142532307514,1.6
Skagway Municipality,6.511090959730826,4.9
Haines Borough,4.066255306976661,1.3
