county,pov,moe
Denali Borough,23.226487428541336,13.100000000000001
Lake and Peninsula Borough,22.98430123645984,10.3
Wrangell,22.594627117709106,9.8
Southeast Fairbanks Census Area,20.40909920359803,6.999999999999999
Aleutians East Borough,20.090837774385125,6.599999999999999
North Slope Borough,19.65088668579286,6.1000000000000005
Kusilvak Census Area,19.21691699327711,5.2
Bethel Census Area,19.21691699327711,3
Yukon-Koyukuk Census Area,19.21691699327711,5.4
Prince of Wales-Hyder Census Area,18.62113993495105,4.7
Aleutians West Census Area,18.586081871519823,5.500000000000001
Dillingham Census Area,17.919118360051417,3.8
Kenai Peninsula Borough,17.741714608576757,3.5999999999999996
Nome Census Area,17.686683656015607,3.4999999999999996
Northwest Arctic Borough,17.608799543367038,3.4000000000000004
Matanuska-Susitna Borough,16.17505523169194,1.7000000000000002
Anchorage Municipality,16.117264998843485,1.7999999999999998
Hoonah-Angoon Census Area,15.661559260790616,4.300000000000001
Sitka,13.721033781728774,4.9
Ketchikan Gateway Borough,10.18882330046027,3.5999999999999996
Yakutat,8.86622116917513,10.900000000000002
Kodiak Island Borough,5.52644597846991,3.0999999999999996
Bristol Bay Borough,4.721165645656262,6.999999999999999
Juneau,4.1859790193406266,2.5
Petersburg Borough,4.055080805790302,4.1000000000000005
Fairbanks North Star Borough,4.009525979758196,1.6
Skagway Municipality,4.0012970202644285,4.9
Haines Borough,4.000019407230738,1.3
