county,pov,moe
Lake and Peninsula Borough,22.369964992041812,10.3
Wrangell,21.40255507302325,9.8
Yukon-Koyukuk Census Area,19.21691699327711,5.4
Kusilvak Census Area,19.061105252785364,5.2
Denali Borough,19.01917078473635,13.100000000000001
Southeast Fairbanks Census Area,18.46483234991646,6.999999999999999
Aleutians East Borough,17.85839385059932,6.599999999999999
Prince of Wales-Hyder Census Area,17.408945228675385,4.7
Northwest Arctic Borough,17.389225203799924,3.4000000000000004
Bethel Census Area,17.347176107376168,3
Nome Census Area,17.00493135526659,3.4999999999999996
North Slope Borough,16.80396726246877,6.1000000000000005
Dillingham Census Area,16.505429807708797,3.8
Kenai Peninsula Borough,15.504876082464206,3.5999999999999996
Aleutians West Census Area,15.157520954957876,5.500000000000001
Yakutat,14.75258278344828,10.900000000000002
Matanuska-Susitna Borough,13.618265063887156,1.7000000000000002
Hoonah-Angoon Census Area,13.481694428448202,4.300000000000001
Anchorage Municipality,13.333893074962107,1.7999999999999998
Sitka,13.250868937995092,4.9
Ketchikan Gateway Borough,11.998414385610925,3.5999999999999996
Bristol Bay Borough,11.25650697628357,6.999999999999999
Kodiak Island Borough,10.469305775728852,3.0999999999999996
Juneau,8.696383506852882,2.5
Petersburg Borough,8.284525381723547,4.1000000000000005
Fairbanks North Star Borough,6.547787462801619,1.6
Skagway Municipality,5.9949170452534295,4.9
Haines Borough,3.7998438779097783,1.3
