county,pov,moe
Perry,27.44357487245515,13.199999999999998
Sumter,26.413574872455147,9.2
Wilcox,25.38357487245515,11.700000000000001
Greene,23.741583380419943,13.4
Bullock,22.13419777242477,11.700000000000001
Hale,21.961828871577097,12.5
Conecuh,21.726303250282673,13
Lowndes,20.55370112627891,10.1
Pickens,18.613654237664356,8
Dallas,18.602480785521976,7.199999999999999
Fayette,18.580290142166174,8.3
Bibb,18.560541620577066,8.1
Marengo,18.254927406598625,8.5
Macon,17.79448201593893,7.500000000000001
Butler,17.410173262902532,7.1
Russell,17.196415519566802,7.1
Monroe,17.160325974065426,8.200000000000001
Barbour,17.003675599404755,5.4
Choctaw,16.945337040326397,7.199999999999999
Coosa,16.76424091764274,10.8
Franklin,16.07857249491041,7.199999999999999
Pike,15.883410274279672,5.3
Clarke,15.854375325963924,5.699999999999999
Chambers,15.363854411511376,5.1
Geneva,15.35136735031847,5.699999999999999
DeKalb,15.18689436318417,4.4
Escambia,15.06003539923751,5.4
Dale,14.75213883532469,4.6
Clay,14.679539645852065,7.6
Jackson,14.442102620699899,4.9
Colbert,14.424022877820159,5.4
Covington,14.277338460396876,4.8
Randolph,14.243200646867743,6.1000000000000005
Tallapoosa,14.232586974989323,4.9
Talladega,14.050399600698348,4.1000000000000005
Winston,13.93019186641769,6
Lawrence,13.755955447912497,6.999999999999999
Montgomery,13.713864006962481,2.7
Washington,13.441452941244739,6.7
Cleburne,13.000231089671974,7.6
Coffee,12.872276195027593,3.4999999999999996
Marshall,12.863324225106485,3.2999999999999994
Marion,12.514161643900042,6.199999999999999
Houston,12.418463349210228,2.2
Henry,12.35753128664959,5.2
Crenshaw,12.280232791552685,6.5
Lamar,12.070521445931298,8.7
Mobile,12.029138746520315,1.7000000000000002
Etowah,11.972629362582209,2.9000000000000004
Walker,11.901480152329407,4
Calhoun,11.853322261695318,2.9000000000000004
Cherokee,11.341203657097926,4.9
Jefferson,11.092735191436054,1.7000000000000002
Tuscaloosa,11.0079372720049,2.7999999999999994
Lauderdale,10.243133359402547,2.9000000000000004
Morgan,10.055797077072032,2.9000000000000004
Blount,9.90063776967086,3
Chilton,9.690292093601713,4.2
Lee,9.543973010647582,3.2
Cullman,8.993263285474539,3.0999999999999996
Limestone,8.774466004234293,3.2999999999999994
St. Clair,8.481432218712683,3.4000000000000004
Autauga,7.702639656769226,3.4999999999999996
Madison,7.555788816244446,1.7000000000000002
Elmore,7.004480179612559,2.9000000000000004
Baldwin,6.0823980938535,1.9
Shelby,4.930322678671295,1.5
