county,pov,moe
Perry,25.443574872455148,13.199999999999998
Greene,25.39938624227326,13.4
Sumter,25.368574872455145,9.2
Wilcox,25.30107487245515,11.700000000000001
Conecuh,25.084997579050437,13
Hale,24.697901897071628,12.5
Bullock,24.074981161123592,11.700000000000001
Lowndes,22.828427982925987,10.1
Marengo,21.574508126601756,8.5
Fayette,21.424770719062895,8.3
Bibb,21.26951980322246,8.1
Monroe,21.25459477379801,8.200000000000001
Pickens,21.191975007690818,8
Macon,20.799666997038678,7.500000000000001
Dallas,20.56920290939405,7.199999999999999
Choctaw,20.542134459166583,7.199999999999999
Butler,20.486544268403247,7.1
Russell,20.48134657806539,7.1
Franklin,20.305524269292672,7.199999999999999
Clarke,19.366727278871462,5.699999999999999
Geneva,19.258571653377757,5.699999999999999
Barbour,19.166800964152443,5.4
Pike,19.07632518795092,5.3
Coosa,19.000486736624968,10.8
Escambia,18.984257309853987,5.4
Chambers,18.889026464298496,5.1
Dale,18.442657946596434,4.6
Jackson,18.3901764586038,4.9
DeKalb,18.3711558449154,4.4
Colbert,18.32418108237943,5.4
Covington,18.203954064679706,4.8
Tallapoosa,18.137725705940962,4.9
Talladega,17.869323964045243,4.1000000000000005
Montgomery,17.0128952366003,2.7
Randolph,16.92371908253719,6.1000000000000005
Marshall,16.030655886433482,3.2999999999999994
Houston,15.805290576098715,2.2
Coffee,15.77993488859328,3.4999999999999996
Winston,15.446325128857316,6
Clay,15.35307273680509,7.6
Mobile,15.2232928821393,1.7000000000000002
Etowah,12.23558502768669,2.9000000000000004
Calhoun,11.355102213623153,2.9000000000000004
Lawrence,10.58537895716681,6.999999999999999
Jefferson,10.037783786400995,1.7000000000000002
Washington,9.401810316281347,6.7
Walker,7.936736707214075,4
Henry,7.290075836129567,5.2
Tuscaloosa,6.33354662166103,2.7999999999999994
Marion,6.028650086999536,6.199999999999999
Cleburne,5.589648858382973,7.6
Crenshaw,5.134283846822992,6.5
Cherokee,4.783914263908084,4.9
Lauderdale,4.5239723233970714,2.9000000000000004
Morgan,4.368464228518114,2.9000000000000004
Blount,4.254842339797865,3
Lamar,4.202586163599277,8.7
Lee,4.113384393838307,3.2
Chilton,4.074422391990751,4.2
Cullman,4.043871649925987,3.0999999999999996
Limestone,4.025680634364661,3.2999999999999994
St. Clair,4.014037401228292,3.4000000000000004
Madison,4.006589253668061,1.7000000000000002
Autauga,4.003062413180074,3.4999999999999996
Elmore,4.0010565383465115,2.9000000000000004
Baldwin,4.00023512770021,1.9
Shelby,4.000014146265111,1.5
