county,pov,moe
Perry,28.083574872455152,13.199999999999998
Sumter,26.73357487245515,9.2
Wilcox,25.38357487245515,11.700000000000001
Greene,22.873467931454364,13.4
Bullock,21.209072724484955,11.700000000000001
Hale,20.926165989331576,12.5
Conecuh,20.700087174404562,13
Lowndes,19.620945048972573,10.1
Dallas,17.794417775156614,7.199999999999999
Pickens,17.746267291626943,8
Fayette,17.71403054837484,8.3
Bibb,17.694137148252352,8.1
Marengo,17.43248921895956,8.5
Macon,16.97846001760426,7.500000000000001
Coosa,16.634979884598014,10.8
Butler,16.62138290624864,7.1
Monroe,16.517899542164155,8.200000000000001
Russell,16.43808993506262,7.1
Choctaw,16.239421366555725,7.199999999999999
Barbour,16.234392360845362,5.4
Franklin,15.571712362156328,7.199999999999999
Clarke,15.214901862892235,5.699999999999999
Pike,15.201631778365257,5.3
Geneva,14.82551439714522,5.699999999999999
Chambers,14.762633621529076,5.1
Clay,14.657464231136426,7.6
Escambia,14.567090139764602,5.4
DeKalb,14.55105962518318,4.4
Dale,14.230212206959662,4.6
Colbert,14.105537903643494,5.4
Randolph,14.096616130447396,6.1000000000000005
Jackson,14.041467912151303,4.9
Lawrence,13.933071441731897,6.999999999999999
Covington,13.907403981676197,4.8
Tallapoosa,13.890747841053534,4.9
Winston,13.86637551530978,6
Washington,13.669960927400544,6.7
Talladega,13.638814118042045,4.1000000000000005
Cleburne,13.554401196316219,7.6
Montgomery,13.201635466050519,2.7
Lamar,13.165036236952792,8.7
Marion,12.970053511272825,6.199999999999999
Crenshaw,12.876366650999266,6.5
Coffee,12.709030345639178,3.4999999999999996
Henry,12.67687585498022,5.2
Marshall,12.668950644003353,3.2999999999999994
Houston,12.176817211287853,2.2
Walker,12.151149652450513,4
Etowah,11.993425056070308,2.9000000000000004
Cherokee,11.960293181359718,4.9
Calhoun,11.913898278235752,2.9000000000000004
Mobile,11.822377579142216,1.7000000000000002
Tuscaloosa,11.34000488867989,2.7999999999999994
Jefferson,11.187908188858705,1.7000000000000002
Lauderdale,10.864185254202965,2.9000000000000004
Chilton,10.75430094520141,4.2
Morgan,10.743089657489618,2.9000000000000004
Blount,10.661955305095477,3
Lee,10.468567056552917,3.2
Cullman,10.088332574981981,3.0999999999999996
Limestone,9.980322245987288,3.2999999999999994
St. Clair,9.801859911974935,3.4000000000000004
Autauga,9.282127986737102,3.4999999999999996
Madison,8.864797935380423,1.7000000000000002
Elmore,8.679311223657942,2.9000000000000004
Baldwin,7.82497480430784,1.9
Shelby,6.809303678080976,1.5
