county,pov,moe
Perry,27.09357487245515,13.199999999999998
Sumter,26.19357487245515,9.2
Greene,25.398079051131354,13.4
Wilcox,25.38357487245515,11.700000000000001
Conecuh,24.93073372682347,13
Hale,24.64836482055577,12.5
Bullock,24.069496229035057,11.700000000000001
Lowndes,22.808742902197167,10.1
Marengo,21.33890596063849,8.5
Fayette,21.326829007393492,8.3
Bibb,21.19490848475365,8.1
Pickens,21.13637216457784,8
Macon,20.650373324092097,7.500000000000001
Dallas,20.559489398791193,7.199999999999999
Monroe,20.436912698053334,8.200000000000001
Butler,20.30658741886989,7.1
Russell,20.217879235932052,7.1
Choctaw,20.104141232005695,7.199999999999999
Barbour,19.142849854703588,5.4
Franklin,19.063527618241586,7.199999999999999
Clarke,18.897957892099246,5.699999999999999
Pike,18.792987987072284,5.3
Chambers,18.365737721937546,5.1
Geneva,18.344969902162298,5.699999999999999
DeKalb,18.05433931983627,4.4
Escambia,17.977745594716428,5.4
Dale,17.685521110983128,4.6
Jackson,17.07080450008809,4.9
Coosa,16.9772054478466,10.8
Covington,16.778461362803736,4.8
Talladega,16.7256205453812,4.1000000000000005
Colbert,16.63347496003901,5.4
Tallapoosa,16.5945312944408,4.9
Montgomery,16.49878091343663,2.7
Randolph,15.148467029704237,6.1000000000000005
Marshall,14.419017554941679,3.2999999999999994
Houston,14.367680074283484,2.2
Clay,14.278097157949714,7.6
Coffee,14.177786422957562,3.4999999999999996
Winston,14.11607462658188,6
Mobile,13.794995770922997,1.7000000000000002
Etowah,11.763848228510259,2.9000000000000004
Lawrence,11.559599992833387,6.999999999999999
Calhoun,11.281994479613402,2.9000000000000004
Washington,10.836592834688695,6.7
Jefferson,10.365504338805716,1.7000000000000002
Walker,9.535256372467645,4
Henry,9.263676053592635,5.2
Marion,8.333813695100304,6.199999999999999
Tuscaloosa,8.23646259212259,2.7999999999999994
Cleburne,7.993968836079442,7.6
Crenshaw,7.332841063763721,6.5
Cherokee,6.70173427472177,4.9
Lauderdale,6.126409252701271,2.9000000000000004
Morgan,5.790962558141993,2.9000000000000004
Blount,5.494878702020326,3
Lamar,5.47430505383811,8.7
Lee,4.995047885101744,3.2
Chilton,4.815184559060134,4.2
Cullman,4.606454326676637,3.0999999999999996
Limestone,4.459180388986785,3.2999999999999994
St. Clair,4.334044305968819,3.4000000000000004
Madison,4.21690228138343,1.7000000000000002
Autauga,4.148516475728638,3.4999999999999996
Elmore,4.083160811149411,2.9000000000000004
Baldwin,4.036495278091968,1.9
Shelby,4.007990423505266,1.5
