county,pov,moe
Perry,27.48357487245515,13.199999999999998
Sumter,26.43357487245515,9.2
Wilcox,25.38357487245515,11.700000000000001
Greene,23.361775410611063,13.4
Bullock,21.712166726355534,11.700000000000001
Hale,21.461654774592805,12.5
Conecuh,21.216888197000078,13
Lowndes,20.112577233189548,10.1
Dallas,18.225931993378122,7.199999999999999
Pickens,18.1913308384509,8
Fayette,18.15276756380754,8.3
Bibb,18.135672977626925,8.1
Marengo,17.84053970836955,8.5
Macon,17.38724122265772,7.500000000000001
Butler,17.014571197610586,7.1
Monroe,16.826827250467215,8.200000000000001
Russell,16.81266674549253,7.1
Coosa,16.691113365733568,10.8
Barbour,16.6356573777913,5.4
Choctaw,16.583879955252513,7.199999999999999
Franklin,15.812069232962703,7.199999999999999
Pike,15.536975781298487,5.3
Clarke,15.525758856011967,5.699999999999999
Geneva,15.076627274524935,5.699999999999999
Chambers,15.053819741250186,5.1
DeKalb,14.862538216863012,4.4
Escambia,14.801670817345732,5.4
Clay,14.663597109926412,7.6
Dale,14.480318064949419,4.6
Colbert,14.25360626704528,5.4
Jackson,14.230075012658771,4.9
Randolph,14.16190457655309,6.1000000000000005
Covington,14.080885724577117,4.8
Tallapoosa,14.050393370214506,4.9
Winston,13.892477259944236,6
Lawrence,13.846090022435284,6.999999999999999
Talladega,13.833293585908457,4.1000000000000005
Washington,13.559115247486208,6.7
Montgomery,13.448827839463798,2.7
Cleburne,13.292259632467216,7.6
Coffee,12.782805830472316,3.4999999999999996
Marshall,12.757663551081016,3.2999999999999994
Marion,12.753788021624063,6.199999999999999
Lamar,12.651027265866006,8.7
Crenshaw,12.595014338096803,6.5
Henry,12.524153585894485,5.2
Houston,12.28859127573322,2.2
Walker,12.031033689900582,4
Etowah,11.980280788745576,2.9000000000000004
Mobile,11.917445367827906,1.7000000000000002
Calhoun,11.882114121942971,2.9000000000000004
Cherokee,11.668631134694184,4.9
Tuscaloosa,11.18191723589239,2.7999999999999994
Jefferson,11.140180194384241,1.7000000000000002
Lauderdale,10.572001469904222,2.9000000000000004
Morgan,10.420060673479306,2.9000000000000004
Blount,10.304349797235817,3
Chilton,10.254154494542886,4.2
Lee,10.03426013150096,3.2
Cullman,9.572929807007071,3.0999999999999996
Limestone,9.411655551020404,3.2999999999999994
St. Clair,9.17736801867901,3.4000000000000004
Autauga,8.527556240611617,3.4999999999999996
Madison,8.243152210061336,1.7000000000000002
Elmore,7.8719746596775355,2.9000000000000004
Baldwin,6.972239919995631,1.9
Shelby,5.8573598344888564,1.5
