county,pov,moe
Greene,25.399386606486413,13.4
Perry,25.29357487245515,13.199999999999998
Sumter,25.29357487245515,9.2
Wilcox,25.29357487245515,11.700000000000001
Conecuh,25.087383778585203,13
Hale,24.69820568898736,12.5
Bullock,24.074986629555443,11.700000000000001
Lowndes,22.828488989429584,10.1
Marengo,21.580613243721835,8.5
Fayette,21.42600821552666,8.3
Monroe,21.31695721276556,8.200000000000001
Bibb,21.27027887515074,8.1
Pickens,21.192420318943398,8
Macon,20.80243078235048,7.500000000000001
Dallas,20.56922170719328,7.199999999999999
Choctaw,20.562308293461317,7.199999999999999
Butler,20.49049999057147,7.1
Russell,20.48929367967365,7.1
Franklin,20.454435474940503,7.199999999999999
Coosa,19.782400498927146,10.8
Clarke,19.39122711465931,5.699999999999999
Geneva,19.3455271789881,5.699999999999999
Barbour,19.166908266163553,5.4
Escambia,19.091205998168697,5.4
Pike,19.08618371502376,5.3
Chambers,18.919989025206824,5.1
Colbert,18.66024382046028,5.4
Jackson,18.582913537020225,4.9
Dale,18.50658186865194,4.6
Covington,18.434524555301664,4.8
Tallapoosa,18.41402599864697,4.9
DeKalb,18.383806574112267,4.4
Talladega,18.01869808938836,4.1000000000000005
Randolph,17.475554313739426,6.1000000000000005
Montgomery,17.04687966625638,2.7
Marshall,16.429783915965672,3.2999999999999994
Coffee,16.20702801523946,3.4999999999999996
Houston,16.101237030607578,2.2
Winston,15.911722456887118,6
Clay,15.803458309844281,7.6
Mobile,15.537288582694236,1.7000000000000002
Etowah,12.294462884209079,2.9000000000000004
Calhoun,11.254108791265729,2.9000000000000004
Lawrence,10.31911080173983,6.999999999999999
Jefferson,9.731159900625318,1.7000000000000002
Washington,8.987928764589997,6.7
Walker,7.374522917840662,4
Henry,6.722158178186195,5.2
Tuscaloosa,5.757121055200706,2.7999999999999994
Marion,5.520434388199023,6.199999999999999
Cleburne,5.1451657920644465,7.6
Crenshaw,4.75000797596474,6.5
Cherokee,4.4675157949682465,4.9
Lauderdale,4.276812174176676,2.9000000000000004
Morgan,4.179174396376503,2.9000000000000004
Blount,4.1138301610200285,3
Lamar,4.093265738083578,8.7
Lee,4.04205635693538,3.2
Chilton,4.025440930740513,4.2
Cullman,4.013030729700358,3.0999999999999996
Limestone,4.0067604746867485,3.2999999999999994
St. Clair,4.003218952571701,3.4000000000000004
Madison,4.001232070051834,1.7000000000000002
Autauga,4.000494863150071,3.4999999999999996
Elmore,4.000132193152208,2.9000000000000004
Baldwin,4.0000204395375425,1.9
Shelby,4.000000638301148,1.5
