county,pov,moe
La Paz,21.327973422712866,8.200000000000001
Apache,19.524011123031233,3.2
Navajo,19.331511123031238,2.7
Santa Cruz,19.32115082797218,5.599999999999999
Gila,19.158261123031238,5.3
Mohave,17.469218377157176,3.2999999999999994
Graham,17.222266971626613,4.4
Yuma,16.888126582279902,2.7
Cochise,16.76625021239987,2.9000000000000004
Pima,13.936940745440557,1.3
Yavapai,12.689430004127814,2.9000000000000004
Maricopa,8.867676045158547,0.658
Pinal,6.274289374057155,1.5
Coconino,4.651608386553701,2.5
Greenlee,4.07128568142106,8.3
