county,pov,moe
Apache,23.139011123031235,3.2
La Paz,21.18206051133734,8.200000000000001
Navajo,21.139011123031235,2.7
Santa Cruz,19.296856927797457,5.599999999999999
Gila,19.139011123031235,5.3
Mohave,17.179294066123237,3.2999999999999994
Yuma,16.337442869285066,2.7
Cochise,15.83163240514733,2.9000000000000004
Graham,15.765625521651172,4.4
Pima,12.446115860045753,1.3
Yavapai,11.370772131100681,2.9000000000000004
Maricopa,8.444338746976841,0.658
Pinal,6.702302910655867,1.5
Coconino,5.215466317716671,2.5
Greenlee,4.311058363068857,8.3
