county,pov,moe
Apache,25.889011123031235,3.2
Navajo,22.514011123031235,2.7
La Paz,21.238733978319992,8.200000000000001
Gila,19.476511123031234,5.3
Santa Cruz,19.310009661444827,5.599999999999999
Mohave,17.25580479034816,3.2999999999999994
Yuma,16.415061256132148,2.7
Cochise,15.837085290228375,2.9000000000000004
Graham,15.538398863617145,4.4
Pima,11.909612919815938,1.3
Yavapai,10.335810445117167,2.9000000000000004
Maricopa,7.345729067976095,0.658
Pinal,5.705114316278672,1.5
Coconino,4.615729925228966,2.5
Greenlee,4.113376116399634,8.3
