county,pov,moe
La Paz,21.34463937552485,8.200000000000001
Apache,19.414011123031237,3.2
Santa Cruz,19.322579548325024,5.599999999999999
Navajo,19.276511123031234,2.7
Gila,19.152761123031237,5.3
Graham,17.706946201089114,4.4
Mohave,17.514814952317252,3.2999999999999994
Cochise,17.01316010218867,2.9000000000000004
Yuma,17.00207380813354,2.7
Pima,14.454418429636156,1.3
Yavapai,13.002701527147192,2.9000000000000004
Maricopa,8.43610476332431,0.658
Pinal,5.54784623157008,1.5
Coconino,4.294707886739305,2.5
Greenlee,4.016723804910853,8.3
