county,pov,moe
Apache,24.764011123031235,3.2
Navajo,21.951511123031235,2.7
La Paz,21.153065727880232,8.200000000000001
Gila,19.420261123031235,5.3
Santa Cruz,19.292301674109016,5.599999999999999
Mohave,17.119152213249127,3.2999999999999994
Yuma,16.217651750723263,2.7
Cochise,15.616506228013183,2.9000000000000004
Graham,15.399107758863714,4.4
Pima,12.028888038674202,1.3
Yavapai,10.837118967026479,2.9000000000000004
Maricopa,8.010855215576845,0.658
Pinal,6.376458918683664,1.5
Coconino,5.047989583837605,2.5
Greenlee,4.265120554268943,8.3
