county,pov,moe
Apache,22.679011123031238,3.2
Navajo,20.954011123031236,2.7
Gila,19.229011123031235,5.3
La Paz,16.830402363947925,8.200000000000001
Santa Cruz,15.684201667817273,5.599999999999999
Mohave,13.47274299511427,3.2999999999999994
Graham,13.462586943307524,4.4
Greenlee,13.138775163956987,8.3
Yuma,12.881004105048616,2.7
Cochise,12.79456761161544,2.9000000000000004
Yavapai,12.176684277428036,2.9000000000000004
Pima,11.483011562202627,1.3
Coconino,11.076217456899617,2.5
Pinal,10.91685374868062,1.5
Maricopa,10.720918734890835,0.658
