county,pov,moe
Gila,19.529011123031236,5.3
Apache,19.492987847867916,3.2
Navajo,18.103458496638556,2.7
La Paz,17.30486447089713,8.200000000000001
Santa Cruz,16.05277543928345,5.599999999999999
Graham,13.95489276002943,4.4
Greenlee,13.89501655397645,8.3
Mohave,13.877373650536324,3.2999999999999994
Yuma,13.294479220272876,2.7
Cochise,13.231829032035467,2.9000000000000004
Yavapai,12.665967478138928,2.9000000000000004
Pima,11.913876665206342,1.3
Coconino,11.614229452064416,2.5
Pinal,11.403293323694633,1.5
Maricopa,11.16594448632684,0.658
