county,pov,moe
Gila,19.529011123031236,5.3
Apache,19.492987847867916,3.2
Navajo,18.103458496638556,2.7
La Paz,17.6626460780998,8.200000000000001
Santa Cruz,16.872827934886637,5.599999999999999
Mohave,13.751256896716118,3.2999999999999994
Yuma,12.780393127199638,2.7
Graham,12.495559127170665,4.4
Cochise,12.306769966997969,2.9000000000000004
Yavapai,10.375240052793728,2.9000000000000004
Pima,10.27099944255472,1.3
Maricopa,8.676878157243724,0.658
Pinal,8.203286374177098,1.5
Coconino,7.47354987296435,2.5
Greenlee,7.005135501657923,8.3
