county,pov,moe
La Paz,21.284012096325995,8.200000000000001
Apache,20.939011123031236,3.2
Navajo,20.039011123031237,2.7
Santa Cruz,19.31542888807092,5.599999999999999
Gila,19.229011123031235,5.3
Mohave,17.37484872710901,3.2999999999999994
Yuma,16.69245601469946,2.7
Graham,16.59281722195868,4.4
Cochise,16.403522811087086,2.9000000000000004
Pima,13.285732546487743,1.3
Yavapai,12.054399414558862,2.9000000000000004
Maricopa,8.722073756904772,0.658
Pinal,6.517432053728996,1.5
Coconino,4.90414475010683,2.5
Greenlee,4.146098349867945,8.3
