county,pov,moe
Apache,21.329011123031236,3.2
Navajo,20.27901112303124,2.7
Gila,19.229011123031235,5.3
La Paz,18.401425174101362,8.200000000000001
Santa Cruz,17.2057554648028,5.599999999999999
Mohave,14.574466995787565,3.2999999999999994
Graham,14.056377993196447,4.4
Yuma,13.79163344225382,2.7
Cochise,13.539980024882873,2.9000000000000004
Yavapai,12.241219045106263,2.9000000000000004
Pima,11.779587434988366,1.3
Maricopa,10.502986118565442,0.658
Greenlee,10.336639959035265,8.3
Pinal,10.322408133751006,1.5
Coconino,9.910486844435086,2.5
