county,pov,moe
La Paz,19.770094613154182,8.200000000000001
Gila,19.529011123031236,5.3
Apache,19.492987847867916,3.2
Santa Cruz,18.12813242450831,5.599999999999999
Navajo,18.103458496638556,2.7
Mohave,15.775104812155552,3.2999999999999994
Graham,15.220378122947457,4.4
Yuma,14.989006975129165,2.7
Cochise,14.718694379411316,2.9000000000000004
Yavapai,12.843073280697261,2.9000000000000004
Pima,12.59199345842275,1.3
Maricopa,10.660568015899388,0.658
Pinal,9.930094172248548,1.5
Coconino,8.651282488378918,2.5
Greenlee,7.096119789509442,8.3
