county,pov,moe
La Paz,21.348234677052076,8.200000000000001
Santa Cruz,19.322728347219233,5.599999999999999
Apache,19.139011123031235,3.2
Navajo,19.139011123031235,2.7
Gila,19.139011123031235,5.3
Graham,18.227947059236804,4.4
Mohave,17.53037099617584,3.2999999999999994
Cochise,17.192942429433803,2.9000000000000004
Yuma,17.059325578870464,2.7
Pima,15.31411045430769,1.3
Yavapai,13.882503151767267,2.9000000000000004
Maricopa,7.58049754183314,0.658
Pinal,4.582241349913405,1.5
Coconino,4.041593301584424,2.5
Greenlee,4.000471743512106,8.3
