county,pov,moe
Apache,24.246782849978533,3.2
Navajo,22.801973029669387,2.7
La Paz,21.39112276815316,8.2
Gila,20.785841106430418,5.3
Santa Cruz,19.66358781390791,5.599999999999999
Greenlee,17.780235613242283,8.3
Mohave,17.55137547905148,3.3000000000000003
Graham,17.3046650338779,4.4
Yuma,16.944378062860256,2.7
Cochise,16.542409741863825,2.9000000000000004
Yavapai,16.194674187622336,2.9000000000000004
Coconino,15.886228876786396,2.5
Pima,15.650115714540103,1.3
Pinal,15.541620669699782,1.5
Maricopa,15.2186344928495,0.6
