county,pov,moe
Mariposa,26.782422040242302,9.6
Sierra,26.092484828784237,18.1
Trinity,25.7324220402423,12.3
Madera,24.6824220402423,3.7000000000000006
Modoc,22.94809414080371,13.3
Alpine,18.657436633032646,10
Mono,17.33600864115101,7.6
Glenn,17.319671405842797,6
Tehama,16.453177203679044,4.6
Siskiyou,16.40008869258325,4.9
Imperial,16.016599208235892,3.0999999999999996
Del Norte,15.875189931772171,5.3
Plumas,15.80343327737327,5.9
Mendocino,15.699628495864037,4
Lake,15.682005732081974,3.8
Calaveras,15.662284230150924,5.2
Kings,15.507733336049517,3.2
Yuba,15.226415364310824,3.4999999999999996
Merced,15.140032674130662,2.4
Lassen,15.105042907536909,4.7
Colusa,15.059443061961725,4.4
Inyo,14.964714963972343,6
Sutter,14.792912801098831,3.4000000000000004
Humboldt,14.653849868793817,2.6
Fresno,14.582294368049212,1.3999999999999997
Kern,14.483488931338432,1.3999999999999997
Tulare,14.476466910777813,1.6
Butte,14.217517663645227,2.3
Monterey,13.897705110907754,2
Stanislaus,13.650190664872847,1.3999999999999997
Yolo,13.295977668193999,2.5
San Bernardino,13.285792799434073,0.8
Tuolumne,13.22549289509743,3.4999999999999996
Sacramento,13.11717199589355,1.1
San Joaquin,13.105339889093734,1
San Benito,13.044287335095467,3.4000000000000004
Los Angeles,13.032529021549962,0.658
Shasta,12.99465054108255,1.9
Santa Barbara,12.819584450087998,1.3999999999999997
San Luis Obispo,12.728789147809701,2
Nevada,12.374313859672498,2.7
Riverside,12.301610337683867,0.6999999999999998
Solano,12.270748314178016,1.3999999999999997
Ventura,12.19462849811287,1
Santa Cruz,12.101853911613047,2
San Diego,12.059401937091534,0.658
Orange,11.635931083591895,0.658
Sonoma,11.495378733241754,1.3999999999999997
El Dorado,11.463877426971504,1.9
Napa,11.129781382352155,2
Contra Costa,11.071663361162074,0.8999999999999999
Alameda,10.638163946252646,0.6999999999999998
San Francisco,10.383227932408099,1
Marin,10.271355589951659,1.3
Placer,9.853600113604882,1.1
San Mateo,9.352886331443564,0.8999999999999999
Santa Clara,8.671226298677762,0.658
Amador,8.17955802912387,2.4
