county,pov,moe
Sierra,28.96267479165794,18.1
Modoc,25.283086311857257,13.3
Trinity,24.5924220402423,12.3
Mariposa,22.488963543603745,9.6
Alpine,21.265600363155304,10
Mono,19.9632948239316,7.6
Glenn,19.554528234325588,6
Siskiyou,18.664164384482344,4.9
Tehama,18.496320043127724,4.6
Del Norte,18.3613774242599,5.3
Calaveras,18.069191529426686,5.2
Mendocino,17.945853543873344,4
Plumas,17.94070972808418,5.9
Madera,17.892517199097277,3.7000000000000006
Lake,17.83190438334217,3.8
Yuba,17.507303842868698,3.4999999999999996
Kings,17.418929972665214,3.2
Imperial,17.374090104201436,3.0999999999999996
Colusa,17.355558006509778,4.4
Lassen,17.271891019933555,4.7
Sutter,17.167347797657403,3.4000000000000004
Humboldt,16.840713541509018,2.6
Merced,16.817967467444316,2.4
Butte,16.48158423252607,2.3
Tulare,16.18974182374934,1.6
Monterey,16.161683791336213,2
Fresno,16.047295566700843,1.3999999999999997
Kern,16.043894139914723,1.3999999999999997
Stanislaus,15.82961847175253,1.3999999999999997
San Bernardino,15.400557091539632,0.8
Sacramento,15.302493626548344,1.1
San Joaquin,15.292665101867641,1
Los Angeles,15.186389039093799,0.658
Inyo,14.855996330259266,6
Yolo,14.66667342707032,2.5
Santa Barbara,14.586664558503315,1.3999999999999997
Shasta,14.517286286001932,1.9
Riverside,13.913736898308695,0.6999999999999998
San Luis Obispo,13.39830426612999,2
San Diego,13.188678178669205,0.658
Ventura,13.115233785385941,1
Solano,12.6576345962452,1.3999999999999997
Tuolumne,12.364122049832602,3.4999999999999996
San Benito,11.702354593253473,3.4000000000000004
Orange,11.383346986883026,0.658
Santa Cruz,10.408360656322294,2
Nevada,10.036262899148394,2.7
Sonoma,8.812053811260203,1.3999999999999997
Contra Costa,7.922689272112122,0.8999999999999999
El Dorado,7.490918656676924,1.9
Alameda,6.399291922473135,0.6999999999999998
Napa,5.93468416437872,2
San Francisco,4.984869497610764,1
Marin,4.3162432058925475,1.3
Placer,3.6298075953435025,1.1
San Mateo,3.027771708122462,0.8999999999999999
Santa Clara,2.525376515665654,0.658
Amador,2.1593051561644416,2.4
