county,pov,moe
Mariposa,29.4674220402423,9.6
Sierra,29.04851921379222,18.1
Trinity,27.029922040242297,12.3
Modoc,25.31846469995505,13.3
Madera,24.836172040242303,3.7000000000000006
Alpine,21.651160991282943,10
Mono,20.349991631080368,7.6
Glenn,19.623338345560388,6
Siskiyou,18.757739036957144,4.9
Del Norte,18.705568798140824,5.3
Tehama,18.53872323225174,4.6
Calaveras,18.42857101310834,5.2
Plumas,18.192646230129373,5.9
Mendocino,18.051153620145463,4
Lake,17.906823968129444,3.8
Colusa,17.700655701282223,4.4
Yuba,17.644512658762203,3.4999999999999996
Lassen,17.571838370102743,4.7
Kings,17.44996522377391,3.2
Sutter,17.429835178195788,3.4000000000000004
Imperial,17.375070800251816,3.0999999999999996
Humboldt,16.95494902705464,2.6
Merced,16.829169692267524,2.4
Butte,16.668314059676295,2.3
Monterey,16.386976751958688,2
Tulare,16.205476639206033,1.6
Fresno,16.050600990014107,1.3999999999999997
Kern,16.050437944866562,1.3999999999999997
Stanislaus,15.988825844907451,1.3999999999999997
Sacramento,15.575035858268645,1.1
San Joaquin,15.546081202461615,1
San Bernardino,15.53698046570799,0.8
Los Angeles,15.377330422931044,0.658
Santa Barbara,14.764450056117443,1.3999999999999997
Shasta,14.492595509770121,1.9
Yolo,14.475961752156172,2.5
Riverside,14.015201510211378,0.6999999999999998
Inyo,12.92406906944477,6
San Diego,12.885709075198912,0.658
Ventura,12.59092383088988,1
San Luis Obispo,12.55524524793711,2
Solano,11.586445655526939,1.3999999999999997
Tuolumne,10.070570189997479,3.4999999999999996
Orange,9.831328869208967,0.658
San Benito,9.150389363713787,3.4000000000000004
Santa Cruz,7.944641887651266,2
Nevada,7.3377148733321285,2.7
Sonoma,6.4259659545023275,1.3999999999999997
Contra Costa,5.7931263817694205,0.8999999999999999
El Dorado,5.412110825549398,1.9
Alameda,4.927687804314567,0.6999999999999998
Napa,4.685426688796657,2
San Francisco,4.413022794834397,1
Marin,4.251805881857992,1.3
Placer,4.134075547515262,1.1
San Mateo,4.060604443434084,0.8999999999999999
Santa Clara,4.019890043607552,0.658
Amador,4.002763009712881,2.4
