county,pov,moe
San Juan,41.11825499769567,31.6
Jackson,40.418254997695676,24.3
Huerfano,39.718254997695674,15.8
Bent,23.794675550816418,13.5
Gilpin,22.93911641582031,18.5
Costilla,22.89959880831908,12.9
Saguache,21.4321183029056,11.9
Sedgwick,21.11559315390782,11.700000000000001
Baca,20.274854160275684,9.1
Las Animas,19.99617793585917,9.2
Yuma,19.194613522152203,9.2
Otero,18.97701051397289,6.800000000000001
Rio Blanco,18.692009773337066,9.4
Prowers,17.917611384049092,7.8
Delta,17.6568532249979,6.199999999999999
Dolores,17.062692072527387,12.200000000000001
Alamosa,16.701842946024897,7.6
Conejos,16.61186807097983,6.1000000000000005
Logan,16.24970126783114,7.400000000000001
Phillips,16.211456872314972,8.8
Crowley,16.151063095152864,6.5
Cheyenne,15.879012608904288,8.9
Fremont,15.782101734760513,4.5
Kiowa,15.74621311755907,7.7
Morgan,15.256498491540082,4.9
Pueblo,15.216949770819586,3
Moffat,15.20034613084241,6.5
Montrose,14.832962216662743,4.9
La Plata,14.529907892837969,3.4000000000000004
Rio Grande,14.13711547931463,8
Montezuma,13.932900536356833,5.800000000000001
Mesa,13.35179100655653,3.2
Denver,13.150872611634727,1.5
Park,12.885033288315489,7.3
Mineral,12.767937961552397,10.7
Kit Carson,12.611204780476855,4.7
Washington,12.439564819969517,5.1
Chaffee,11.9404307052905,4.9
Adams,11.732473516489945,1.3999999999999997
Eagle,11.429174337008954,4.7
Gunnison,11.325415957303814,7.9
Weld,11.314460708578626,1.3999999999999997
Lincoln,11.202892903797023,5.699999999999999
El Paso,10.96726904977873,1.3
Lake,10.91233554767709,7.6
Archuleta,10.660684027025216,5
Garfield,10.480986399285788,3.0999999999999996
Arapahoe,10.143469780453946,0.8999999999999999
Larimer,9.7857630595362,2
Pitkin,9.682410508017437,5.9
San Miguel,8.735302794372478,4.9
Grand,8.550032364431702,5.3
Jefferson,8.176592905120412,1.1
Summit,8.067222060851792,4.8
Boulder,7.7177494057543,1.1
Teller,7.442832933468263,3.8
Custer,6.642506365656015,5.1
Broomfield,6.596086554350345,1.9
Routt,6.4907107451453765,2.7999999999999994
Clear Creek,6.1510555721686195,4.9
Hinsdale,5.317524219630548,30.099999999999998
Elbert,5.136138013916394,2
Douglas,4.451871167111303,0.658
Ouray,4.092573885343993,2.1
