county,pov,moe
San Juan,39.62825499769567,31.6
Jackson,33.94112646974698,24.3
Gilpin,28.06604332765935,18.5
Huerfano,27.319127498847834,15.8
Bent,25.505194262554497,13.5
Costilla,25.0300801003097,12.9
Saguache,24.21084454936025,11.9
Sedgwick,24.037520123235755,11.700000000000001
Las Animas,22.14301890674572,9.2
Rio Blanco,22.095826690633906,9.4
Yuma,22.075648418026937,9.2
Baca,22.07497973214822,9.1
Prowers,20.93766774775449,7.8
Alamosa,20.36494553020151,7.6
Otero,20.287310361981596,6.800000000000001
Dolores,20.240521147784037,12.200000000000001
Phillips,20.010015662038015,8.8
Logan,19.983395017454487,7.400000000000001
Delta,19.80062876996471,6.199999999999999
Crowley,19.620760534500977,6.5
Conejos,19.590453210261746,6.1000000000000005
Kiowa,19.483381192090953,7.7
Cheyenne,19.442393938563207,8.9
Moffat,18.831799187390697,6.5
Morgan,18.47428068522828,4.9
Fremont,18.408697724298918,4.5
Montrose,18.22672802817758,4.9
La Plata,17.43162360550046,3.4000000000000004
Pueblo,17.302648257129558,3
Montezuma,16.992569882517554,5.800000000000001
Mesa,16.59155129857355,3.2
Denver,15.928307395910037,1.5
Rio Grande,15.905666248689545,8
Kit Carson,14.575691442533548,4.7
Adams,14.566625763051555,1.3999999999999997
Weld,13.754877851063057,1.3999999999999997
Washington,13.687184659603032,5.1
El Paso,12.983487403507384,1.3
Park,12.678034004593774,7.3
Chaffee,12.300624849808136,4.9
Arapahoe,10.92734700612266,0.8999999999999999
Eagle,10.809015481623502,4.7
Garfield,9.475484869747433,3.0999999999999996
Lincoln,8.917060496706723,5.699999999999999
Mineral,8.637878347977383,10.7
Larimer,8.415690445115974,2
Archuleta,7.967028349453418,5
Gunnison,7.1883161973946965,7.9
Lake,6.408399343657417,7.6
Pitkin,4.916786325144908,5.9
Jefferson,4.7412812794768815,1.1
Boulder,3.896202891963857,1.1
San Miguel,3.870549469291022,4.9
Grand,3.5216293889891808,5.3
Summit,3.1644942905551146,4.8
Teller,2.8499581934961022,3.8
Broomfield,2.574597275698441,1.9
Routt,2.4342947265067756,2.7999999999999994
Custer,2.335501787890776,5.1
Clear Creek,2.216867288229775,4.9
Elbert,2.1126751024281187,2
Douglas,2.0548618451856373,0.658
Ouray,2.023965247005604,2.1
Hinsdale,2.0105778732014272,30.099999999999998
