county,pov,moe
San Juan,45.12825499769567,31.6
Jackson,42.37825499769568,24.3
Huerfano,39.62825499769567,15.8
Bent,24.716747771243167,13.5
Costilla,23.711247835187386,12.9
Gilpin,22.15363107488911,18.5
Saguache,22.013175663466775,11.9
Sedgwick,21.637437368127625,11.700000000000001
Baca,21.162913389578158,9.1
Las Animas,20.78557430857814,9.2
Otero,19.951734439453787,6.800000000000001
Yuma,19.71144974256521,9.2
Rio Blanco,18.963577572932575,9.4
Delta,18.432534198095972,6.199999999999999
Prowers,18.3583462828582,7.8
Conejos,17.051735480850166,6.1000000000000005
Alamosa,16.748648726099397,7.6
Fremont,16.365398974711244,4.5
Crowley,16.308720969546332,6.5
Logan,16.19059313474595,7.400000000000001
Dolores,16.025309816321148,12.200000000000001
Pueblo,15.99645768386928,3
Phillips,15.763265676289695,8.8
Morgan,15.54015716402489,4.9
Kiowa,15.435607151813446,7.7
Cheyenne,15.303378856549516,8.9
Moffat,15.027653371253793,6.5
La Plata,14.969664130139272,3.4000000000000004
Montrose,14.966686702578247,4.9
Denver,13.624917797762375,1.5
Montezuma,13.552845942563167,5.800000000000001
Mesa,13.44294667058857,3.2
Rio Grande,13.319779887388068,8
Kit Carson,12.150400860649599,4.7
Park,11.97637282614311,7.3
Washington,11.86363792075597,5.1
Adams,11.785559511871204,1.3999999999999997
Mineral,11.332055894694012,10.7
Chaffee,11.316531171864517,4.9
Weld,11.260213741830071,1.3999999999999997
El Paso,10.85561905000178,1.3
Eagle,10.76998991966675,4.7
Lincoln,10.370839482415436,5.699999999999999
Gunnison,10.210618886982411,7.9
Garfield,9.97499072571668,3.0999999999999996
Arapahoe,9.958048418551176,0.8999999999999999
Archuleta,9.89618448956695,5
Lake,9.834363213162161,7.6
Larimer,9.386285561590576,2
Pitkin,8.831112111517834,5.9
San Miguel,8.05938250255196,4.9
Jefferson,7.878082464553504,1.1
Grand,7.869467510784486,5.3
Summit,7.497422841200947,4.8
Boulder,7.45921400920332,1.1
Teller,7.05029557221221,3.8
Broomfield,6.487798216528345,1.9
Custer,6.394804346657098,5.1
Routt,6.371082523271266,2.7999999999999994
Clear Creek,6.063515247525266,4.9
Elbert,5.476958908525094,2
Hinsdale,5.289448576334211,30.099999999999998
Douglas,5.089018584456449,0.658
Ouray,4.873782132059233,2.1
