county,pov,moe
Northwest Hills,16.716039193066653,2.4
Northeastern Connecticut,16.635623311566107,3.0999999999999996
Southeastern Connecticut,16.44816570145098,1.9
Greater Bridgeport,16.178588053688085,1.5
South Central Connecticut,16.178588053688085,1.5
Naugatuck Valley,16.15731836679289,1.5
Capitol,15.789058702458721,1
Western Connecticut,12.302647631018052,1
Lower Connecticut River Valley,4.093970986270426,1.3999999999999997
