county,pov,moe
Northeastern Connecticut,17.069463517683037,3.0999999999999996
Northwest Hills,16.800087159962033,2.4
Southeastern Connecticut,16.43795804953348,1.9
Greater Bridgeport,16.178588053688085,1.5
South Central Connecticut,16.178588053688085,1.5
Naugatuck Valley,16.12854327216798,1.5
Capitol,15.789058702458721,1
Western Connecticut,12.901037171962312,1
Lower Connecticut River Valley,3.0166760188562582,1.3999999999999997
