county,pov,moe
Northeastern Connecticut,17.123873733933642,3.0999999999999996
Northwest Hills,16.730293001231217,2.4
Greater Bridgeport,16.501461265336168,1.5
Southeastern Connecticut,16.43963139463749,1.9
South Central Connecticut,16.38294644179808,1.5
Naugatuck Valley,16.148294503391114,1.5
Capitol,15.779405215628433,1
Lower Connecticut River Valley,15.716577428693924,1.3999999999999997
Western Connecticut,15.595213779904643,1
