county,pov,moe
Greater Bridgeport,21.803588053688085,1.5
South Central Connecticut,18.99108805368808,1.5
Capitol,16.459838053688085,1
Naugatuck Valley,16.08047385649066,1.5
Southeastern Connecticut,16.038548357245663,1.9
Northwest Hills,15.311237151625964,2.4
Northeastern Connecticut,13.07094803373515,3.0999999999999996
Western Connecticut,8.03515296530076,1
Lower Connecticut River Valley,4.709125474537547,1.3999999999999997
