county,pov,moe
Greater Bridgeport,20.178588053688085,1.5
South Central Connecticut,18.17858805368808,1.5
Capitol,16.178588053688085,1
Southeastern Connecticut,16.15383345199231,1.9
Naugatuck Valley,16.094569309292645,1.5
Northwest Hills,15.718714604162079,2.4
Northeastern Connecticut,14.018053390963253,3.0999999999999996
Western Connecticut,8.998940429186725,1
Lower Connecticut River Valley,4.980124653336903,1.3999999999999997
