county,pov,moe
Greater Bridgeport,18.428588053688085,1.5
South Central Connecticut,17.303588053688085,1.5
Northwest Hills,16.66864588034433,2.4
Southeastern Connecticut,16.42638811347925,1.9
Capitol,16.291088053688082,1
Naugatuck Valley,16.12826097927632,1.5
Northeastern Connecticut,15.986369348131973,3.0999999999999996
Western Connecticut,9.050448225029786,1
Lower Connecticut River Valley,4.216623292674079,1.3999999999999997
