county,pov,moe
Northwest Hills,16.629170244854972,2.4
Greater Bridgeport,16.563588053688083,1.5
Southeastern Connecticut,16.411693691049418,1.9
South Central Connecticut,16.371088053688084,1.5
Northeastern Connecticut,16.241668112337926,3.0999999999999996
Capitol,16.197838053688084,1
Naugatuck Valley,16.127122966195397,1.5
Western Connecticut,11.141742806133449,1
Lower Connecticut River Valley,4.816088018364593,1.3999999999999997
