county,pov,moe
Northeastern Connecticut,17.0390004656226,3.0999999999999996
Northwest Hills,16.8104643641334,2.4
Southeastern Connecticut,16.439395191274915,1.9
Greater Bridgeport,16.178588053688085,1.5
South Central Connecticut,16.178588053688085,1.5
Capitol,16.178588053688085,1
Naugatuck Valley,16.128581386975657,1.5
Western Connecticut,11.378396201934212,1
Lower Connecticut River Valley,4.168398228994957,1.3999999999999997
