county,pov,moe
Northeastern Connecticut,17.073788287318262,3.0999999999999996
Northwest Hills,16.81422236310688,2.4
Southeastern Connecticut,16.439626488071468,1.9
Greater Bridgeport,16.178588053688085,1.5
South Central Connecticut,16.178588053688085,1.5
Capitol,16.178588053688085,1
Naugatuck Valley,16.128584051509787,1.5
Western Connecticut,11.367200412303072,1
Lower Connecticut River Valley,4.140814236626344,1.3999999999999997
