county,pov,moe
Northeastern Connecticut,17.299344316514443,3.0999999999999996
Northwest Hills,16.827208719601852,2.4
Southeastern Connecticut,16.440151321669802,1.9
Greater Bridgeport,16.178588053688085,1.5
South Central Connecticut,16.178588053688085,1.5
Naugatuck Valley,16.128587850161587,1.5
Capitol,15.789058702458721,1
Western Connecticut,13.423071057592628,1
Lower Connecticut River Valley,2.235401924624799,1.3999999999999997
