county,pov,moe
Greater Bridgeport,16.628588053688084,1.5
Northwest Hills,16.477841930609287,2.4
South Central Connecticut,16.403588053688082,1.5
Southeastern Connecticut,16.372030011322398,1.9
Capitol,16.201088053688085,1
Naugatuck Valley,16.12302233562686,1.5
Northeastern Connecticut,15.885580462002894,3.0999999999999996
Western Connecticut,11.148557658358873,1
Lower Connecticut River Valley,5.2597034410154455,1.3999999999999997
