county,pov,moe
Greater Bridgeport,22.928588053688085,1.5
South Central Connecticut,19.553588053688085,1.5
Capitol,16.516088053688083,1
Southeastern Connecticut,16.13000166000013,1.9
Naugatuck Valley,16.10266254493553,1.5
Northwest Hills,15.356040515115495,2.4
Northeastern Connecticut,12.540344606109311,3.0999999999999996
Western Connecticut,7.031261025295396,1
Lower Connecticut River Valley,4.341425487479884,1.3999999999999997
