county,pov,moe
Greater Bridgeport,18.328588053688087,1.5
South Central Connecticut,17.298588053688086,1.5
Capitol,16.268588053688084,1
Naugatuck Valley,14.605068816786051,1.5
Southeastern Connecticut,14.37982193206128,1.9
Northwest Hills,14.172632092199022,2.4
Northeastern Connecticut,13.9161536997034,3.0999999999999996
Western Connecticut,11.61601093063442,1
Lower Connecticut River Valley,9.91454836755156,1.3999999999999997
