county,pov,moe
Northeastern Connecticut,17.16221776540328,3.0999999999999996
Northwest Hills,16.768260216239156,2.4
Greater Bridgeport,16.597429511624075,1.5
Southeastern Connecticut,16.480869909694025,1.9
South Central Connecticut,16.452305708163255,1.5
Naugatuck Valley,16.184121851121823,1.5
Capitol,15.8048426467262,1
Lower Connecticut River Valley,15.716577428693924,1.3999999999999997
Western Connecticut,15.601223258934702,1
