county,pov,moe
Greater Bridgeport,19.334429460927435,1.5
Northeastern Connecticut,16.87535119451816,3.0999999999999996
South Central Connecticut,16.72230335251347,1.5
Northwest Hills,16.60441171604723,2.4
Southeastern Connecticut,16.400150662707954,1.9
Naugatuck Valley,16.128062830728528,1.5
Capitol,15.779405215628433,1
Western Connecticut,15.453930917347435,1
Lower Connecticut River Valley,15.446543101931272,1.3999999999999997
