county,pov,moe
Northwest Hills,16.44833525458304,2.4
Southeastern Connecticut,16.346090864809586,1.9
Greater Bridgeport,16.178588053688085,1.5
South Central Connecticut,16.178588053688085,1.5
Naugatuck Valley,16.11753170873186,1.5
Northeastern Connecticut,16.062962307408934,3.0999999999999996
Capitol,15.789058702458721,1
Western Connecticut,11.989009800770347,1
Lower Connecticut River Valley,5.38983525386134,1.3999999999999997
