county,pov,moe
Greater Bridgeport,19.178588053688085,1.5
South Central Connecticut,17.67858805368808,1.5
Northwest Hills,16.656272118193662,2.4
Southeastern Connecticut,16.42694328204677,1.9
Capitol,16.328588053688083,1
Naugatuck Valley,16.12832508577021,1.5
Northeastern Connecticut,15.745573871866188,3.0999999999999996
Western Connecticut,8.221261444062918,1
Lower Connecticut River Valley,4.135860036995979,1.3999999999999997
