county,pov,moe
Greater Bridgeport,19.334429460927435,1.5
South Central Connecticut,19.334429460927435,1.5
Northeastern Connecticut,16.456691517470208,3.0999999999999996
Northwest Hills,16.38308737889604,2.4
Southeastern Connecticut,16.32574547222889,1.9
Naugatuck Valley,16.089184377038652,1.5
Capitol,15.779405215628433,1
Western Connecticut,15.225505753532644,1
Lower Connecticut River Valley,15.00021333006816,1.3999999999999997
