county,pov,moe
Greater Bridgeport,19.178588053688085,1.5
South Central Connecticut,17.67858805368808,1.5
Northwest Hills,16.708443712024877,2.4
Southeastern Connecticut,16.432881696323182,1.9
Capitol,16.328588053688083,1
Naugatuck Valley,16.128486163598286,1.5
Northeastern Connecticut,15.950172801121568,3.0999999999999996
Western Connecticut,8.005949244285517,1
Lower Connecticut River Valley,4.088302221582305,1.3999999999999997
