county,pov,moe
Greater Bridgeport,21.05358805368808,1.5
South Central Connecticut,18.616088053688085,1.5
Capitol,16.422338053688083,1
Southeastern Connecticut,16.384392579969376,1.9
Northwest Hills,16.326185442159584,2.4
Naugatuck Valley,16.12669972847557,1.5
Northeastern Connecticut,14.276029667782158,3.0999999999999996
Western Connecticut,7.144271089693039,1
Lower Connecticut River Valley,4.150407330856714,1.3999999999999997
