county,pov,moe
Greater Bridgeport,18.368588053688086,1.5
South Central Connecticut,17.318588053688085,1.5
Capitol,16.268588053688084,1
Naugatuck Valley,14.412575981324983,1.5
Southeastern Connecticut,14.173331040399944,1.9
Northwest Hills,14.002019094318701,2.4
Northeastern Connecticut,13.835910732198863,3.0999999999999996
Western Connecticut,11.711481972999163,1
Lower Connecticut River Valley,10.408917017694083,1.3999999999999997
