county,pov,moe
Franklin,31.49472770466801,14.100000000000001
Hardee,28.744727704668012,9.2
Gadsden,25.99472770466801,6.199999999999999
Glades,23.135100522621634,11.8
Lafayette,22.763361219964306,13.5
DeSoto,21.853256707277502,9.1
Hamilton,21.3987290978662,9.1
Taylor,21.23539540545022,11.5
Madison,20.969357101207386,8.7
Dixie,20.96275449061908,10.4
Washington,20.951451560852682,9.2
Sumter,20.305563891398304,7.3
Calhoun,19.9903341629337,8.600000000000001
Liberty,19.644101679704214,8.3
Jefferson,19.46730364512724,7.500000000000001
Union,19.269099734497516,10.1
Putnam,19.1879722320637,6
Okeechobee,18.952968971951577,6.3
Jackson,18.940314571932372,6.599999999999999
Bradford,18.88609098342026,7.6
Hendry,18.772832778659698,6.7
Holmes,18.02355168612697,8.4
Levy,17.2606739277578,5.800000000000001
Highlands,15.810978297096026,4.2
Citrus,15.804108169632352,3.8
Baker,15.45842850053021,6.199999999999999
Suwannee,15.32362819648185,4.8
Escambia,14.764542986205681,2.4
Columbia,14.377614402786135,4
Polk,13.88795446036735,1.3999999999999997
St. Lucie,13.863469749842544,2.6
Marion,13.841796335673912,1.9
Duval,13.409871185578904,1.3999999999999997
Walton,13.153601316368466,4.4
Charlotte,13.152883639748483,3.2999999999999994
Martin,13.14887681195987,4
Leon,13.04677333045739,2.2
Miami-Dade,12.728866340731848,0.8999999999999999
Osceola,12.627557891490579,2
Orange,12.291469842915918,1.1
Indian River,11.836584077611414,2.9000000000000004
Bay,11.795944730171026,2.4
Hillsborough,11.78724580166904,1
Alachua,11.590438822373653,2.7999999999999994
Lee,11.545255586013226,1.5
Gulf,11.189320450972321,6.9
Hernando,10.95834258758795,2.7999999999999994
Pasco,10.85985681270949,1.6
Collier,10.536539163249984,2.3
Broward,10.409012291783732,1
Volusia,9.86423055777237,1.7000000000000002
Palm Beach,9.852083782145543,1.1
Manatee,9.817418528169203,2.2
Okaloosa,9.462150278829974,2.6
Lake,9.170251392374977,2.5
Flagler,9.080313335227963,3.0999999999999996
Monroe,8.933401190806988,3.5999999999999996
Clay,8.18905455285769,3.0999999999999996
Gilchrist,8.00647118591468,5.4
Pinellas,7.999374508816665,1.2
Brevard,7.620520019739252,2
Nassau,7.3104183773719775,3.8
Sarasota,6.627365663177663,2
Seminole,6.140054011590132,1.2
Santa Rosa,5.8522540030745756,2.1
St. Johns,5.335777700106511,1.6
Wakulla,4.833501644578064,3.5999999999999996
