county,pov,moe
Franklin,32.142043888531305,14.099999999999998
Hardee,22.265832967293136,9.2
DeSoto,22.0658971395787,9.1
Glades,21.577550090928117,11.8
Lafayette,20.835634781656104,13.5
Hamilton,20.441354169809898,9.1
Washington,20.095230999371683,9.2
Madison,19.881730885742932,8.7
Gadsden,19.83231233689629,6.199999999999999
Taylor,19.82463676569604,11.5
Dixie,19.579312048991092,10.4
Sumter,19.43956219119098,7.3
Calhoun,19.251275241568866,8.6
Jefferson,19.021127060314292,7.5
Union,18.787877099435864,10.1
Liberty,18.75799487021644,8.3
Putnam,18.625253846418623,6
Jackson,18.5587193625464,6.6000000000000005
Okeechobee,18.490250294335926,6.3
Hendry,18.458709141484615,6.7
Bradford,18.296464545478226,7.6
Holmes,18.103492655938975,8.4
Levy,17.379088287803054,5.800000000000001
Baker,17.04815219358718,6.199999999999999
Gulf,16.878033136100107,6.9
Suwannee,16.68561458400932,4.8
Highlands,16.64496696642505,4.2
Citrus,16.50587252008404,3.8
Walton,16.35460363520156,4.4
Gilchrist,16.348496319533858,5.4
Columbia,16.32671120161874,4
Martin,16.23373400524587,4
Charlotte,16.029162831326264,3.3000000000000003
Monroe,15.96520236395554,3.6000000000000005
Escambia,15.951392763595992,2.4
Nassau,15.926362072932598,3.8
St. Lucie,15.873038657504512,2.6
Indian River,15.868083572653005,2.9000000000000004
Alachua,15.835047662199994,2.7999999999999994
Flagler,15.832401997297868,3.0999999999999996
Hernando,15.812038755516411,2.7999999999999994
Clay,15.778245545373629,3.0999999999999996
Bay,15.718985048360553,2.4
Leon,15.71246574352942,2.2
Okaloosa,15.710122237935742,2.6
Marion,15.698692866510497,1.9
Lake,15.676937343339223,2.5
Collier,15.65356495230848,2.3
Osceola,15.6258706177964,2
Manatee,15.605204157442929,2.2
Wakulla,15.555003901187705,3.6000000000000005
Polk,15.537450738717187,1.3999999999999997
Brevard,15.498431930048454,2
Duval,15.497325484026462,1.3999999999999997
Volusia,15.475845309068474,1.7000000000000002
Pasco,15.47236920740242,1.6
Sarasota,15.459241827052741,2
Lee,15.453085198571657,1.5
Santa Rosa,15.435999834536881,2.1
Orange,15.347588545850991,1.1
Pinellas,15.316813127599044,1.2
Palm Beach,15.313217246296935,1.1
Hillsborough,15.311234995621922,1
Miami-Dade,15.30065883258907,0.9000000000000001
Broward,15.291982152151224,1
St. Johns,15.262243603199119,1.6
Seminole,15.256275620587056,1.2
