county,pov,moe
Franklin,29.66183834686822,14.099999999999998
Lafayette,24.124159399321897,13.5
Glades,23.853225413901928,11.8
Hardee,23.07989475528311,9.2
DeSoto,22.92164898942204,9.1
Taylor,22.69080363899948,11.5
Dixie,22.08230336302355,10.4
Hamilton,22.036019880022923,9.1
Washington,21.880887760534858,9.2
Madison,21.547927726427957,8.7
Union,21.486248234366663,10.1
Calhoun,21.130323253513502,8.6
Liberty,20.712483543998705,8.3
Sumter,20.689658074087568,7.3
Jefferson,20.531099522805064,7.5
Gadsden,20.406693287141927,6.199999999999999
Holmes,20.362316322422274,8.4
Bradford,20.14432766063808,7.6
Jackson,19.88255910661461,6.6000000000000005
Hendry,19.865047868463872,6.7
Okeechobee,19.711912270801044,6.3
Putnam,19.661453860584402,6
Gulf,19.009322516314462,6.9
Levy,18.84396857015768,5.800000000000001
Baker,18.81284330917672,6.199999999999999
Gilchrist,18.06348231867326,5.4
Suwannee,18.014217719282783,4.8
Highlands,17.737962343381184,4.2
Walton,17.649953775562636,4.4
Citrus,17.48837755566917,3.8
Columbia,17.463572283537463,4
Martin,17.409048886875127,4
Nassau,17.142893190928675,3.8
Monroe,17.082458290126784,3.6000000000000005
Charlotte,16.993404996234382,3.3000000000000003
Wakulla,16.842627673784374,3.6000000000000005
Flagler,16.79322797205362,3.0999999999999996
Clay,16.761303358742786,3.0999999999999996
Indian River,16.730992391688314,2.9000000000000004
Alachua,16.668810449379343,2.7999999999999994
Hernando,16.65640099433235,2.7999999999999994
St. Lucie,16.608507091659142,2.6
Escambia,16.57160687726474,2.4
Okaloosa,16.51075920904603,2.6
Lake,16.450482971166707,2.5
Bay,16.432545427604122,2.4
Collier,16.3525120959891,2.3
Leon,16.344893666116935,2.2
Manatee,16.282161958114774,2.2
Marion,16.21109229143175,1.9
Osceola,16.20992811596959,2
Santa Rosa,16.140515043870472,2.1
Brevard,16.134623080990096,2
Sarasota,16.111028755678863,2
Volusia,15.995212912442561,1.7000000000000002
Pasco,15.950763460116118,1.6
Polk,15.905840226061468,1.3999999999999997
Lee,15.898017257595448,1.5
Duval,15.881777165734986,1.3999999999999997
St. Johns,15.827761520390244,1.6
Pinellas,15.691044698014064,1.2
Orange,15.667449134934209,1.1
Seminole,15.65566797034592,1.2
Palm Beach,15.646853611125222,1.1
Hillsborough,15.604062120071024,1
Broward,15.59245565392828,1
Miami-Dade,15.555960588878703,0.9000000000000001
