county,pov,moe
Franklin,25.99472770466801,14.100000000000001
Hardee,25.99472770466801,9.2
Gadsden,25.99472770466801,6.199999999999999
Lafayette,25.464789969414213,13.5
Glades,24.15276251150101,11.8
Taylor,23.903018181371316,11.5
Dixie,23.056705364971418,10.4
Union,22.735025647206676,10.1
Washington,22.126953237008635,9.2
DeSoto,22.04943409585155,9.1
Hamilton,22.04941029573338,9.1
Madison,21.737755164771542,8.7
Calhoun,21.657532011870163,8.600000000000001
Liberty,21.42272233261297,8.3
Holmes,21.389066158159338,8.4
Bradford,20.873877004459132,7.6
Jefferson,20.801979616829097,7.500000000000001
Sumter,20.647126904532325,7.3
Hendry,20.17825633490987,6.7
Jackson,20.101213644400715,6.599999999999999
Okeechobee,19.867877148663304,6.3
Putnam,19.634345216725567,6
Levy,19.461227092686887,5.800000000000001
Baker,19.12550397233023,6.199999999999999
Suwannee,18.48092657881565,4.8
Highlands,18.19234812683246,4.2
Citrus,17.899145409245794,3.8
Columbia,17.617244970470445,4
Escambia,16.803155794311344,2.4
St. Lucie,16.733900032661573,2.6
Marion,16.332471359288107,1.9
Charlotte,16.00952562957235,3.2999999999999994
Polk,16.005715477030733,1.3999999999999997
Leon,15.987600233010696,2.2
Duval,15.913685112141716,1.3999999999999997
Martin,15.575242322390096,4
Osceola,15.409459254432816,2
Miami-Dade,15.367550716049935,0.8999999999999999
Walton,15.214965294807401,4.4
Orange,14.996821882771275,1.1
Hillsborough,14.073663105613651,1
Lee,12.844413987014832,1.5
Bay,12.617742337910142,2.4
Indian River,12.033569071469378,2.9000000000000004
Alachua,11.08090250066596,2.7999999999999994
Pasco,9.703868463158576,1.6
Broward,8.64633020013622,1
Hernando,8.299664897109421,2.7999999999999994
Collier,7.365271578139524,2.3
Palm Beach,6.455139587403356,1.1
Volusia,5.96237362960277,1.7000000000000002
Manatee,5.521333364132758,2.2
Gulf,5.440708913000562,6.9
Okaloosa,4.822863736307001,2.6
Lake,4.574419123672184,2.5
Flagler,4.408087730253504,3.0999999999999996
Monroe,4.280489658553247,3.5999999999999996
Pinellas,4.157168771570062,1.2
Clay,4.110703254350289,3.0999999999999996
Brevard,4.062250393171067,2
Gilchrist,4.043008315344012,5.4
Nassau,4.021026890018513,3.8
Sarasota,4.009173970397941,2
Seminole,4.003687029813116,1.2
Santa Rosa,4.001320266376775,2.1
St. Johns,4.000278772145953,1.6
Wakulla,4.0000172388236015,3.5999999999999996
