county,pov,moe
Franklin,29.534727704668008,14.100000000000001
Hardee,27.809727704668006,9.2
Gadsden,26.08472770466801,6.199999999999999
Lafayette,20.12200399938864,13.5
Glades,19.778573557832534,11.8
DeSoto,18.849728793099775,9.1
Taylor,18.81105341634979,11.5
Dixie,18.29189257656681,10.4
Hamilton,18.22016436264682,9.1
Washington,17.91544497398617,9.2
Madison,17.84664651013326,8.7
Union,17.63082380889796,10.1
Sumter,17.319923709017655,7.3
Calhoun,17.267988006143245,8.600000000000001
Liberty,17.02056045109113,8.3
Jefferson,16.68511278436865,7.500000000000001
Holmes,16.543192814074775,8.4
Bradford,16.472679302258513,7.6
Putnam,16.28549422671666,6
Jackson,16.16876932574026,6.599999999999999
Hendry,16.114454285077297,6.7
Okeechobee,16.108447228709487,6.3
Levy,15.20532732572693,5.800000000000001
Baker,14.911653242145631,6.199999999999999
Gulf,14.386139061765487,6.9
Suwannee,14.228386551404338,4.8
Highlands,14.090955251565113,4.2
Citrus,13.920648058393295,3.8
Columbia,13.633764816712107,4
Walton,13.562918332413876,4.4
Martin,13.36889560871134,4
Charlotte,13.033428834145022,3.2999999999999994
Escambia,13.015919677737472,2.4
Gilchrist,12.92370175418181,5.4
St. Lucie,12.862683959432172,2.6
Indian River,12.57135183291766,2.9000000000000004
Marion,12.53881450218945,1.9
Leon,12.487231031867282,2.2
Alachua,12.473679276399858,2.7999999999999994
Hernando,12.347877237447932,2.7999999999999994
Polk,12.331136409282898,1.3999999999999997
Bay,12.320791186431421,2.4
Monroe,12.307950558919305,3.5999999999999996
Osceola,12.300683565307637,2
Duval,12.2023352582818,1.3999999999999997
Flagler,12.101906400621315,3.0999999999999996
Collier,12.020490871544597,2.3
Nassau,11.975364100637409,3.8
Okaloosa,11.9447010599653,2.6
Clay,11.8910496535743,3.0999999999999996
Lee,11.834647939401263,1.5
Lake,11.833533472535345,2.5
Manatee,11.825833244935005,2.2
Miami-Dade,11.80603959789239,0.8999999999999999
Orange,11.800070217592825,1.1
Pasco,11.745072942137055,1.6
Hillsborough,11.644063440614039,1
Volusia,11.59315559503457,1.7000000000000002
Broward,11.363444199212426,1
Palm Beach,11.299692248603026,1.1
Brevard,11.22502090912922,2
Pinellas,10.943353192476303,1.2
Sarasota,10.926538642366499,2
Santa Rosa,10.663716524330287,2.1
Wakulla,10.597222694641914,3.5999999999999996
Seminole,10.385430305819217,1.2
St. Johns,10.171242167452398,1.6
