county,pov,moe
Franklin,28.18472770466801,14.100000000000001
Hardee,27.13472770466801,9.2
Gadsden,26.08472770466801,6.199999999999999
Lafayette,21.384823036242476,13.5
Glades,21.358143174823816,11.8
DeSoto,20.339833029313358,9.1
Taylor,19.943296504175105,11.5
Hamilton,19.699202389604622,9.1
Dixie,19.49986542557828,10.4
Washington,19.280327218168576,9.2
Madison,19.2751285726485,8.7
Sumter,18.72288036895096,7.3
Calhoun,18.463915936660474,8.600000000000001
Union,18.441502986671814,10.1
Liberty,18.166221450872182,8.3
Jefferson,17.892459318294478,7.500000000000001
Putnam,17.597006312714406,6
Bradford,17.51397674430839,7.6
Jackson,17.359437730588557,6.599999999999999
Okeechobee,17.341113172020638,6.3
Holmes,17.256071291921785,8.4
Hendry,17.24800795151895,6.7
Levy,16.06300284980636,5.800000000000001
Baker,15.25473163307233,6.199999999999999
Highlands,14.784011954707294,4.2
Suwannee,14.717161894839698,4.8
Citrus,14.665422636078029,3.8
Columbia,13.983687571187353,4
Escambia,13.676161757056624,2.4
Walton,13.544638821882609,4.4
Gulf,13.46695846018445,6.9
Martin,13.401692359941897,4
St. Lucie,13.262134940211979,2.6
Charlotte,13.158491898809219,3.2999999999999994
Marion,13.024541286782206,1.9
Polk,12.895533244964497,1.3999999999999997
Leon,12.72791450451195,2.2
Duval,12.64179799575135,1.3999999999999997
Osceola,12.458689932567491,2
Indian River,12.401309180922784,2.9000000000000004
Alachua,12.250189268686105,2.7999999999999994
Bay,12.206725592047695,2.4
Miami-Dade,12.134315826623538,0.8999999999999999
Orange,11.988315434638523,1.1
Hernando,11.948282140723823,2.7999999999999994
Lee,11.773455603290461,1.5
Hillsborough,11.71337088681054,1
Collier,11.569936538631422,2.3
Pasco,11.483615112418576,1.6
Manatee,11.175073558254036,2.2
Monroe,11.148747426807324,3.5999999999999996
Okaloosa,11.121920217354091,2.6
Gilchrist,11.091528577181887,5.4
Flagler,11.074039944441148,3.0999999999999996
Broward,11.058374330246375,1
Volusia,11.029762288122667,1.7000000000000002
Lake,10.929997500686284,2.5
Palm Beach,10.819318087324955,1.1
Clay,10.535285732731083,3.0999999999999996
Nassau,10.115538985455457,3.8
Pinellas,9.832929505752222,1.2
Brevard,9.82780029366737,2
Sarasota,9.065195642922161,2
Seminole,8.410637124555484,1.2
Santa Rosa,8.320859653378292,2.1
St. Johns,7.55086036060629,1.6
Wakulla,7.00864571428268,3.5999999999999996
