county,pov,moe
Butte,25.76101009393039,13.8
Custer,24.746387534929674,14.800000000000002
Boundary,23.501739856800093,10.900000000000002
Lincoln,23.129711574417897,10.8
Boise,22.728375116497464,10.900000000000002
Washington,21.317087943706785,8.200000000000001
Valley,20.99309360557298,12
Gooding,20.18279624746107,7.199999999999999
Jerome,20.0357527620789,6.5
Minidoka,19.891146257386115,6.5
Owyhee,19.7940340024381,6.3
Benewah,19.494074080184724,6.999999999999999
Shoshone,19.359719873946098,6
Gem,18.93724126602465,5.699999999999999
Lewis,18.827387642047746,4.9
Nez Perce,17.704023703093057,4.8
Adams,17.695046044696152,9.1
Twin Falls,17.64121153795373,4.300000000000001
Fremont,17.4327063961697,5.3
Madison,17.02725942902806,4.4
Oneida,16.87693359539709,6.999999999999999
Clearwater,16.651729002081932,6
Bonner,16.20320315282924,3.9
Bannock,15.3206185706556,3
Power,15.17586654486024,9
Bear Lake,14.97379379846126,5.4
Elmore,13.618756281297697,3.9
Cassia,13.323523398387854,4.300000000000001
Bingham,11.584588795848745,3.0999999999999996
Payette,10.556256948076413,5.3
Canyon,10.350652360735364,1.7000000000000002
Bonneville,10.06158470431167,2.4
Blaine,9.309292035368113,6.199999999999999
Kootenai,8.734169810660218,2.3
Latah,7.863602706106637,4
Teton,6.971061428680628,6.800000000000001
Jefferson,6.919759685410573,3.2
Lemhi,5.848853802638631,5.1
Franklin,5.114272525972945,5.1
Camas,4.209997944330442,10.5
Ada,3.984989329545162,1.2
Idaho,3.1443392643373875,4.4
Clark,2.798517520302331,9.6
Caribou,2.2038318253403686,3.9
