county,pov,moe
Butte,26.961010093930394,13.8
Lewis,26.361010093930393,4.9
Custer,26.030903328031236,14.800000000000002
Boundary,25.82101009393039,10.900000000000002
Boise,23.365587869463695,10.900000000000002
Lincoln,23.362870859611693,10.8
Valley,22.349190346992668,12
Washington,21.347704234379897,8.200000000000001
Gooding,20.540648798169062,7.199999999999999
Benewah,20.255795512037654,6.999999999999999
Jerome,20.023828534321463,6.5
Minidoka,20.01953993422064,6.5
Owyhee,19.866295942484683,6.3
Shoshone,19.618657232006935,6
Gem,19.358199167258626,5.699999999999999
Fremont,18.52364220715444,5.3
Nez Perce,18.49946216264435,4.8
Twin Falls,18.218664429855316,4.300000000000001
Adams,18.214790933448935,9.1
Madison,18.000748581111594,4.4
Oneida,17.749496700781922,6.999999999999999
Clearwater,17.709141972064355,6
Bonner,17.291037614409408,3.9
Bannock,16.39732839269619,3
Bear Lake,15.170137753870993,5.4
Elmore,13.438447785188679,3.9
Power,13.054763391191326,9
Cassia,12.56810658592031,4.300000000000001
Bingham,9.8761019447357,3.0999999999999996
Canyon,8.466350890150967,1.7000000000000002
Bonneville,7.649959281482535,2.4
Payette,7.139127510671493,5.3
Kootenai,6.054722427881,2.3
Blaine,5.700452815401149,6.199999999999999
Latah,5.094980312133012,4
Jefferson,4.716705600199295,3.2
Teton,4.521800821490322,6.800000000000001
Lemhi,4.30874584555515,5.1
Franklin,4.1820519394757385,5.1
Ada,4.087390425862429,1.2
Camas,4.056410961381474,10.5
Idaho,4.0198911022507895,4.4
Clark,4.006708389845356,9.6
Caribou,4.000579180376284,3.9
