county,pov,moe
Butte,30.321010093930393,13.8
Lewis,28.08601009393039,4.9
Boundary,25.851010093930395,10.900000000000002
Custer,18.240297803837716,14.800000000000002
Valley,16.719845104525103,12
Boise,16.156634685663047,10.900000000000002
Lincoln,16.120765194407202,10.8
Camas,15.846759208814232,10.5
Clark,15.347945564045789,9.6
Adams,15.154546454338785,9.1
Power,15.090794739239977,9
Washington,14.741728096268961,8.200000000000001
Gooding,14.172204405004138,7.199999999999999
Benewah,14.051638718513898,6.999999999999999
Oneida,14.029448555084855,6.999999999999999
Teton,13.886223332480874,6.800000000000001
Jerome,13.84067297458245,6.5
Minidoka,13.808685074367377,6.5
Owyhee,13.707227100027385,6.3
Blaine,13.574019376626445,6.199999999999999
Shoshone,13.52977402221646,6
Clearwater,13.49468924185687,6
Gem,13.361052269054385,5.699999999999999
Bear Lake,13.16607686393722,5.4
Fremont,13.127481061089988,5.3
Payette,13.096861640039743,5.3
Lemhi,12.97284369761126,5.1
Franklin,12.969184258452666,5.1
Nez Perce,12.865674414987533,4.8
Madison,12.645946113502305,4.4
Twin Falls,12.601745765749323,4.300000000000001
Idaho,12.580081659853871,4.4
Cassia,12.571598172891715,4.300000000000001
Latah,12.392832333701955,4
Bonner,12.372927549652935,3.9
Elmore,12.35897588755571,3.9
Caribou,12.290098352623664,3.9
Jefferson,11.961762663283073,3.2
Bingham,11.92384791532814,3.0999999999999996
Bannock,11.887345612388787,3
Bonneville,11.54450816009103,2.4
Kootenai,11.486768335319915,2.3
Canyon,11.171130360562822,1.7000000000000002
Ada,10.879326978629258,1.2
