county,pov,moe
Butte,27.911010093930393,13.8
Lewis,26.881010093930392,4.9
Boundary,25.851010093930395,10.900000000000002
Custer,21.019120432951016,14.800000000000002
Lincoln,20.254901772780336,10.8
Boise,19.419337478663127,10.900000000000002
Washington,19.21044771287573,8.200000000000001
Jerome,18.34723161401278,6.5
Valley,18.10755375530961,12
Owyhee,17.557560118799852,6.3
Minidoka,17.46979596126461,6.5
Gooding,17.3464716133871,7.199999999999999
Shoshone,16.717363734048167,6
Benewah,16.47143163913702,6.999999999999999
Gem,16.15016166657619,5.699999999999999
Adams,15.741955445355574,9.1
Twin Falls,14.887431855751416,4.300000000000001
Nez Perce,14.886416035872607,4.8
Oneida,14.7703308667328,6.999999999999999
Power,14.720964120409851,9
Fremont,14.69647854091964,5.3
Clearwater,14.392582901305618,6
Madison,14.308107076138791,4.4
Bonner,13.676568983169677,3.9
Bear Lake,13.470468747858785,5.4
Bannock,12.976092895127223,3
Cassia,12.475094550193191,4.300000000000001
Elmore,12.455861032572544,3.9
Payette,11.844095486197755,5.3
Blaine,11.701133978764776,6.199999999999999
Bingham,11.446589359825163,3.0999999999999996
Teton,10.937083011778146,6.800000000000001
Bonneville,10.682643998078936,2.4
Canyon,10.540705459893923,1.7000000000000002
Latah,10.433146302292256,4
Kootenai,10.190191334705306,2.3
Camas,10.171692339845757,10.5
Lemhi,9.8801948395713,5.1
Jefferson,9.798099198049325,3.2
Franklin,9.46834219759156,5.1
Clark,8.063240648110204,9.6
Ada,7.672223805285363,1.2
Idaho,7.621588049781301,4.4
Caribou,5.376269157225891,3.9
