county,pov,moe
Butte,54.876751040532426,13.8
Boundary,33.51369909711014,10.899999999999999
Lewis,29.159136239029625,4.9
Custer,21.499086862109205,14.800000000000002
Lincoln,21.401619903291458,10.8
Washington,21.39112276815316,8.2
Boise,20.64331649934774,10.899999999999999
Jerome,20.127642257374074,6.5
Owyhee,19.794463284984364,6.3
Minidoka,19.35796647331063,6.5
Gooding,19.03526505471455,7.200000000000001
Valley,18.884342002005063,12
Benewah,18.501358340595143,7.000000000000001
Shoshone,18.400699222872387,6
Gem,18.019136035828865,5.700000000000001
Adams,17.68960410195019,9.1
Nez Perce,17.400931433550955,4.8
Twin Falls,17.22626247221975,4.3
Power,17.20978552186837,9
Oneida,17.166815992418815,7.000000000000001
Fremont,16.999147604590505,5.3
Madison,16.908712490092775,4.4
Clearwater,16.8572708506447,6
Bear Lake,16.496631870661485,5.4
Bonner,16.451649012328353,3.9
Blaine,16.222111327426656,6.199999999999999
Cassia,16.094330113616387,4.3
Payette,16.09082723644186,5.3
Camas,16.087908822196965,10.5
Bannock,16.057622185688878,3
Teton,16.019446160933903,6.800000000000001
Elmore,16.01009186305276,3.9
Lemhi,15.742951007822548,5.1
Latah,15.71931908800394,4
Bingham,15.678742561885434,3.0999999999999996
Franklin,15.656766118890872,5.1
Jefferson,15.534277011335737,3.2
Bonneville,15.493959503294427,2.4
Kootenai,15.463359000475915,2.3
Canyon,15.37221366296943,1.7000000000000002
Idaho,15.34592568784317,4.4
Clark,15.27832082223072,9.6
Ada,15.129349730435946,1.2
Caribou,15.000594276618445,3.9
