county,pov,moe
Butte,31.869446543210888,13.8
Boundary,23.495516850349933,10.899999999999999
Custer,22.788482182824115,14.800000000000002
Lincoln,21.40222800852608,10.8
Boise,21.114532595363215,10.899999999999999
Valley,20.677724184261148,12
Washington,20.407952799513566,8.2
Jerome,19.306447047305998,6.5
Adams,19.18848818880553,9.1
Gooding,19.16548438052307,7.200000000000001
Owyhee,19.11991233500231,6.3
Minidoka,19.040791306922554,6.5
Power,18.92546819543196,9
Benewah,18.876849064594587,7.000000000000001
Camas,18.863157921687765,10.5
Lewis,18.848643137456467,4.9
Shoshone,18.494477237594175,6
Oneida,18.268411947057217,7.000000000000001
Gem,18.23254880063904,5.700000000000001
Clark,18.19149966300946,9.6
Clearwater,17.79633323346419,6
Nez Perce,17.659020236545185,4.8
Teton,17.653457566936588,6.800000000000001
Fremont,17.640849700577537,5.3
Blaine,17.55634396890917,6.199999999999999
Bear Lake,17.43860057391394,5.4
Twin Falls,17.41523038959653,4.3
Madison,17.306013359940465,4.4
Payette,17.207149126946348,5.3
Lemhi,16.982227032756196,5.1
Franklin,16.938998202214865,5.1
Bonner,16.93681753089738,3.9
Cassia,16.896174864193902,4.3
Elmore,16.728085747891594,3.9
Latah,16.616746685431803,4
Idaho,16.56751561912126,4.4
Bannock,16.45983018637435,3
Bingham,16.313284443412076,3.0999999999999996
Jefferson,16.273586204031748,3.2
Caribou,16.24394149823712,3.9
Bonneville,16.00025474915863,2.4
Kootenai,15.953916522904857,2.3
Canyon,15.719307258985044,1.7000000000000002
Ada,15.443519056336486,1.2
