county,pov,moe
East Carroll,26.08126920802945,11.399999999999999
Tensas,25.03126920802945,9.6
Madison,23.981269208029452,8.600000000000001
Catahoula,20.575730081327208,11.5
Bienville,20.001553407453144,9.700000000000001
Claiborne,19.867801703421666,8.7
Union,19.308850931464328,9
St. Helena,19.07331244380192,9.9
Jackson,18.509867868476917,8.1
Concordia,18.49896854647102,7.3
Morehouse,18.433544318021205,8.200000000000001
Red River,18.134573628561807,9.2
West Feliciana,18.075621152905644,12.399999999999999
Evangeline,17.84115278123944,7.9
Franklin,17.34630850036358,6.999999999999999
West Carroll,17.276541266727172,9.6
Cameron,16.309380538588854,15.9
Caldwell,16.14583699704322,8.1
Lincoln,16.002645556502475,5.800000000000001
Winn,15.678888286029613,7.500000000000001
Webster,15.636377190637438,5.1
Acadia,15.583288112354241,5.599999999999999
Washington,15.523025720227675,5.800000000000001
Avoyelles,15.198377210055266,4.300000000000001
Allen,15.004017689239388,6.9
Richland,14.988815637206459,5.699999999999999
Sabine,14.740472416926032,5
Iberia,14.718471373515621,4.4
LaSalle,14.599794869715577,7.400000000000001
St. Landry,14.57095728054781,3.9
St. Bernard,14.494707219147596,5.2
De Soto,14.040131453357702,5.599999999999999
Natchitoches,13.912687265880727,4.7
Ouachita,13.655349215569121,3
Pointe Coupee,13.652891730519743,7.400000000000001
Caddo,13.347471742537948,2.9000000000000004
Tangipahoa,13.288568749971736,3.8
Orleans,13.259075614038847,2.5
St. Mary,13.195860229244257,4.300000000000001
Vermilion,12.77035883195195,4.7
West Baton Rouge,12.673456311388719,7.500000000000001
Rapides,12.644480766058363,3.4999999999999996
Iberville,12.594345906932602,5.9
Calcasieu,12.322585113684294,3.0999999999999996
Plaquemines,12.180638904554806,5.699999999999999
Vernon,12.110553185528447,3.9
Lafayette,12.068137494914719,3
St. Martin,11.900223085659164,4.8
Lafourche,11.885854393989883,4.2
St. James,11.715402015937103,6.3
Bossier,11.523749242558354,3
East Baton Rouge,11.477864518603782,2.1
Jefferson,11.221136797727722,2
Terrebonne,11.015811161789948,3.5999999999999996
Jefferson Davis,11.013941274132593,5.2
East Feliciana,10.547318814439622,6.7
Grant,10.45949202455938,5
Beauregard,9.78945575659045,4
St. John the Baptist,9.619222930717527,5.2
Assumption,9.487773602759422,6
St. Tammany,9.465996903719557,2.1
Ascension,7.884110374685796,2.7
St. Charles,7.765492224025544,4.4
Livingston,6.277872009909384,3.0999999999999996
