county,pov,moe
Catahoula,23.929823432828943,11.5
East Carroll,23.89126920802945,11.399999999999999
St. Helena,22.656405487956956,9.9
Bienville,22.544359710133282,9.700000000000001
Tensas,22.488963543603745,9.6
West Feliciana,22.073040937353316,12.399999999999999
Red River,22.03803768506395,9.2
Union,21.996854535335125,9
Claiborne,21.767638835807148,8.7
Madison,21.709904841145022,8.600000000000001
West Carroll,21.68221876597814,9.6
Morehouse,21.36658030556384,8.200000000000001
Jackson,21.292823886321216,8.1
Evangeline,21.112350784593588,7.9
Concordia,20.676210690131853,7.3
Franklin,20.42060229864213,6.999999999999999
Caldwell,20.274883381781024,8.1
Winn,19.661447668983925,7.500000000000001
Lincoln,19.425748165145574,5.800000000000001
Washington,19.274771533419706,5.800000000000001
Acadia,19.19620449776205,5.599999999999999
Webster,18.89982669624139,5.1
Richland,18.86344893985931,5.699999999999999
Allen,18.561474346057157,6.9
Sabine,18.495619710215337,5
Avoyelles,18.292358608606882,4.300000000000001
St. Bernard,18.269861269533887,5.2
Iberia,18.23710932140149,4.4
St. Landry,17.910728828153637,3.9
Natchitoches,17.44220411081372,4.7
Ouachita,17.080386828538042,3
De Soto,17.071764897527316,5.599999999999999
Caddo,16.830614793083658,2.9000000000000004
Orleans,16.649050942863987,2.5
Tangipahoa,16.60141571350694,3.8
LaSalle,16.496314242142294,7.400000000000001
St. Mary,15.865807998720086,4.300000000000001
Rapides,14.983665459754103,3.4999999999999996
Calcasieu,14.338535332454574,3.0999999999999996
Lafayette,13.372254715286061,3
Vermilion,13.174502423243547,4.7
East Baton Rouge,12.355295433921789,2.1
Vernon,11.440327330158807,3.9
Pointe Coupee,11.343126825652773,7.400000000000001
Jefferson,11.184505024906112,2
Bossier,10.34452537755801,3
Lafourche,9.331133622958443,4.2
Iberville,9.08867443532864,5.9
St. Martin,7.951153758123247,4.8
Plaquemines,7.395823375406834,5.699999999999999
Cameron,6.702743132878716,15.9
West Baton Rouge,6.213402789235902,7.500000000000001
Terrebonne,6.190788775087086,3.5999999999999996
St. James,4.694155859787006,6.3
Jefferson Davis,4.038725971202172,5.2
St. Tammany,3.35664990388308,2.1
Grant,3.1796462183731626,5
Beauregard,2.818335444384567,4
East Feliciana,2.6437887265053432,6.7
St. John the Baptist,2.395230801172544,5.2
Assumption,2.2469401006714786,6
Ascension,2.1110230215319237,2.7
St. Charles,2.0487979654848316,4.4
Livingston,2.008120732193581,3.0999999999999996
