county,pov,moe
East Carroll,30.641269208029453,11.399999999999999
Tensas,27.26626920802945,9.6
Madison,24.228769208029448,8.600000000000001
Catahoula,23.845426536109184,11.5
St. Helena,22.517189762473585,9.9
Bienville,22.504680478108376,9.700000000000001
Union,21.950668048136666,9
Red River,21.77626041086098,9.2
Claiborne,21.736653682414815,8.7
Morehouse,21.30212351257957,8.200000000000001
Jackson,21.238920206314774,8.1
Evangeline,21.003254906904544,7.9
West Carroll,20.694238353538047,9.6
Concordia,20.642186860532345,7.3
Franklin,20.331780899475042,6.999999999999999
West Feliciana,19.98306634026012,12.399999999999999
Lincoln,19.231615345123007,5.800000000000001
Caldwell,19.14114662956892,8.1
Acadia,18.89619698960731,5.599999999999999
Washington,18.875902369969264,5.800000000000001
Webster,18.738952266768013,5.1
Winn,18.45057477578469,7.500000000000001
Avoyelles,18.15996546435669,4.300000000000001
Richland,18.130876018315327,5.699999999999999
Sabine,17.93605852235505,5
Iberia,17.912763559362784,4.4
St. Landry,17.67205503965647,3.9
St. Bernard,17.38692788404069,5.2
Allen,17.055250142687886,6.9
Ouachita,16.690077229059064,3
Natchitoches,16.305112692245093,4.7
Caddo,16.27316884246917,2.9000000000000004
Orleans,16.22000470478914,2.5
De Soto,15.477462135431509,5.599999999999999
Tangipahoa,15.43324430666393,3.8
LaSalle,14.462276733468729,7.400000000000001
St. Mary,14.317498713643786,4.300000000000001
Rapides,13.457629619373751,3.4999999999999996
Calcasieu,12.816155792085665,3.0999999999999996
Lafayette,11.85037990445627,3
Vermilion,11.549313453558717,4.7
East Baton Rouge,10.976638420489301,2.1
Vernon,10.149886338456,3.9
Pointe Coupee,10.060728028424297,7.400000000000001
Jefferson,9.983808257248555,2
Bossier,9.327538854182443,3
Lafourche,8.623910576849465,4.2
Iberville,8.4894533414502,5.9
St. Martin,7.730963061608753,4.8
Plaquemines,7.401652580169898,5.699999999999999
Cameron,7.160442950252466,15.9
West Baton Rouge,6.713396568900998,7.500000000000001
Terrebonne,6.615733179183236,3.5999999999999996
St. James,5.773532454931596,6.3
Jefferson Davis,5.361587622801581,5.2
St. Tammany,4.908873086336203,2.1
Grant,4.832615198694212,5
Beauregard,4.595134805069155,4
East Feliciana,4.497008229061565,6.7
St. John the Baptist,4.31847842090805,5.2
Assumption,4.212893240549752,6
Ascension,4.1014271637059325,2.7
St. Charles,4.05057396855228,4.4
Livingston,4.010356895536607,3.0999999999999996
