county,pov,moe
Hampden,25.892517199097277,2
Suffolk,21.892517199097277,1.5
Franklin,18.292517199097276,3.7000000000000006
Berkshire,17.43757898728291,3.2
Bristol,15.891797254937284,1.3
Essex,15.668522927923467,1.2
Hampshire,15.466071113831756,2
Worcester,15.315967705507905,1.1
Barnstable,14.31942438984201,1.6
Middlesex,12.408203632169704,0.658
Plymouth,10.687765449497919,1
Dukes,9.396539130895311,4.8
Norfolk,5.946541704765982,0.6999999999999998
Nantucket,4.384036106053897,0.8
