county,pov,moe
Hampden,17.892517199097277,2
Suffolk,17.892517199097277,1.5
Franklin,17.892517199097277,3.7000000000000006
Berkshire,17.45298781638441,3.2
Hampshire,16.514682008658557,2
Barnstable,16.185549415561887,1.6
Bristol,15.972773143460564,1.3
Essex,15.894819157737613,1.2
Worcester,15.816505104183538,1.1
Middlesex,15.35125541694778,0.658
Plymouth,14.915222189628171,1
Dukes,12.379895509261644,4.8
Norfolk,4.831166262193647,0.6999999999999998
Nantucket,4.007592378690351,0.8
