county,pov,moe
Franklin,17.892517199097277,3.7000000000000006
Berkshire,17.48298609341004,3.2
Hampden,16.568117404917444,2
Hampshire,16.53757058564369,2
Barnstable,16.195586002293886,1.6
Suffolk,16.178588053688085,1.5
Bristol,16.00272035649595,1.3
Essex,15.924418913579977,1.2
Worcester,15.84462596659884,1.1
Middlesex,15.349809985430365,0.658
Dukes,15.318655237046341,4.8
Plymouth,15.123859388486899,1
Norfolk,6.397289829418433,0.6999999999999998
Nantucket,2.1832549838922244,0.8
