county,pov,moe
Franklin,17.892517199097277,3.7000000000000006
Berkshire,17.310900731940162,3.2
Hampden,16.568117404917444,2
Suffolk,16.178588053688085,1.5
Bristol,15.663773469246692,1.3
Hampshire,15.405319050987659,2
Essex,15.384017805761662,1.2
Worcester,15.063667985144644,1.1
Barnstable,14.716258836244265,1.6
Dukes,14.280682900487971,4.8
Middlesex,13.560073571170767,0.658
Plymouth,13.096247593821497,1
Norfolk,10.402532862813766,0.6999999999999998
Nantucket,7.477302534679583,0.8
