county,pov,moe
Hampden,19.392517199097277,2
Suffolk,18.642517199097277,1.5
Franklin,17.892517199097277,3.7000000000000006
Berkshire,17.452968044905248,3.2
Hampshire,16.461541676048068,2
Barnstable,16.013373115938773,1.6
Bristol,15.972314468800056,1.3
Essex,15.891743932262365,1.2
Worcester,15.802876921270789,1.1
Middlesex,14.854760632708878,0.658
Plymouth,13.649785837028148,1
Dukes,11.413084978087099,4.8
Norfolk,5.494392220868099,0.6999999999999998
Nantucket,4.06560657479062,0.8
