county,pov,moe
Hampden,20.682517199097276,2
Suffolk,19.33251719909728,1.5
Franklin,17.982517199097277,3.7000000000000006
Berkshire,15.721971660019785,3.2
Dukes,14.352799836529265,4.8
Bristol,14.019303427006458,1.3
Hampshire,13.838965026011376,2
Essex,13.719547411929051,1.2
Worcester,13.438554565933924,1.1
Barnstable,13.335212595070404,1.6
Middlesex,12.46389960338326,0.658
Plymouth,12.395594707162571,1
Norfolk,11.334580189580043,0.6999999999999998
Nantucket,10.38201938008282,0.8
