county,pov,moe
Hampden,17.892517199097277,2
Suffolk,17.892517199097277,1.5
Franklin,17.892517199097277,3.7000000000000006
Berkshire,17.452987814058474,3.2
Hampshire,16.514378447955696,2
Barnstable,16.183594958358697,1.6
Bristol,15.972772833436466,1.3
Essex,15.894814069945962,1.2
Worcester,15.816458876017212,1.1
Middlesex,15.338561128646882,0.658
Plymouth,14.84396943968878,1
Dukes,12.422024214819984,4.8
Norfolk,4.8746516903498085,0.6999999999999998
Nantucket,4.0082349294288955,0.8
