county,pov,moe
Hampden,18.042517199097276,2
Suffolk,17.967517199097276,1.5
Franklin,17.900017199097277,3.7000000000000006
Berkshire,17.4529865892933,3.2
Hampshire,16.502777559924944,2
Barnstable,16.140410708324517,1.6
Bristol,15.97272431604028,1.3
Essex,15.894371996627038,1.2
Worcester,15.81400912734075,1.1
Middlesex,15.203653842976095,0.658
Plymouth,14.49971992420964,1
Dukes,12.264185587248415,4.8
Norfolk,5.314859169854063,0.6999999999999998
Nantucket,4.030249580869113,0.8
