county,pov,moe
Hampden,25.767517199097277,2
Suffolk,21.830017199097277,1.5
Franklin,18.286267199097278,3.7000000000000006
Berkshire,17.108446669485613,3.2
Bristol,15.25206708812983,1.3
Essex,14.734427079906471,1.2
Worcester,14.157974034413865,1.1
Hampshire,14.135206226338168,2
Barnstable,13.164595691460232,1.6
Middlesex,11.812028765766215,0.658
Dukes,11.280207556776325,4.8
Plymouth,11.010199995071043,1
Norfolk,8.229864623033672,0.6999999999999998
Nantucket,6.231180672326728,0.8
