county,pov,moe
Hampden,19.092517199097276,2
Suffolk,18.49251719909728,1.5
Franklin,17.952517199097276,3.7000000000000006
Berkshire,17.452929631672013,3.2
Hampshire,16.439151942430772,2
Bristol,15.971789402240248,1.3
Barnstable,15.967507437010383,1.6
Essex,15.889266891077455,1.2
Worcester,15.794995179418923,1.1
Middlesex,14.797498546378614,0.658
Plymouth,13.665528223916459,1
Dukes,11.587214043644652,4.8
Norfolk,5.792708668044126,0.6999999999999998
Nantucket,4.103858436874539,0.8
