county,pov,moe
Hampden,18.65894954144689,2
Franklin,18.436403900324493,3.7000000000000006
Berkshire,17.86617502243269,3.2
Suffolk,17.74421215608517,1.5
Dukes,17.341280928739916,4.8
Hampshire,16.11206430453185,2
Bristol,16.013226780316963,1.3
Barnstable,15.853734505100087,1.6
Essex,15.809038472478537,1.2
Worcester,15.71179167628408,1.1
Plymouth,15.499705972820907,1
Norfolk,15.315135660800289,0.6999999999999998
Middlesex,15.30163255816468,0.6
Nantucket,15.25516748681787,0.8
