county,pov,moe
Franklin,17.892517199097277,3.7000000000000006
Berkshire,17.48298783791073,3.2
Hampden,16.568117404917444,2
Hampshire,16.547005218620846,2
Barnstable,16.229650122555807,1.6
Suffolk,16.178588053688085,1.5
Dukes,16.049711996634375,4.8
Bristol,16.002775271763152,1.3
Essex,15.924853555389735,1.2
Worcester,15.84681293215518,1.1
Plymouth,15.484240773266421,1
Middlesex,15.461891182300056,0.658
Norfolk,5.293105866742819,0.6999999999999998
Nantucket,2.0377425849580284,0.8
