county,pov,moe
Franklin,17.892517199097277,3.7000000000000006
Berkshire,17.452981747542516,3.2
Hampden,16.568117404917444,2
Hampshire,16.500462357621508,2
Suffolk,16.178588053688085,1.5
Barnstable,16.145510559176547,1.6
Bristol,15.97263176108872,1.3
Essex,15.893890802066107,1.2
Worcester,15.812543241785187,1.1
Middlesex,15.270052497029354,0.658
Dukes,15.215816045160583,4.8
Plymouth,14.985093632460265,1
Norfolk,6.829286559524111,0.6999999999999998
Nantucket,2.2825081388425046,0.8
