county,pov,moe
Hampden,23.517517199097277,2
Suffolk,20.705017199097277,1.5
Franklin,18.173767199097277,3.7000000000000006
Berkshire,17.44122232726815,3.2
Bristol,15.910861964977405,1.3
Essex,15.721306795388054,1.2
Hampshire,15.698743152349703,2
Worcester,15.43065341164237,1.1
Barnstable,14.711300067621625,1.6
Middlesex,12.975560013673332,0.658
Plymouth,11.44599597477355,1
Dukes,10.347158920726296,4.8
Norfolk,6.422920159827059,0.6999999999999998
Nantucket,4.497975614460605,0.8
