county,pov,moe
Hampden,20.892517199097277,2
Suffolk,19.392517199097277,1.5
Franklin,18.042517199097276,3.7000000000000006
Berkshire,17.452979432186172,3.2
Hampshire,16.46818121801432,2
Barnstable,16.015344531569028,1.6
Bristol,15.972512189374537,1.3
Essex,15.89274145352085,1.2
Worcester,15.80595527567887,1.1
Middlesex,14.790734103274447,0.658
Plymouth,13.233151914065377,1
Dukes,10.0898181553972,4.8
Norfolk,4.922470298917377,0.6999999999999998
Nantucket,4.028559830709986,0.8
