county,pov,moe
Hampden,20.779239281236585,2
Suffolk,19.334429460927435,1.5
Franklin,17.883799297825206,3.7000000000000006
Berkshire,17.370646952954,3.2
Dukes,16.117718615077212,4.8
Bristol,15.781323164351098,1.3
Hampshire,15.64722486176062,2
Essex,15.563764539332961,1.2
Worcester,15.481027821055946,1.1
Barnstable,15.470160458829834,1.6
Plymouth,15.25034286036292,1
Middlesex,15.152166750690895,0.6
Norfolk,15.128332008354795,0.6999999999999998
Nantucket,15.00012190289609,0.8
