county,pov,moe
Franklin,17.892517199097277,3.7000000000000006
Berkshire,17.452987838447505,3.2
Hampden,16.568117404917444,2
Hampshire,16.517065302455936,2
Barnstable,16.20002000298083,1.6
Suffolk,16.178588053688085,1.5
Dukes,16.142480657836256,4.8
Bristol,15.972775328107874,1.3
Essex,15.894854469249465,1.2
Worcester,15.816821139757787,1.1
Plymouth,15.469369624836036,1
Middlesex,15.43409178236334,0.658
Norfolk,5.420589104013275,0.6999999999999998
Nantucket,2.039722092248838,0.8
