county,pov,moe
Hampden,17.982517199097277,2
Suffolk,17.982517199097277,1.5
Franklin,17.982517199097277,3.7000000000000006
Berkshire,16.400039968533484,3.2
Hampshire,14.818030934654411,2
Bristol,14.811262152049803,1.3
Essex,14.600356821172172,1.2
Dukes,14.58889666810142,4.8
Worcester,14.361191395498581,1.1
Barnstable,14.24813390461418,1.6
Middlesex,13.221346807431752,0.658
Plymouth,12.962959296917425,1
Norfolk,10.819858883204239,0.6999999999999998
Nantucket,8.220371570530691,0.8
