county,pov,moe
Hampden,17.892517199097277,2
Suffolk,17.892517199097277,1.5
Franklin,17.892517199097277,3.7000000000000006
Berkshire,17.45298714128653,3.2
Hampshire,16.505540318368116,2
Barnstable,16.148828635290062,1.6
Bristol,15.972741694758419,1.3
Essex,15.894507875985722,1.2
Worcester,15.81465875097074,1.1
Middlesex,15.221244763086561,0.658
Plymouth,14.524152587175962,1
Dukes,12.452224433233312,4.8
Norfolk,5.308621904755504,0.6999999999999998
Nantucket,4.0269402977987205,0.8
