county,pov,moe
Franklin,17.892517199097277,3.7000000000000006
Berkshire,17.482692927085896,3.2
Hampden,16.568117404917444,2
Hampshire,16.45319174941733,2
Suffolk,16.178588053688085,1.5
Barnstable,16.00577845828354,1.6
Bristol,15.999908494357163,1.3
Essex,15.913361430005951,1.2
Worcester,15.81263036580565,1.1
Middlesex,14.966880022470907,0.658
Dukes,14.597078227073162,4.8
Plymouth,14.413882093624036,1
Norfolk,7.822442643118722,0.6999999999999998
Nantucket,2.8929309310547913,0.8
