county,pov,moe
Somerset,21.098752008932173,7.7
Baltimore,21.098752008932173,1.9
Dorchester,21.098752008932173,6.5
Caroline,17.336418450617174,4.4
Garrett,16.52297519079177,3.9
Talbot,16.27122978388177,4.4
Wicomico,16.260059936194068,3.4000000000000004
Allegany,16.2312233262218,3.0999999999999996
Kent,16.029304390540904,4.7
Cecil,15.734957842222345,3.2
Washington,15.600120087295505,2.4
Worcester,15.13767039005596,3.0999999999999996
Baltimore,14.306648400683637,1.1
Prince George's,14.047572659426224,1.1
Harford,13.627692513519873,1.6
Queen Anne's,13.543785114513742,2.4
St. Mary's,13.137893066025693,2.4
Montgomery,12.81660888764029,0.8
Anne Arundel,11.809526247041276,1
Frederick,11.363107121430161,1.2
Charles,10.903329088533255,1.7000000000000002
Howard,9.732751731066903,1.3
Carroll,8.2404408200735,1
Calvert,6.050428925427595,1.6
