county,pov,moe
Somerset,21.00875200893217,7.7
Dorchester,20.073881565981704,6.5
Kent,18.536725151177276,4.7
Caroline,18.417857504457697,4.4
Talbot,18.39105450460827,4.4
Garrett,18.027365729990002,3.9
Wicomico,17.638472244977415,3.4000000000000004
Cecil,17.477545358006516,3.2
Allegany,17.40506571126957,3.0999999999999996
Worcester,17.35306986868655,3.0999999999999996
Washington,16.859653887641745,2.4
Baltimore,16.490211534671573,1.9
Harford,16.03663550705687,1.6
Queen Anne's,15.986032157247532,2.4
Baltimore,15.844866415725015,1.1
Prince George's,15.83628101550823,1.1
Montgomery,15.223200808080243,0.8
St. Mary's,15.067248700265223,2.4
Anne Arundel,12.444656212835602,1
Frederick,9.724795065793188,1.2
Charles,6.331910236489249,1.7000000000000002
Howard,3.515640016784278,1.3
Carroll,2.294956388386291,1
Calvert,2.0141224054277744,1.6
