county,pov,moe
Somerset,21.00875200893217,7.7
Baltimore,21.00875200893217,1.9
Dorchester,21.00875200893217,6.5
Kent,18.454855382861528,4.7
Caroline,18.387858132925487,4.4
Talbot,18.357219751357793,4.4
Garrett,17.99769594222096,3.9
Wicomico,17.608619797152784,3.4000000000000004
Cecil,17.448211240169208,3.2
Allegany,17.375076559223793,3.0999999999999996
Worcester,17.30865083445377,3.0999999999999996
Washington,16.829702546467935,2.4
Harford,15.889623993162674,1.6
Baltimore,15.81539264529618,1.1
Prince George's,15.806466503116981,1.1
Queen Anne's,15.160079565026383,2.4
Montgomery,14.903541921826497,0.8
St. Mary's,13.333858785417688,2.4
Anne Arundel,9.869757245354908,1
Frederick,7.017664949109813,1.2
Charles,5.10977912864053,1.7000000000000002
Howard,4.263042259565292,1.3
Carroll,4.035639925508345,1
Calvert,4.001006864344436,1.6
