county,pov,moe
Somerset,21.335439574960795,7.7
Dorchester,20.06613390158482,6.5
Caroline,18.157699729127636,4.4
Kent,17.731637237532237,4.7
Talbot,17.60699229594428,4.4
Garrett,17.454949659744074,3.9
Wicomico,17.203149879705588,3.4000000000000004
Allegany,17.05257061410743,3.0999999999999996
Cecil,16.974958901325476,3.2
Worcester,16.81534768589406,3.0999999999999996
Washington,16.562433330422394,2.4
Baltimore,16.507030098002513,1.9
St. Mary's,16.33073492577267,2.4
Queen Anne's,16.32995778178867,2.4
Charles,15.92015367474579,1.7000000000000002
Harford,15.899552262813495,1.6
Calvert,15.818945632793055,1.6
Howard,15.691855439374017,1.3
Baltimore,15.684108986407647,1.1
Prince George's,15.670786147154594,1.1
Frederick,15.651667992941077,1.2
Anne Arundel,15.543235755280287,1
Carroll,15.518939110783677,1
Montgomery,15.446983421896746,0.8
