county,pov,moe
Somerset,29.00875200893217,7.7
Baltimore,25.008752008932174,1.9
Dorchester,21.408752008932172,6.5
Caroline,18.38088704187007,4.4
Garrett,17.762018063041673,3.9
Wicomico,17.47227283880159,3.4000000000000004
Allegany,17.34470848994446,3.0999999999999996
Talbot,17.205068558032426,4.4
Cecil,16.916494080345206,3.2
Washington,16.761346618887927,2.4
Kent,16.343125543118457,4.7
Worcester,15.847658672776047,3.0999999999999996
Baltimore,15.50329729947818,1.1
Prince George's,15.131813362404184,1.1
Harford,13.654722516991935,1.6
Montgomery,12.391110740400869,0.8
Queen Anne's,12.257989111336052,2.4
St. Mary's,11.047882338936043,2.4
Anne Arundel,9.21821391266469,1
Frederick,7.985694303218304,1.2
Charles,6.815959862353377,1.7000000000000002
Howard,5.627226219100002,1.3
Carroll,4.735035350168343,1
Calvert,4.1712190493336125,1.6
