county,pov,moe
Somerset,23.25875200893217,7.7
Baltimore,22.133752008932174,1.9
Dorchester,21.12125200893217,6.5
Caroline,18.3878405914034,4.4
Talbot,18.22580288360673,4.4
Kent,18.054067911158945,4.7
Garrett,17.989477804447986,3.9
Wicomico,17.605378889266415,3.4000000000000004
Cecil,17.413171518190186,3.2
Allegany,17.37483556786964,3.0999999999999996
Worcester,17.092980571290504,3.0999999999999996
Washington,16.828682991414155,2.4
Baltimore,15.800193307582036,1.1
Prince George's,15.74756156096065,1.1
Harford,15.347714668312696,1.6
Montgomery,14.132856256809841,0.8
Queen Anne's,14.054654884060994,2.4
St. Mary's,12.280988463894207,2.4
Anne Arundel,9.466985722734444,1
Frederick,7.3252217967076065,1.2
Charles,5.641118385863122,1.7000000000000002
Howard,4.576353541849434,1.3
Carroll,4.1311545580074975,1
Calvert,4.009202097773003,1.6
