county,pov,moe
Somerset,21.00875200893217,7.7
Dorchester,20.073881565981704,6.5
Caroline,18.385231676802114,4.4
Talbot,17.91641348768359,4.4
Garrett,17.907998136141096,3.9
Kent,17.665323484216824,4.7
Wicomico,17.556666652728794,3.4000000000000004
Allegany,17.363518325742902,3.0999999999999996
Cecil,17.243611957726873,3.2
Washington,16.803504350532215,2.4
Worcester,16.746399122090764,3.0999999999999996
Baltimore,16.490211534671573,1.9
Baltimore,15.693489370099122,1.1
Prince George's,15.541350588470177,1.1
Harford,15.064621568503043,1.6
Queen Anne's,14.534920611921923,2.4
Montgomery,14.06541720963095,0.8
St. Mary's,13.665148130776606,2.4
Anne Arundel,11.721684662478365,1
Frederick,10.389534081648739,1.2
Charles,8.76372619413651,1.7000000000000002
Howard,6.5037966609940945,1.3
Carroll,4.308834122156792,1
Calvert,2.585964495933063,1.6
