county,pov,moe
Somerset,22.60536311247785,7.7
Dorchester,20.06613390158482,6.5
Caroline,17.490864328257597,4.4
Baltimore,16.59056286059581,1.9
Allegany,16.25662364396097,3.0999999999999996
Wicomico,16.2466265017329,3.4000000000000004
Garrett,16.235188140350644,3.9
Talbot,15.960524097790142,4.4
Cecil,15.908334550515887,3.2
Washington,15.899760463247507,2.4
Kent,15.885036536702977,4.7
Worcester,15.619946852308333,3.0999999999999996
Baltimore,15.326152627834302,1.1
Prince George's,15.290669800961549,1.1
St. Mary's,15.280670159487336,2.4
Queen Anne's,15.278580911757656,2.4
Harford,15.2203556347575,1.6
Charles,15.138171357741104,1.7000000000000002
Frederick,15.103359679981354,1.2
Montgomery,15.102697749626742,0.8
Anne Arundel,15.086618554008943,1
Howard,15.073511281506963,1.3
Carroll,15.019976577259689,1
Calvert,15.000243805792183,1.6
