county,pov,moe
Washington,23.379896957793044,2.9000000000000004
Oxford,19.6129056759044,4.4
Somerset,18.27350190563942,4.2
Piscataquis,17.872676505308984,5.3
Franklin,17.431904712166208,4.8
Androscoggin,17.257882914291283,3.6000000000000005
Aroostook,16.943797006633385,2.9000000000000004
Waldo,16.885291401232937,4.1
Lincoln,16.787032920274523,4.3
Kennebec,16.69242782893753,3
Sagadahoc,16.43014927561803,5.700000000000001
Knox,16.1897054903478,3.9
Hancock,16.043344081925994,3.3000000000000003
Penobscot,15.997413722943921,2.4
York,15.305572514991054,2.3
Cumberland,15.00019809220615,1.3
