county,pov,moe
Washington,22.997858290818385,2.9000000000000004
Oxford,20.762858290818386,4.4
Somerset,18.527858290818386,4.2
Sagadahoc,14.243858915620994,5.699999999999999
Piscataquis,14.057137636271975,5.3
Franklin,13.759426452607334,4.8
Lincoln,13.456910356142322,4.300000000000001
Waldo,13.346193422724696,4.1000000000000005
Knox,13.206782797536187,3.9
Androscoggin,13.083363069529177,3.5999999999999996
Hancock,12.864510260559312,3.2999999999999994
Kennebec,12.724538899025116,3
Aroostook,12.690382319918928,2.9000000000000004
Penobscot,12.347012199524686,2.4
York,12.262582459632862,2.3
Cumberland,11.668726338452494,1.3
