county,pov,moe
Piscataquis,19.088285657863096,5.3
Franklin,18.695381213321262,4.8
Oxford,18.437858290818383,4.4
Somerset,18.28204655032664,4.2
Lincoln,18.215531472654604,4.300000000000001
Waldo,18.134244807166166,4.1000000000000005
Androscoggin,17.764605030560332,3.5999999999999996
Kennebec,17.297091177899787,3
Washington,17.269270237130296,2.9000000000000004
Aroostook,17.219270173742835,2.9000000000000004
Penobscot,16.43290251366257,2.4
Hancock,15.646967750130647,3.2999999999999994
Knox,10.894633576395163,3.9
Sagadahoc,4.448395086505994,5.699999999999999
York,2.171800274997211,2.3
Cumberland,2.001716186824992,1.3
