county,pov,moe
Piscataquis,19.078773949194705,5.3
Washington,19.037858290818384,2.9000000000000004
Oxford,18.737858290818384,4.4
Franklin,18.6582260298694,4.8
Somerset,18.467858290818384,4.2
Waldo,18.008686029222254,4.1000000000000005
Lincoln,17.801499153403423,4.300000000000001
Androscoggin,17.764403760246957,3.5999999999999996
Kennebec,17.295485679750794,3
Aroostook,17.219265383241307,2.9000000000000004
Penobscot,15.367356290610468,2.4
Hancock,13.033785306258485,3.2999999999999994
Knox,8.314322477632114,3.9
Sagadahoc,5.092361833379945,5.699999999999999
York,4.1194206041643655,2.3
Cumberland,4.0028386305706825,1.3
