county,pov,moe
Washington,25.187858290818387,2.9000000000000004
Oxford,21.812858290818387,4.4
Somerset,18.775358290818385,4.2
Piscataquis,18.627435286988238,5.3
Franklin,17.763388727643573,4.8
Androscoggin,17.70843901448311,3.5999999999999996
Aroostook,17.211918232455893,2.9000000000000004
Kennebec,17.1270679449475,3
Waldo,16.440161566289788,4.1000000000000005
Lincoln,15.25251356607237,4.300000000000001
Penobscot,12.353553734385194,2.4
Hancock,10.488135807538484,3.2999999999999994
Knox,8.19161858732528,3.9
Sagadahoc,6.299574070632236,5.699999999999999
York,4.670549716665204,2.3
Cumberland,4.089568872117956,1.3
