county,pov,moe
Washington,20.237858290818384,2.9000000000000004
Oxford,19.337858290818385,4.4
Piscataquis,18.8084306596422,5.3
Somerset,18.527858290818386,4.2
Franklin,18.123692169857463,4.8
Androscoggin,17.73143553262103,3.5999999999999996
Aroostook,17.21496733400249,2.9000000000000004
Kennebec,17.196914931554346,3
Waldo,17.076247211817517,4.1000000000000005
Lincoln,16.289900315553535,4.300000000000001
Penobscot,13.708036819175815,2.4
Hancock,12.07474177822774,3.2999999999999994
Knox,9.538707306691352,3.9
Sagadahoc,7.05702032108099,5.699999999999999
York,4.947040952638513,2.3
Cumberland,4.129289794681789,1.3
