county,pov,moe
Piscataquis,19.118259190799648,5.3
Franklin,18.725231469303598,4.8
Oxford,18.437858290818383,4.4
Somerset,18.28204655032664,4.2
Lincoln,18.242098027130467,4.300000000000001
Waldo,18.16351770710856,4.1000000000000005
Androscoggin,17.79460479980989,3.5999999999999996
Kennebec,17.327088061245043,3
Washington,17.269270237130296,2.9000000000000004
Aroostook,17.249270171416036,2.9000000000000004
Penobscot,16.44869561429782,2.4
Hancock,15.616069084272294,3.2999999999999994
Knox,10.776215586898811,3.9
Sagadahoc,4.381666473095696,5.699999999999999
York,2.1664464847369924,2.3
Cumberland,2.001662251609796,1.3
