county,pov,moe
Oxford,18.925622475858198,4.4
Piscataquis,18.43612326414178,5.3
Somerset,18.27350190563942,4.2
Franklin,18.010510552388375,4.8
Washington,17.92219731405024,2.9000000000000004
Sagadahoc,17.67685509970952,5.700000000000001
Androscoggin,17.51217378280435,3.6000000000000005
Lincoln,17.45825177862986,4.3
Waldo,17.45513733914918,4.1
Aroostook,17.09360125425342,2.9000000000000004
Kennebec,16.984174317902063,3
Knox,16.9624974374879,3.9
Hancock,16.683348090884106,3.3000000000000003
Penobscot,16.37204750435155,2.4
York,15.91378194759884,2.3
Cumberland,15.41464716607904,1.3
