county,pov,moe
Piscataquis,19.081462428908722,5.3
Franklin,18.66719755395704,4.8
Washington,18.437858290818383,2.9000000000000004
Oxford,18.437858290818383,4.4
Somerset,18.437858290818383,4.2
Waldo,18.03361339591541,4.1000000000000005
Lincoln,17.86864520965827,4.300000000000001
Androscoggin,17.764476918945505,3.5999999999999996
Kennebec,17.29598013210548,3
Aroostook,17.219267491605066,2.9000000000000004
Penobscot,15.47668824437605,2.4
Hancock,13.267647935395363,3.2999999999999994
Knox,8.630681685977223,3.9
Sagadahoc,5.256504672864753,5.699999999999999
York,4.1218041278199005,2.3
Cumberland,4.0024553300160814,1.3
