county,pov,moe
Liberty,29.188868384748773,18.2
Judith Basin,28.008853208489697,17.5
Wibaux,27.511484038610735,16.400000000000002
Wheatland,26.457698303785666,15.300000000000002
Meagher,25.516336039618764,14.6
Daniels,25.289678513885285,15.7
Carter,23.025450677375144,12.9
Deer Lodge,22.95573152659913,10.6
Fergus,22.202552415440273,10.6
Lincoln,22.05501141721063,9.1
Glacier,21.398281360161533,8.200000000000001
Rosebud,21.277559298848836,8.8
Pondera,21.251481859111358,8.200000000000001
Teton,20.77994517520073,10.900000000000002
Sanders,20.741595335091276,9.1
Mineral,20.157426506417142,9.2
Roosevelt,20.151787436227576,6.599999999999999
Big Horn,19.211575736947577,5.500000000000001
Treasure,19.185124547846957,11.3
Blaine,19.015504745818646,6.5
Musselshell,18.913465503969114,9.6
Lake,18.704713920425505,5.699999999999999
Hill,18.17056102216573,6.7
Park,18.146612300600133,7.9
Valley,16.46118267327511,7.500000000000001
Silver Bow,16.443759106298494,4.9
Prairie,15.05198252862632,10.4
Chouteau,15.002690300856361,5.699999999999999
Cascade,14.573521608268859,3.2999999999999994
Beaverhead,14.55708052600663,6.4
Carbon,13.679632396727001,5.599999999999999
Powder River,13.57402860697795,8.5
Toole,13.387497693863704,9.4
Yellowstone,12.459882797963896,1.9
Broadwater,12.19282269896034,8
Ravalli,12.160400808179043,3.4999999999999996
Golden Valley,10.309894361376907,7.8
Flathead,9.535425851665321,2.7
Lewis and Clark,9.059590751327228,2.7
Garfield,8.499011210219036,10.4
Sheridan,8.304193096969193,5.1
Missoula,7.936646426288467,2.2
Gallatin,7.259598389712693,3.2
Stillwater,6.462999094163181,4
Madison,5.802179723399189,3.0999999999999996
Custer,5.502387885862195,4
Dawson,5.003072382184475,3.7000000000000006
Fallon,4.9411524157025255,6.599999999999999
Powell,4.424236891070519,6.1000000000000005
Phillips,3.7348270053621264,3.0999999999999996
Jefferson,3.383443749311205,3
Richland,3.0679799591017862,3
Sweet Grass,2.868318702422055,5.2
Granite,2.512927359768911,2.6
McCone,2.2905569072034218,2.6
Petroleum,2.2397768162895844,30.699999999999996
