county,pov,moe
Roosevelt,31.978868384748775,6.599999999999999
Liberty,30.628868384748774,18.2
Glacier,29.278868384748773,8.200000000000001
Wibaux,22.579000400946487,16.400000000000002
Judith Basin,22.42354573065858,17.5
Wheatland,21.3011593172863,15.300000000000002
Meagher,20.194166610154536,14.6
Daniels,19.90186251581903,15.7
Lincoln,19.074812229257844,9.1
Deer Lodge,18.5721456139014,10.6
Carter,18.12923728380046,12.9
Pondera,17.543839482492054,8.200000000000001
Fergus,17.431685551760626,10.6
Rosebud,16.845033382316846,8.8
Teton,16.553813826014387,10.900000000000002
Sanders,16.24546978713674,9.1
Big Horn,16.072196790598777,5.500000000000001
Treasure,16.059191528950052,11.3
Mineral,15.883085930080327,9.2
Musselshell,15.431175663362783,9.6
Blaine,14.86428790137245,6.5
Lake,14.657647152072808,5.699999999999999
Park,14.642669351071365,7.9
Prairie,14.599306261406545,10.4
Hill,14.350470347917673,6.7
Valley,13.935975423824134,7.500000000000001
Toole,13.825730508262371,9.4
Powder River,13.535240648948843,8.5
Silver Bow,13.1241734822226,4.9
Broadwater,13.01995665945601,8
Beaverhead,13.009347844987449,6.4
Garfield,12.963591554148998,10.4
Chouteau,12.88459715284731,5.699999999999999
Golden Valley,12.495511503332647,7.8
Carbon,12.490120624839198,5.599999999999999
Petroleum,12.268585779545194,30.699999999999996
Cascade,11.947075745738461,3.2999999999999994
Ravalli,11.336380247602582,3.4999999999999996
Sheridan,11.002695997503409,5.1
Yellowstone,10.831215431720677,1.9
Fallon,10.423051524278085,6.599999999999999
Flathead,10.415104260641053,2.7
Lewis and Clark,10.303319735649067,2.7
Stillwater,10.097870556313975,4
Gallatin,10.038919454312913,3.2
Powell,10.012300836164396,6.1000000000000005
Missoula,9.847727464830996,2.2
Custer,9.782683283000317,4
Madison,9.575918256359275,3.0999999999999996
Dawson,9.49345408555738,3.7000000000000006
Phillips,8.68828940286155,3.0999999999999996
Sweet Grass,8.565329160833853,5.2
Jefferson,8.42455400341703,3
Richland,8.166435851205813,3
Granite,7.372823914538943,2.6
McCone,6.879611792431102,2.6
