county,pov,moe
Grant,23.61503649592356,11.199999999999998
Golden Valley,23.46359105935016,10.900000000000002
Bowman,23.162687253082755,11.199999999999998
Steele,22.94372646151476,10.4
McIntosh,22.636258697615176,11.000000000000002
Oliver,21.841825125325514,9.6
Adams,21.80453753278992,11.5
Ramsey,21.79473075498607,8.8
Sioux,21.787810711390897,8.7
LaMoure,21.279205489843733,8.4
Ransom,21.198112509276655,8.9
Wells,20.898510745407187,8.1
Pierce,20.854772961586086,8.8
Kidder,20.699112897648522,8.8
Benson,20.69712852794868,7.3
Barnes,20.518464687266462,7.500000000000001
Rolette,20.30759917671932,6.800000000000001
Mercer,19.80033642304248,7.8
Towner,19.382533141606707,8.4
McKenzie,18.5648825943788,4.8
Mountrail,18.1074802409707,5.699999999999999
Nelson,17.570121330057393,5.2
Burke,17.540361397840314,9.3
Eddy,16.439267321910382,6.800000000000001
Dunn,16.244612509155843,5.4
Bottineau,15.751345727715554,4.2
Hettinger,15.395280451900586,7.199999999999999
McHenry,15.166757549774978,4.2
Grand Forks,14.937147147007558,2.6
Cass,14.885192920063265,2.2
Divide,14.69088341648566,6.800000000000001
Morton,14.403348608630276,4.7
Richland,12.469521963255078,3.4999999999999996
Stutsman,12.404676178153345,4.300000000000001
Dickey,11.158078894709181,5.1
Burleigh,10.908744509562037,2.2
Walsh,10.746174918097616,2.9000000000000004
Logan,10.139885300617742,5.599999999999999
Williams,10.015672040110086,3.7000000000000006
McLean,8.626239882718261,3
Stark,7.899505438553028,2.5
Pembina,7.391591360205185,2.7
Foster,7.269165775690513,4.5
Sargent,6.452357219267266,3.5999999999999996
Ward,5.525278374376132,1.7999999999999998
Renville,5.316095672193449,3.7000000000000006
Sheridan,5.063078503132826,5.9
Cavalier,4.3375461425767385,4.6
Traill,3.623822095268635,2.3
Emmons,3.2088365200723676,2.5
Slope,2.8786354611636433,4
Griggs,2.429227925550419,1.1
Billings,2.2532039565103688,14.6
