county,pov,moe
Sioux,40.13967139241012,8.7
Benson,23.185753607600233,7.3
Golden Valley,22.893742732717605,10.899999999999999
Grant,21.58358541139445,11.199999999999998
Ramsey,20.635621233148036,8.8
Rolette,20.299955466273353,6.800000000000001
Steele,20.242608328345778,10.4
Bowman,19.907548653622765,11.199999999999998
McIntosh,19.663594679204927,11
Adams,19.330347147302216,11.5
Oliver,19.214812346747035,9.6
LaMoure,18.855830430338607,8.4
Ransom,18.813149483572168,8.9
Wells,18.566609337501813,8.1
Pierce,18.505511240077677,8.8
Kidder,18.439275900540927,8.8
Barnes,18.339946999428683,7.5
Mercer,18.045222711194658,7.8
Towner,17.966292075879416,8.4
Burke,17.921312270532546,9.3
McKenzie,17.28336184807533,4.8
Billings,17.25084915481681,14.6
Mountrail,17.199116368022164,5.700000000000001
Eddy,17.184450512849665,6.800000000000001
Hettinger,17.173339913572665,7.200000000000001
Divide,17.030687451412188,6.800000000000001
Nelson,16.99796557833251,5.2
Dunn,16.779522866817086,5.4
Logan,16.54787838246314,5.599999999999999
Dickey,16.452540402817213,5.1
Morton,16.442519804701757,4.7
Bottineau,16.392861259400064,4.2
McHenry,16.383542106293092,4.2
Sheridan,16.341319603086017,5.9
Stutsman,16.278378880235937,4.3
Foster,16.110610321469398,4.5
Richland,16.04530856915403,3.5000000000000004
Williams,16.039791804730797,3.7000000000000006
Cavalier,16.013704979718472,4.6
Sargent,15.889763856639275,3.6000000000000005
Grand Forks,15.889397159750834,2.6
Renville,15.880403327358755,3.7000000000000006
Walsh,15.837976807587776,2.9000000000000004
McLean,15.830873562699718,3
Cass,15.768795973363522,2.2
Slope,15.691656731060547,4
Pembina,15.679554931294964,2.7
Stark,15.663025604711079,2.5
Burleigh,15.650687433124274,2.2
Emmons,15.504488586119896,2.5
Traill,15.494864761612329,2.3
Ward,15.43621072330938,1.8000000000000003
Griggs,15.179320971574064,1.1
