county,pov,moe
Adams,23.77073630353731,11.5
Grant,23.71536449955013,11.199999999999998
Bowman,23.709596208044722,11.199999999999998
McIntosh,23.538480456121775,11.000000000000002
Golden Valley,23.48173831573642,10.900000000000002
Steele,23.091961493156525,10.4
Oliver,22.460234052501065,9.6
Ransom,21.91057848999172,8.9
Ramsey,21.845695955017675,8.8
Pierce,21.817065059152785,8.8
Kidder,21.804261070989458,8.8
Sioux,21.787810711390897,8.7
LaMoure,21.533064147887952,8.4
Towner,21.31589359101895,8.4
Wells,21.297195235910706,8.1
Mercer,21.00981739174243,7.8
Barnes,20.83113128275949,7.500000000000001
Benson,20.69712852794868,7.3
Burke,20.46011809361709,9.3
Rolette,20.30759917671932,6.800000000000001
Mountrail,19.35733795328329,5.699999999999999
Eddy,19.072413560389062,6.800000000000001
Nelson,18.941036097319316,5.2
McKenzie,18.72903770601652,4.8
Dunn,18.552608730155935,5.4
Hettinger,17.817828878267214,7.199999999999999
Bottineau,17.808144274006796,4.2
McHenry,17.44842948494103,4.2
Divide,16.76741184933379,6.800000000000001
Morton,16.736439508318462,4.7
Grand Forks,16.70494951606718,2.6
Cass,16.47975152943553,2.2
Richland,13.870251649549449,3.4999999999999996
Stutsman,13.330735629435548,4.300000000000001
Burleigh,11.156168875439993,2.2
Walsh,10.30987839371968,2.9000000000000004
Dickey,9.857949931028802,5.1
Williams,8.056256294233513,3.7000000000000006
Logan,7.2758437154519875,5.599999999999999
McLean,5.589683128840795,3
Stark,4.6050697075134055,2.5
Pembina,3.8949233480896988,2.7
Foster,3.440978078355107,4.5
Sargent,2.926792944052404,3.5999999999999996
Ward,2.54616647493842,1.7999999999999998
Renville,2.3731963841032577,3.7000000000000006
Sheridan,2.243411424943441,5.9
Cavalier,2.1265817883203386,4.6
Traill,2.0571058775075852,2.3
Emmons,2.0257214170857956,2.5
Slope,2.0100680626919627,4
Griggs,2.0021023619857847,1.1
Billings,2.000255362383892,14.6
