county,pov,moe
Golden Valley,22.307271024606266,10.900000000000002
Grant,22.21506946409486,11.199999999999998
Sioux,21.877810711390897,8.7
Benson,21.877810711390897,7.3
Rolette,21.877810711390897,6.800000000000001
Steele,21.468780828990905,10.4
Bowman,21.34881010709676,11.199999999999998
McIntosh,20.72907633433231,11.000000000000002
Ramsey,20.52736602752912,8.8
Oliver,20.03987735200096,9.6
Adams,19.95975035150476,11.5
LaMoure,19.706795438142752,8.4
Ransom,19.389433346178272,8.9
Wells,19.22698545978624,8.1
Pierce,19.014212873635685,8.8
Barnes,18.913529768001325,7.500000000000001
Kidder,18.854659270853897,8.8
Mercer,17.99996345859781,7.8
Towner,17.702636861120162,8.4
McKenzie,17.13643455315642,4.8
Burke,16.701259893254612,9.3
Mountrail,16.402751110184624,5.699999999999999
Nelson,15.910586012919858,5.2
Eddy,15.44343080074763,6.800000000000001
Dunn,15.001503662399553,5.4
Hettinger,14.953400852339838,7.199999999999999
Divide,14.4637129173388,6.800000000000001
Bottineau,14.431629723330856,4.2
McHenry,14.064185326751138,4.2
Morton,13.746812863573906,4.7
Grand Forks,13.576042117455684,2.6
Cass,13.468505660381485,2.2
Stutsman,12.567248517276001,4.300000000000001
Richland,12.379852326240687,3.4999999999999996
Dickey,12.136073647392106,5.1
Logan,11.723914403725233,5.599999999999999
Walsh,11.316145337518028,2.9000000000000004
Burleigh,11.205801374929102,2.2
Williams,11.151259181577085,3.7000000000000006
McLean,10.20962638411285,3
Foster,9.761022913263728,4.5
Stark,9.668881134493175,2.5
Pembina,9.41619605772157,2.7
Sargent,9.013626065295751,3.5999999999999996
Sheridan,8.352436288509246,5.9
Renville,8.177744826171264,3.7000000000000006
Ward,7.968587269490371,1.7999999999999998
Cavalier,7.422345854666254,4.6
Traill,6.27758936202362,2.3
Emmons,5.745742338583983,2.5
Slope,5.3518912389887126,4
Billings,4.173319149380023,14.6
Griggs,4.142790734162021,1.1
