county,pov,moe
Sioux,40.13967139241012,8.7
Benson,25.30746688013339,7.3
Golden Valley,22.70701980562028,10.899999999999999
Grant,21.00041797853715,11.199999999999998
Rolette,20.299955466273353,6.800000000000001
Ramsey,20.28814687266266,8.8
Steele,19.505887165926005,10.4
Bowman,18.953662908397053,11.199999999999998
McIntosh,18.692758731115237,11
Oliver,18.399007367823938,9.6
Adams,18.19572493897142,11.5
LaMoure,18.178422524513536,8.4
Ransom,18.036332155184205,8.9
Wells,17.880523441494656,8.1
Barnes,17.71282789373696,7.5
Pierce,17.67959769566389,8.8
Kidder,17.59880140480131,8.8
Mercer,17.29954616113199,7.8
Towner,17.093578440370667,8.4
McKenzie,16.913639595697354,4.8
Burke,16.872169611129806,9.3
Mountrail,16.648413752049898,5.700000000000001
Nelson,16.493749431759305,5.2
Eddy,16.428557712287184,6.800000000000001
Hettinger,16.34044666800602,7.200000000000001
Divide,16.23890218929912,6.800000000000001
Dunn,16.189565544939377,5.4
Bottineau,15.936018437079172,4.2
McHenry,15.924564617676348,4.2
Morton,15.90441373656312,4.7
Logan,15.86608436226873,5.599999999999999
Dickey,15.841941483447785,5.1
Stutsman,15.776337012428948,4.3
Richland,15.637796066358261,3.5000000000000004
Grand Forks,15.612776399488812,2.6
Williams,15.593443553813438,3.7000000000000006
Sheridan,15.550743470777425,5.9
Cass,15.538404812889375,2.2
Foster,15.529915585557132,4.5
Walsh,15.493647653497987,2.9000000000000004
McLean,15.466026562246482,3
Sargent,15.425528306905411,3.6000000000000005
Renville,15.394665908309591,3.7000000000000006
Burleigh,15.393032258127434,2.2
Cavalier,15.38900652977013,4.6
Stark,15.351835600463204,2.5
Pembina,15.334439156223892,2.7
Ward,15.201909478000255,1.8000000000000003
Traill,15.179378337961055,2.3
Emmons,15.152700230209714,2.5
Slope,15.097059360185561,4
Griggs,15.012715855069372,1.1
Billings,15.002224727853669,14.6
