county,pov,moe
Coos,19.36691699327711,5.4
Sullivan,19.29191699327711,4.300000000000001
Grafton,19.224416993277107,2.5
Belknap,17.45292089083857,3.2
Carroll,17.16466141724901,4
Cheshire,16.824697445030125,2.4
Hillsborough,15.899331144350901,1.3
Merrimack,10.917044882593604,1.6
Strafford,4.847306213884385,1.9
Rockingham,4.0107870262218155,1.1
