county,pov,moe
Coos,30.60394605933877,5.4
Sullivan,18.706146065639718,4.3
Belknap,16.975775623014357,3.2
Grafton,16.948513039071084,2.5
Carroll,16.867855862062513,4
Cheshire,16.348997481175008,2.4
Strafford,15.721076385045448,1.9
Hillsborough,15.64174064438381,1.3
Merrimack,15.63533030060582,1.6
Rockingham,15.350855294374572,1.1
