county,pov,moe
Coos,20.53253637016538,5.4
Sullivan,18.520692882043928,4.3
Carroll,17.41265751476477,4
Belknap,17.215265998204274,3.2
Grafton,16.948513039071084,2.5
Cheshire,16.584433017172422,2.4
Strafford,16.043872861851682,1.9
Merrimack,15.89643239658628,1.6
Hillsborough,15.805157482679967,1.3
Rockingham,15.563025122545223,1.1
