county,pov,moe
Coos,19.21691699327711,5.4
Sullivan,18.35995242057251,4.300000000000001
Carroll,17.779996928336125,4
Belknap,17.482939182145277,3.2
Grafton,16.957646756146808,2.5
Cheshire,16.85708300602058,2.4
Hillsborough,15.970665098623918,1.3
Merrimack,14.004212384305232,1.6
Strafford,6.269502082641189,1.9
Rockingham,2.1010851479312516,1.1
