county,pov,moe
Coos,19.516916993277107,5.4
Sullivan,19.36691699327711,4.300000000000001
Grafton,19.23191699327711,2.5
Belknap,17.45191044315649,3.2
Cheshire,16.80024255500011,2.4
Carroll,16.517797104911796,4
Hillsborough,15.748076408355749,1.3
Merrimack,10.819158046882347,1.6
Strafford,5.492825879387526,1.9
Rockingham,4.054238582474654,1.1
