county,pov,moe
Coos,24.716916993277106,5.4
Sullivan,21.96691699327711,4.300000000000001
Grafton,19.21691699327711,2.5
Belknap,16.501325629973046,3.2
Cheshire,14.611065509233539,2.4
Hillsborough,12.577332903360963,1.3
Carroll,12.351106624574088,4
Merrimack,9.580777460694048,1.6
Strafford,7.830411668195721,1.9
Rockingham,5.647229224137259,1.1
