county,pov,moe
Coos,30.21691699327711,5.4
Sullivan,24.716916993277106,4.300000000000001
Grafton,19.76691699327711,2.5
Belknap,15.877978590771527,3.2
Cheshire,13.404539476202656,2.4
Hillsborough,11.086421337836441,1.3
Carroll,10.415378768810324,4
Merrimack,7.978639836131415,1.6
Strafford,6.530932861339423,1.9
Rockingham,5.00535814907688,1.1
