county,pov,moe
Coos,20.706916993277108,5.4
Sullivan,20.00691699327711,4.300000000000001
Grafton,19.30691699327711,2.5
Belknap,15.928277258978445,3.2
Cheshire,14.639581212547734,2.4
Carroll,13.88028824282067,4
Hillsborough,13.129356790551991,1.3
Merrimack,11.209178915286072,1.6
Strafford,9.649260624789994,1.9
Rockingham,6.543305975193764,1.1
