county,pov,moe
Coos,19.21691699327711,5.4
Sullivan,18.35995242057251,4.300000000000001
Belknap,17.04845837937374,3.2
Grafton,16.957646756146808,2.5
Cheshire,15.810065581597184,2.4
Carroll,14.942915271294725,4
Hillsborough,14.259081247532702,1.3
Merrimack,12.009884164052531,1.6
Strafford,10.050331033738985,1.9
Rockingham,6.344748152413696,1.1
