county,pov,moe
Coos,19.21691699327711,5.4
Sullivan,18.35995242057251,4.300000000000001
Belknap,17.42337808659107,3.2
Grafton,16.957646756146808,2.5
Cheshire,16.556668376090585,2.4
Carroll,15.997399719131506,4
Hillsborough,15.206112101502997,1.3
Merrimack,12.344320720515597,1.6
Strafford,8.922885585905517,1.9
Rockingham,4.014719240266302,1.1
