county,pov,moe
Coos,19.30691699327711,5.4
Sullivan,19.30691699327711,4.300000000000001
Grafton,19.30691699327711,2.5
Belknap,16.153892826834923,3.2
Cheshire,15.013404408131242,2.4
Carroll,14.433624019575689,4
Hillsborough,13.571188951724537,1.3
Merrimack,11.643330600399583,1.6
Strafford,9.895159202554078,1.9
Rockingham,6.368649010948448,1.1
