county,pov,moe
Coos,30.60394605933877,5.4
Sullivan,27.425364454658652,4.3
Grafton,22.224049101545727,2.5
Belknap,18.18514623751939,3.2
Carroll,17.06264686116849,4
Cheshire,16.870572517508243,2.4
Hillsborough,15.753816010365465,1.3
Strafford,15.617711659065666,1.9
Merrimack,15.580421324950667,1.6
Rockingham,15.227997889335251,1.1
