county,pov,moe
Coos,25.96691699327711,5.4
Sullivan,22.59191699327711,4.300000000000001
Grafton,19.55441699327711,2.5
Belknap,17.39923604583349,3.2
Cheshire,16.30807956435308,2.4
Hillsborough,14.07859915691427,1.3
Carroll,12.394287842155077,4
Merrimack,7.550622965102066,1.6
Strafford,5.053356759604615,1.9
Rockingham,4.102566686206082,1.1
