county,pov,moe
Coos,20.41691699327711,5.4
Sullivan,19.816916993277108,4.300000000000001
Grafton,19.27691699327711,2.5
Belknap,17.451642098774613,3.2
Cheshire,16.792913544461303,2.4
Carroll,16.17635799514112,4
Hillsborough,15.693274681955646,1.3
Merrimack,10.114777253572548,1.6
Strafford,5.216835664003222,1.9
Rockingham,4.043447782260224,1.1
