county,pov,moe
Coos,19.21691699327711,5.4
Sullivan,18.35995242057251,4.300000000000001
Belknap,17.480069145255637,3.2
Carroll,17.106353614725084,4
Grafton,16.957646756146808,2.5
Cheshire,16.81840064807708,2.4
Hillsborough,15.791711883909132,1.3
Merrimack,13.068017537405346,1.6
Strafford,7.6295912852081464,1.9
Rockingham,2.571339715423135,1.1
