county,pov,moe
Coos,30.60394605933877,5.4
Sullivan,18.936749292614138,4.3
Grafton,16.948513039071084,2.5
Belknap,16.764710455675626,3.2
Carroll,16.390092042529623,4
Cheshire,16.146273179284137,2.4
Hillsborough,15.497706058229705,1.3
Strafford,15.440337004072058,1.9
Merrimack,15.409165669147098,1.6
Rockingham,15.16958452536291,1.1
