county,pov,moe
Coos,23.77691699327711,5.4
Sullivan,21.54191699327711,4.300000000000001
Grafton,19.30691699327711,2.5
Carroll,12.442308114787034,4
Belknap,12.056999531770419,3.2
Cheshire,11.604645893630687,2.4
Strafford,11.28931375679635,1.9
Merrimack,11.140323700891367,1.6
Hillsborough,10.999405842367466,1.3
Rockingham,10.841252179922298,1.1
