county,pov,moe
Coos,19.601916993277108,5.4
Sullivan,19.40941699327711,4.300000000000001
Grafton,19.23616699327711,2.5
Belknap,17.447847315002047,3.2
Cheshire,16.75060161473857,2.4
Carroll,16.011859857394693,4
Hillsborough,15.557565251774058,1.3
Merrimack,10.799638018007224,1.6
Strafford,6.048403055390238,1.9
Rockingham,4.136583907860985,1.1
