county,pov,moe
Coos,24.091916993277106,5.4
Sullivan,21.65441699327711,4.300000000000001
Grafton,19.46066699327711,2.5
Belknap,17.447849075505484,3.2
Cheshire,16.710635198729783,2.4
Hillsborough,15.181896181329297,1.3
Carroll,14.036068871646806,4
Merrimack,7.708750893671423,1.6
Strafford,4.68000048211239,1.9
Rockingham,4.027798317173491,1.1
