county,pov,moe
Coos,22.75691699327711,5.4
Sullivan,21.031916993277108,4.300000000000001
Grafton,19.30691699327711,2.5
Belknap,13.634720241941517,3.2
Carroll,12.718701400647497,4
Cheshire,12.579656456772087,2.4
Hillsborough,11.561710300465228,1.3
Merrimack,11.033622512586327,1.6
Strafford,10.74628087256482,1.9
Rockingham,9.629557235191188,1.1
