county,pov,moe
Coos,21.366916993277112,5.4
Sullivan,20.33691699327711,4.300000000000001
Grafton,19.30691699327711,2.5
Belknap,15.440627207013064,3.2
Cheshire,14.05550780568178,2.4
Carroll,13.414182598690715,4
Hillsborough,12.601997393654674,1.3
Merrimack,11.05667972078467,1.6
Strafford,9.93412296279826,1.9
Rockingham,7.486131331545515,1.1
