county,pov,moe
Coos,21.016916993277107,5.4
Sullivan,20.11691699327711,4.300000000000001
Grafton,19.30691699327711,2.5
Belknap,17.43150097630461,3.2
Cheshire,16.61797555787965,2.4
Hillsborough,15.14926006156984,1.3
Carroll,14.993896550173282,4
Merrimack,10.035741250153233,1.6
Strafford,6.112579800020344,1.9
Rockingham,4.218294824067707,1.1
