county,pov,moe
Cumberland,19.782046550326637,3.0999999999999996
Salem,19.03204655032664,4.2
Passaic,18.28204655032664,1.5
Cape May,17.51520860986994,3.2999999999999994
Atlantic,16.59575928234412,2.1
Ocean,16.593494891571826,2.1
Warren,16.50355653318589,2.4
Mercer,16.43399107977148,1.9
Hudson,16.05063305204918,1.3999999999999997
Camden,16.049817891514603,1.3999999999999997
Essex,15.894867836019383,1.2
Union,15.864292756621756,1.2
Burlington,15.83046198124908,1.3
Middlesex,15.673812071460466,1
Gloucester,15.169858840976941,1.1
Bergen,14.348305762648788,1
Sussex,13.377675107971656,2
Monmouth,9.938630392073733,0.6999999999999998
Somerset,6.8452904299049875,1.3
Morris,4.680062352662348,1.2
Hunterdon,4.038141477123858,1
