county,pov,moe
Salem,18.28204655032664,4.2
Cape May,17.524986757678864,3.2999999999999994
Cumberland,17.425081977622042,3.0999999999999996
Warren,16.703983751457933,2.4
Atlantic,16.59592298291168,2.1
Ocean,16.595062612941735,2.1
Mercer,16.437843533123026,1.9
Passaic,16.178588053688085,1.5
Hudson,16.05066340264157,1.3999999999999997
Camden,16.050351787101818,1.3999999999999997
Burlington,15.917886936982589,1.3
Essex,15.894869444578319,1.2
Union,15.88313988894334,1.2
Middlesex,15.713929693002157,1
Gloucester,15.559429119498269,1.1
Bergen,15.159256138544706,1
Sussex,15.081857291917014,2
Monmouth,12.33061316910429,0.6999999999999998
Somerset,8.810334818685146,1.3
Morris,4.168891978818959,1.2
Hunterdon,2.135260110429343,1
