county,pov,moe
Cumberland,18.28204655032664,3.0999999999999996
Salem,18.28204655032664,4.2
Passaic,18.28204655032664,1.5
Cape May,17.528768565212907,3.2999999999999994
Warren,16.724736213597314,2.4
Atlantic,16.596011318133446,2.1
Ocean,16.595811155706095,2.1
Mercer,16.4395419367701,1.9
Hudson,16.050680759576082,1.3999999999999997
Camden,16.05062742719754,1.3999999999999997
Burlington,15.936001548406828,1.3
Essex,15.894870408910503,1.2
Union,15.889714586717144,1.2
Middlesex,15.725440263562781,1
Gloucester,15.55376758317008,1.1
Bergen,15.007311980146998,1
Sussex,14.324320927206038,2
Monmouth,10.436458821441635,0.6999999999999998
Somerset,6.510209760113492,1.3
Morris,4.380206586688161,1.2
Hunterdon,4.009380506462934,1
