county,pov,moe
Cumberland,20.472046550326638,3.0999999999999996
Salem,19.42204655032664,4.2
Passaic,18.37204655032664,1.5
Cape May,15.500407019087412,3.2999999999999994
Atlantic,15.058515610549641,2.1
Ocean,14.846803814535503,2.1
Hudson,14.649795908470667,1.3999999999999997
Essex,14.646761777644096,1.2
Mercer,14.596467759541559,1.9
Camden,14.433083506999303,1.3999999999999997
Warren,14.331983938937173,2.4
Union,13.877204865744572,1.2
Burlington,13.708264595520497,1.3
Middlesex,13.6208876248925,1
Sussex,13.482599867191492,2
Gloucester,13.27763588245025,1.1
Bergen,13.032840117625893,1
Somerset,12.401172813350943,1.3
Monmouth,12.368516591179112,0.6999999999999998
Morris,11.809548135495922,1.2
Hunterdon,10.591370519803576,1
