county,pov,moe
Cumberland,21.28204655032664,3.0999999999999996
Salem,19.782046550326637,4.2
Passaic,18.43204655032664,1.5
Cape May,17.519610825137853,3.2999999999999994
Atlantic,16.59589147782556,2.1
Ocean,16.5944730371543,2.1
Warren,16.518105063065466,2.4
Mercer,16.436067120522356,1.9
Hudson,16.05066104699433,1.3999999999999997
Camden,16.050199615999798,1.3999999999999997
Essex,15.894869583174637,1.2
Union,15.871214011564824,1.2
Burlington,15.846029540759233,1.3
Middlesex,15.68488069063623,1
Gloucester,15.153932391196568,1.1
Bergen,14.217991733040522,1
Sussex,12.922160191781046,2
Monmouth,9.139079771534888,0.6999999999999998
Somerset,6.085425946498861,1.3
Morris,4.406189255220537,1.2
Hunterdon,4.0170790469130555,1
