county,pov,moe
Cumberland,19.77204655032664,3.0999999999999996
Salem,19.07204655032664,4.2
Passaic,18.37204655032664,1.5
Cape May,15.92778937713926,3.2999999999999994
Atlantic,15.396504953310739,2.1
Ocean,15.232435961009028,2.1
Mercer,14.988643966221133,1.9
Hudson,14.933642591667217,1.3999999999999997
Essex,14.856647587558419,1.2
Camden,14.784952004513407,1.3999999999999997
Warren,14.65069083906757,2.4
Union,14.251750563132545,1.2
Burlington,14.046076650577191,1.3
Middlesex,13.977169575835152,1
Sussex,13.527438811599096,2
Gloucester,13.516853867115456,1.1
Bergen,13.190394664629753,1
Monmouth,12.243760102780985,0.6999999999999998
Somerset,12.005903013501012,1.3
Morris,10.96695278114639,1.2
Hunterdon,8.786253038215714,1
