county,pov,moe
Cumberland,21.28204655032664,3.0999999999999996
Salem,19.782046550326637,4.2
Passaic,18.43204655032664,1.5
Cape May,17.511256553537038,3.2999999999999994
Atlantic,16.59569267117388,2.1
Ocean,16.592857068637237,2.1
Mercer,16.432422464320794,1.9
Warren,16.423854765623737,2.4
Hudson,16.050620654860555,1.3999999999999997
Camden,16.049599825595383,1.3999999999999997
Essex,15.89486717821649,1.2
Union,15.856601957041311,1.2
Burlington,15.795084965736383,1.3
Middlesex,15.657462920316787,1
Gloucester,15.01762069771451,1.1
Bergen,14.047933508768898,1
Sussex,12.819389213378527,2
Monmouth,9.292491780599027,0.6999999999999998
Somerset,6.386260944408121,1.3
Morris,4.549366780745979,1.2
Hunterdon,4.030476398345407,1
