county,pov,moe
Cumberland,18.66704655032664,3.0999999999999996
Salem,18.47454655032664,4.2
Passaic,18.30129655032664,1.5
Cape May,17.46924466823306,3.2999999999999994
Atlantic,16.593273438298006,2.1
Ocean,16.58090903821049,2.1
Mercer,16.41058493187404,1.9
Warren,16.245828077237043,2.4
Hudson,16.04992368338868,1.3999999999999997
Camden,16.044083963586438,1.3999999999999997
Essex,15.894788167744748,1.2
Union,15.798616126117505,1.2
Burlington,15.667420984179687,1.3
Middlesex,15.57010841193717,1
Gloucester,14.881353114848652,1.1
Bergen,14.092314305710504,1
Sussex,13.382956040315275,2
Monmouth,10.65140906000047,0.6999999999999998
Somerset,8.066097594413987,1.3
Morris,5.482187735202332,1.2
Hunterdon,4.176011007725129,1
