county,pov,moe
McKinley,36.36271555253592,4.4
Sierra,32.42521555253592,17.299999999999997
Quay,28.881465552535918,15.7
Hidalgo,24.93078667201055,13.999999999999998
Catron,23.01580235370189,20
Socorro,21.237218844327835,10.1
Colfax,20.52058643701182,11.000000000000002
Mora,18.665602598114848,19.7
Cibola,18.233540525796144,6.7
Grant,17.66151356824868,7.500000000000001
Luna,16.2850606599026,6.999999999999999
San Miguel,16.248868013008806,8.9
Roosevelt,15.72955823667155,9
San Juan,14.745106751466814,3.5999999999999996
Harding,12.960935925131045,14.6
Lincoln,12.925176037928301,9.1
Chaves,12.430395441080982,4.300000000000001
Doña Ana,12.304167125125437,3.0999999999999996
Rio Arriba,12.099403839730217,5.699999999999999
Torrance,11.927628570816108,7.9
Union,11.517005666974775,14.299999999999999
Guadalupe,10.97102737216794,14.800000000000002
Curry,10.486489354374406,5.2
Otero,9.418048083904509,4.7
Valencia,7.9857356866858655,4.2
Lea,7.0760619138928895,3.8
Bernalillo,7.056508308462179,1.6
Taos,6.967607851998777,5.800000000000001
Santa Fe,6.110768587972543,2.6
De Baca,6.093307669858679,11.9
Eddy,5.886128782687604,4.1000000000000005
Sandoval,4.8880462171583385,1.7000000000000002
Los Alamos,4.45251624617997,1.9
