county,pov,moe
McKinley,33.04771555253592,4.4
Sierra,30.81271555253592,17.299999999999997
Quay,28.57771555253592,15.7
Catron,18.509377608844588,20
Mora,18.338972302095826,19.7
Guadalupe,16.019311369525923,14.800000000000002
Harding,15.941481914219239,14.6
Union,15.79233905314765,14.299999999999999
Hidalgo,15.791320847108384,13.999999999999998
De Baca,14.626781731224872,11.9
Colfax,14.338014026030002,11.000000000000002
Socorro,13.939047258078736,10.1
Lincoln,13.39740254858215,9.1
Roosevelt,13.370787731704084,9
San Miguel,13.328557682171786,8.9
Torrance,12.835584708201347,7.9
Grant,12.695834939934974,7.500000000000001
Luna,12.451731628231382,6.999999999999999
Cibola,12.336557666068524,6.7
Taos,11.824872981101715,5.800000000000001
Rio Arriba,11.819246123641314,5.699999999999999
Curry,11.576892062521546,5.2
Otero,11.338030270938697,4.7
Chaves,11.174146680911146,4.300000000000001
Valencia,11.095619521585173,4.2
Eddy,11.026559248542554,4.1000000000000005
Lea,10.902436993116462,3.8
San Juan,10.869775060422361,3.5999999999999996
Doña Ana,10.618476526888832,3.0999999999999996
Santa Fe,10.337577254245817,2.6
Los Alamos,9.977884564585692,1.9
Sandoval,9.901217605411091,1.7000000000000002
Bernalillo,9.886015433309964,1.6
