county,pov,moe
Sierra,28.514841133810403,17.3
Catron,27.53884780881425,20
Quay,27.23666188536642,15.7
Mora,26.731924762105212,19.7
Hidalgo,25.241834673776175,14.000000000000002
Harding,23.02991184843589,14.6
Guadalupe,22.76006483428165,14.800000000000002
Union,22.580123705941027,14.3
Colfax,22.13734601486013,11
Socorro,21.783500141807384,10.1
Roosevelt,20.54659594836507,9
San Miguel,20.53216478658385,8.9
Lincoln,20.169434653297717,9.1
De Baca,19.840351708530278,11.9
Grant,19.824708393542483,7.5
Torrance,19.449286955905844,7.9
Luna,19.426395764640244,7.000000000000001
Cibola,19.356654387501088,6.7
McKinley,18.74517474926754,4.4
Rio Arriba,18.28707103224,5.700000000000001
Curry,17.85996860355251,5.2
Taos,17.752295231431535,5.800000000000001
Chaves,17.57728364442265,4.3
Otero,17.535078478703156,4.7
San Juan,17.281320118251482,3.6000000000000005
Valencia,17.15920046699615,4.2
Lea,16.90255802853257,3.8
Doña Ana,16.882069343828622,3.0999999999999996
Eddy,16.69613755997797,4.1
Santa Fe,16.2006505322531,2.6
Bernalillo,15.808191745116511,1.6
Sandoval,15.671460638988318,1.7000000000000002
Los Alamos,15.606022781192443,1.9
