county,pov,moe
Catron,29.708193823147333,20
Sierra,28.48771555253592,17.299999999999997
Quay,27.241221628601963,15.7
Hidalgo,25.894600530933392,13.999999999999998
Mora,25.627946198288836,19.7
Colfax,23.47518757926923,11.000000000000002
Socorro,22.845105316873155,10.1
San Miguel,21.03384521920728,8.9
Roosevelt,20.717305011733302,9
Grant,20.69604705481535,7.500000000000001
Cibola,20.176419476023998,6.7
Luna,20.07932491228852,6.999999999999999
McKinley,18.437858290818383,4.4
San Juan,17.599624833519155,3.5999999999999996
Lincoln,16.432175433228807,9.1
Chaves,16.31911617060404,4.300000000000001
Doña Ana,16.01708409480071,3.0999999999999996
Rio Arriba,15.620102726420534,5.699999999999999
Torrance,14.378210735594433,7.9
Harding,13.75239410741201,14.6
Curry,11.657560710735803,5.2
Union,9.636032819467804,14.299999999999999
Otero,8.619296746682611,4.7
Guadalupe,7.955097174766738,14.800000000000002
Valencia,4.916645888111681,4.2
Bernalillo,3.8094907549391155,1.6
Lea,3.3725069564013013,3.8
Taos,2.9666575643572073,5.800000000000001
Santa Fe,2.4969960084444742,2.6
Eddy,2.2921991030685156,4.1000000000000005
De Baca,2.1888997963811354,11.9
Sandoval,2.042851530856296,1.7000000000000002
Los Alamos,2.0062862496704224,1.9
