county,pov,moe
McKinley,28.57771555253592,4.4
Sierra,28.57771555253592,17.299999999999997
Quay,28.57771555253592,15.7
Catron,24.61224187965543,20
Hidalgo,24.351781055681172,13.999999999999998
Mora,20.980920976350532,19.7
Socorro,20.899683245425944,10.1
Colfax,20.680363838193454,11.000000000000002
Cibola,18.004586140135178,6.7
Grant,17.82265120644132,7.500000000000001
San Miguel,17.07584685913202,8.9
Luna,16.708790239388396,6.999999999999999
Roosevelt,16.67513800324202,9
San Juan,14.806333339057423,3.5999999999999996
Harding,14.781968685758628,14.6
Lincoln,14.177038430136104,9.1
Union,13.139887444450402,14.299999999999999
Chaves,13.064941561998056,4.300000000000001
Torrance,13.046431426926276,7.9
Rio Arriba,12.95639140756079,5.699999999999999
Doña Ana,12.764951055742218,3.0999999999999996
Guadalupe,12.522539481522879,14.800000000000002
Curry,11.279462158565956,5.2
Otero,10.05955839254594,4.7
Valencia,8.291358501589501,4.2
Lea,7.058367003183578,3.8
Bernalillo,6.975643035544513,1.6
Taos,6.944286985294425,5.800000000000001
De Baca,5.660332668048178,11.9
Santa Fe,5.632818207651871,2.6
Eddy,5.294709990000314,4.1000000000000005
Sandoval,3.6397551967852286,1.7000000000000002
Los Alamos,2.8580749263844267,1.9
