county,pov,moe
Eureka,40.70150195966265,32.4
Mineral,40.47650195966265,8.4
Humboldt,40.27400195966265,7.3
Nye,18.64711153221187,5.699999999999999
Carson City,16.29086955334784,4.2
Clark,15.427553811552128,0.6999999999999998
Washoe,12.80986515199336,1.3999999999999997
Elko,11.502798696277047,3.4000000000000004
Lander,10.495276570367018,9.2
Lyon,7.299592182581635,4
Storey,6.486437557945927,12.3
White Pine,5.0993068555905,4.9
Churchill,4.5631391307247915,4.300000000000001
Douglas,4.2599799825413704,2.9000000000000004
Pershing,4.1203374918072235,5.599999999999999
Lincoln,4.039774772347767,6.1000000000000005
Esmeralda,4.005950831725383,8.5
