county,pov,moe
Eureka,41.751501959662654,32.4
Mineral,41.00150195966265,8.4
Humboldt,40.25150195966265,7.3
Nye,19.245615977872593,5.699999999999999
Carson City,17.4335357246121,4.2
Clark,15.499992784746272,0.6999999999999998
Washoe,13.794098997243347,1.3999999999999997
Elko,11.846155530745328,3.4000000000000004
Lander,9.829765248383403,9.2
Lyon,6.0861985859974626,4
Storey,5.252080104962721,12.3
White Pine,4.343849618961734,4.9
Churchill,4.117718033365816,4.300000000000001
Douglas,4.034307817813508,2.9000000000000004
Pershing,4.010279274945599,5.599999999999999
Lincoln,4.001804076642268,6.1000000000000005
Esmeralda,4.000092344719879,8.5
