county,pov,moe
Eureka,49.999760579543015,32.4
Mineral,22.823779383032196,8.4
Humboldt,20.689658074087568,7.3
Storey,20.428981215354458,12.3
Lander,19.629478133299365,9.2
Nye,18.743193688909237,5.700000000000001
Esmeralda,17.71115454743988,8.5
Carson City,17.456638018904965,4.2
Lincoln,17.249918285887578,6.1000000000000005
Pershing,17.189433041583232,5.599999999999999
White Pine,17.122703452213763,4.9
Lyon,16.973890130839347,4
Churchill,16.85083769776195,4.3
Elko,16.714497699422697,3.4000000000000004
Douglas,16.13970388367511,2.9000000000000004
Washoe,15.708383169083447,1.3999999999999997
Clark,15.485557960675061,0.6999999999999998
