county,pov,moe
Eureka,108.62367635603263,32.4
Mineral,22.926319943783625,8.4
Storey,22.828592738858163,12.3
Humboldt,21.262413715728968,7.3
Lander,21.243976089878593,9.2
Esmeralda,19.70807223598696,8.5
Nye,19.442609729082076,5.700000000000001
Lincoln,18.582246180738355,6.1000000000000005
Pershing,18.371790430217853,5.599999999999999
White Pine,18.09281842856777,4.9
Carson City,18.078020705354323,4.2
Churchill,17.706578340308727,4.3
Lyon,17.6844675377843,4
Elko,17.30755638104209,3.4000000000000004
Douglas,16.750955886559055,2.9000000000000004
Washoe,15.952845089574724,1.3999999999999997
Clark,15.562286182459067,0.6999999999999998
