county,pov,moe
Eureka,40.25150195966265,32.4
Mineral,21.55409310065328,8.4
Humboldt,20.69712852794868,7.3
Nye,17.86721841691975,5.699999999999999
Lander,16.233860210708787,9.2
Carson City,16.0364267293364,4.2
Storey,15.166295605660856,12.3
Clark,14.965136687293064,0.6999999999999998
Elko,13.910419335494911,3.4000000000000004
Washoe,13.457358027120675,1.3999999999999997
Lyon,12.41065490597105,4
White Pine,10.665994279363366,4.9
Churchill,9.25506578759239,4.300000000000001
Douglas,7.6114167234498,2.9000000000000004
Pershing,6.981276707697664,5.599999999999999
Lincoln,5.535233892035508,6.1000000000000005
Esmeralda,3.9009191030911343,8.5
