county,pov,moe
Eureka,44.25150195966265,32.4
Mineral,42.251501959662654,8.4
Humboldt,40.25150195966265,7.3
Nye,17.799977377090336,5.699999999999999
Clark,15.26251305540765,0.6999999999999998
Carson City,14.915147542515042,4.2
Washoe,11.364696386604342,1.3999999999999997
Elko,10.192894376613637,3.4000000000000004
Lander,9.793115244511577,9.2
Lyon,7.008906423273789,4
Storey,6.814697958784674,12.3
White Pine,5.243817780171751,4.9
Churchill,4.703339836629909,4.300000000000001
Douglas,4.353371047690004,2.9000000000000004
Pershing,4.198391783541166,5.599999999999999
Lincoln,4.078277013327781,6.1000000000000005
Esmeralda,4.0163482948478295,8.5
