county,pov,moe
Eureka,40.25150195966265,32.4
Mineral,21.55409310065328,8.4
Lander,20.860299780020615,9.2
Humboldt,20.69712852794868,7.3
Nye,19.39500164221162,5.699999999999999
Carson City,18.201376406638854,4.2
Elko,17.25204755429876,3.4000000000000004
Storey,17.122437114432028,12.3
Washoe,15.948333419219937,1.3999999999999997
Lyon,15.58895650501961,4
Clark,15.505141063483723,0.6999999999999998
White Pine,9.179535783597432,4.9
Churchill,5.37013283756203,4.300000000000001
Douglas,3.1495460122916903,2.9000000000000004
Pershing,2.357603257020996,5.599999999999999
Lincoln,2.063636110029314,6.1000000000000005
Esmeralda,2.0032289259090073,8.5
