county,pov,moe
Bronx,21.252258084998214,1.3999999999999997
Oswego,20.552258084998215,3.0999999999999996
Franklin,19.852258084998216,6.1000000000000005
Schuyler,18.609736069129156,6.3
Yates,17.7333120358338,5.3
Delaware,16.900848549565378,4.4
St. Lawrence,16.551781060233253,3.7000000000000006
Montgomery,16.522785046920443,3.8
Allegany,16.500787480425323,3.4999999999999996
Sullivan,16.482569698831426,3.7000000000000006
Fulton,16.26901238156386,4.300000000000001
Cattaraugus,16.12776472098502,3.0999999999999996
Broome,16.10911725345154,2.9000000000000004
Chautauqua,15.920278409164846,2.7
Chemung,15.848464320648425,3.0999999999999996
Lewis,15.790589052709365,3.2999999999999994
Orleans,15.778334793451867,3.7000000000000006
Seneca,15.728064336103253,4.300000000000001
Chenango,15.452276703277109,3.0999999999999996
Cayuga,15.429645713413045,3
Livingston,15.420470921772983,4.1000000000000005
Rockland,15.374520769625866,1.9
Steuben,15.3314217942136,2.7999999999999994
Clinton,15.316375765154119,3.4000000000000004
Herkimer,15.229907163605006,3.0999999999999996
Oneida,15.210625247537845,2.2
Otsego,15.106148277636747,3.2999999999999994
Jefferson,14.954792086191434,2.7999999999999994
Columbia,14.929953261793205,3.8
Niagara,14.863033013049376,2.1
Rensselaer,14.858025885430381,2.5
Orange,14.802619310885632,1.7999999999999998
Wyoming,14.787978563497989,4.1000000000000005
Onondaga,14.751415263205955,1.5
Washington,14.711264547984355,3.8
Kings,14.566835625956593,0.8
New York,14.541045222258923,1.3999999999999997
Ulster,14.467927725285884,2.6
Monroe,14.319329041228764,1.2
Schenectady,14.304361466401192,2.6
Wayne,14.22290171241406,2.9000000000000004
Erie,14.207413413584819,1.1
Albany,14.120637868251167,1.7999999999999998
Hamilton,14.106716141040387,5.3
Essex,14.004947128853843,3.2999999999999994
Tioga,13.600361956336874,3.4000000000000004
Madison,13.54421412696338,2.7999999999999994
Greene,13.454939663576527,3.8
Cortland,13.14308843576133,2.4
Tompkins,13.052618816721253,2.7999999999999994
Queens,12.926522978650745,0.6999999999999998
Richmond,12.905498273426463,1.3999999999999997
Ontario,12.064977281564426,2.2
Schoharie,11.864856181388394,2.3
Genesee,11.503064074874297,2.7999999999999994
Westchester,10.81717554133428,0.8999999999999999
Dutchess,10.355407260200849,1.3
Warren,10.348819803949686,2.2
Suffolk,9.106129660735213,0.658
Saratoga,8.745133949455242,1.3999999999999997
Nassau,7.519623585352384,0.658
Putnam,6.1247593121467645,1.7000000000000002
