county,pov,moe
Bronx,20.037258084998214,1.3999999999999997
Oswego,19.89975808499821,3.0999999999999996
Schuyler,19.867827340403572,6.3
Franklin,19.776008084998214,6.1000000000000005
Yates,19.088120540510584,5.3
Delaware,18.38452127427573,4.4
Fulton,18.23838732143293,4.300000000000001
Montgomery,17.91874163048365,3.8
Seneca,17.888534253661394,4.300000000000001
St. Lawrence,17.841982476264683,3.7000000000000006
Sullivan,17.841343025984155,3.7000000000000006
Orleans,17.756233484857702,3.7000000000000006
Allegany,17.68659064163319,3.4999999999999996
Lewis,17.510212153871603,3.2999999999999994
Livingston,17.50938071309888,4.1000000000000005
Clinton,17.403148973574865,3.4000000000000004
Cattaraugus,17.37475422697802,3.0999999999999996
Chemung,17.369567895058836,3.0999999999999996
Chenango,17.322494397661455,3.0999999999999996
Cayuga,17.255733424993476,3
Herkimer,17.245557609778327,3.0999999999999996
Broome,17.219246594690922,2.9000000000000004
Otsego,17.213998518583335,3.2999999999999994
Steuben,17.10904023026062,2.7999999999999994
Chautauqua,17.063403552931867,2.7
Jefferson,16.983081496593876,2.7999999999999994
Rensselaer,16.80825221885909,2.5
Columbia,16.701064576005006,3.8
Oneida,16.67005077056678,2.2
Niagara,16.571804704349116,2.1
Ulster,16.517703044791812,2.6
Rockland,16.44020492350383,1.9
Orange,16.35363706847634,1.7999999999999998
Schenectady,16.26041157496187,2.6
Albany,16.133683932109143,1.7999999999999998
Onondaga,16.126598283099423,1.5
New York,16.044253217779307,1.3999999999999997
Washington,16.037046957179154,3.8
Monroe,15.884126936133363,1.2
Erie,15.803225367483243,1.1
Wayne,15.792257184280889,2.9000000000000004
Wyoming,15.774193160333546,4.1000000000000005
Kings,15.583246343480148,0.8
Queens,14.723482402976282,0.6999999999999998
Essex,14.10289208712383,3.2999999999999994
Richmond,13.615997026549042,1.3999999999999997
Madison,13.096739364405638,2.7999999999999994
Cortland,12.072374648829213,2.4
Tioga,11.529237435211478,3.4000000000000004
Tompkins,10.26975969071212,2.7999999999999994
Greene,9.455927058606022,3.8
Hamilton,8.630375549897726,5.3
Ontario,7.093071705357971,2.2
Schoharie,6.274261231384903,2.3
Westchester,5.491285341734542,0.8999999999999999
Genesee,5.066450803427507,2.7999999999999994
Dutchess,4.622623401378729,1.3
Warren,4.36859155922888,2.2
Suffolk,4.177168024631821,0.658
Saratoga,4.077860707716183,1.3999999999999997
Nassau,4.022795149117389,0.658
Putnam,4.002420515740631,1.7000000000000002
