county,pov,moe
Bronx,22.762258084998212,1.3999999999999997
Oswego,21.262258084998216,3.0999999999999996
Franklin,19.912258084998214,6.1000000000000005
Schuyler,19.868008262214953,6.3
Yates,19.088734272433747,5.3
Delaware,18.386585031365303,4.4
Fulton,18.26748303245262,4.300000000000001
Seneca,17.98619815927222,4.300000000000001
Montgomery,17.919834730035443,3.8
St. Lawrence,17.842358043864326,3.7000000000000006
Sullivan,17.842126144304284,3.7000000000000006
Orleans,17.78929972746129,3.7000000000000006
Allegany,17.68667791906054,3.4999999999999996
Livingston,17.62497645290788,4.1000000000000005
Lewis,17.520426569124844,3.2999999999999994
Clinton,17.464033492826605,3.4000000000000004
Cattaraugus,17.374989914380144,3.0999999999999996
Chemung,17.37276327107226,3.0999999999999996
Chenango,17.344519186369244,3.0999999999999996
Otsego,17.29277818360235,3.2999999999999994
Herkimer,17.289316202054618,3.0999999999999996
Cayuga,17.273854871905804,3
Broome,17.21926565672266,2.9000000000000004
Steuben,17.12373977864556,2.7999999999999994
Chautauqua,17.063446438630493,2.7
Jefferson,17.032774663590214,2.7999999999999994
Rensselaer,16.84350349331073,2.5
Columbia,16.817078805416113,3.8
Oneida,16.672348298233832,2.2
Ulster,16.607881782922668,2.6
Niagara,16.583161034757783,2.1
Rockland,16.4402104435598,1.9
Schenectady,16.36157765118443,2.6
Orange,16.35830551054256,1.7999999999999998
Albany,16.19312657698037,1.7999999999999998
Onondaga,16.127839002351845,1.5
Washington,16.1117783734535,3.8
New York,16.047813258367853,1.3999999999999997
Monroe,15.889685714050211,1.2
Wayne,15.876102017702454,2.9000000000000004
Wyoming,15.811783245133714,4.1000000000000005
Erie,15.810079659270965,1.1
Kings,15.583246887279357,0.8
Queens,14.795023671078248,0.6999999999999998
Essex,13.96998954039014,3.2999999999999994
Richmond,13.525395471615381,1.3999999999999997
Madison,12.846537243351738,2.7999999999999994
Cortland,11.697490150469426,2.4
Tioga,11.063179362276424,3.4000000000000004
Tompkins,9.698168472828247,2.7999999999999994
Greene,8.847312416709753,3.8
Hamilton,8.039676285644697,5.3
Ontario,6.488928936519434,2.2
Schoharie,5.746652634223562,2.3
Westchester,5.054851776234931,0.8999999999999999
Genesee,4.738469410708548,2.7999999999999994
Dutchess,4.388754394963041,1.3
Warren,4.216816705846478,2.2
Suffolk,4.090874770892452,0.658
Saratoga,4.036010185850392,1.3999999999999997
Nassau,4.008697439698263,0.658
Putnam,4.0006851168890165,1.7000000000000002
