county,pov,moe
Franklin,20.896621282204343,6.1000000000000005
Schuyler,19.35207130149276,6.3
Bronx,19.045467496865605,1.3999999999999997
Yates,18.258782487849373,5.3
Oswego,18.217062515021105,3.0999999999999996
Allegany,17.501035825041196,3.5000000000000004
St. Lawrence,17.351541304998136,3.7000000000000006
Delaware,17.290561409418036,4.4
Sullivan,17.201004726308287,3.7000000000000006
Broome,17.12615899810584,2.9000000000000004
Cattaraugus,17.070925866478117,3.0999999999999996
Montgomery,17.04590481558555,3.8
Chautauqua,16.96260451065448,2.7
Fulton,16.493353517382115,4.3
Rockland,16.480869909694025,1.9
Chemung,16.468599312240013,3.0999999999999996
Lewis,16.430482690232108,3.3000000000000003
Seneca,16.371525241646058,4.3
Orleans,16.28497860797996,3.7000000000000006
Livingston,16.250716028314354,4.1
Chenango,16.144035153067314,3.0999999999999996
Cayuga,16.140292983503198,3
Clinton,16.108316135591842,3.4000000000000004
Steuben,16.106098987502975,2.7999999999999994
Oneida,16.08827029362385,2.2
Herkimer,16.065500219922917,3.0999999999999996
Otsego,16.05256588312372,3.3000000000000003
Wyoming,16.0423252423693,4.1
Columbia,15.97871115353916,3.8
Washington,15.966057541708132,3.8
Jefferson,15.93249800493846,2.7999999999999994
Niagara,15.869505941020623,2.1
Rensselaer,15.868228789175648,2.5
Hamilton,15.867229898641533,5.3
Orange,15.830612857351175,1.8000000000000003
Ulster,15.81116259792354,2.6
Onondaga,15.787489921159617,1.5
Schenectady,15.784162875314442,2.6
Wayne,15.746911143490411,2.9000000000000004
Essex,15.70891778107433,3.3000000000000003
New York,15.646032222384248,1.3999999999999997
Greene,15.63380392707331,3.8
Kings,15.623524172502748,0.8
Tioga,15.62108283292796,3.4000000000000004
Madison,15.58337381311222,2.7999999999999994
Albany,15.574126845340208,1.8000000000000003
Monroe,15.529650999265282,1.2
Erie,15.481160341848662,1.1
Tompkins,15.475880303386141,2.7999999999999994
Cortland,15.438411411478562,2.4
Schoharie,15.361829102886029,2.3
Ontario,15.353035055809098,2.2
Richmond,15.341993549998772,1.3999999999999997
Genesee,15.32668292470946,2.7999999999999994
Queens,15.189667799885456,0.6999999999999998
Warren,15.161639724822662,2.2
Dutchess,15.131543873931841,1.3
Westchester,15.110598406480888,0.9000000000000001
Saratoga,15.051443856174892,1.3999999999999997
Suffolk,15.031214726304274,0.6
Nassau,15.003748580004553,0.6
Putnam,15.000259043654193,1.7000000000000002
