county,pov,moe
Bronx,24.322258084998214,1.3999999999999997
Oswego,22.087258084998215,3.0999999999999996
Franklin,19.852258084998216,6.1000000000000005
Schuyler,16.489343997692238,6.3
Yates,15.816605886849747,5.3
Hamilton,15.776999122150205,5.3
Delaware,15.211003152366375,4.4
Fulton,15.133202179036548,4.300000000000001
Seneca,15.126710656451234,4.300000000000001
Livingston,14.991842623119316,4.1000000000000005
Wyoming,14.986720638751304,4.1000000000000005
Montgomery,14.813000897297881,3.8
Columbia,14.789540215474851,3.8
Washington,14.787835872662622,3.8
Greene,14.779998152184529,3.8
St. Lawrence,14.750244340391955,3.7000000000000006
Sullivan,14.747505807851777,3.7000000000000006
Orleans,14.732475191076894,3.7000000000000006
Allegany,14.622001939983036,3.4999999999999996
Clinton,14.529428516535836,3.4000000000000004
Tioga,14.51592862394842,3.4000000000000004
Lewis,14.470688438706377,3.2999999999999994
Otsego,14.461259559625395,3.2999999999999994
Essex,14.452244729299156,3.2999999999999994
Cattaraugus,14.351292822304435,3.0999999999999996
Chemung,14.34176555936818,3.0999999999999996
Chenango,14.334118245960703,3.0999999999999996
Herkimer,14.331041985163132,3.0999999999999996
Cayuga,14.268241242751978,3
Broome,14.226486862185917,2.9000000000000004
Wayne,14.189325753884816,2.9000000000000004
Steuben,14.135698089719417,2.7999999999999994
Jefferson,14.130366957127812,2.7999999999999994
Madison,14.118452372580917,2.7999999999999994
Tompkins,14.115542680776654,2.7999999999999994
Genesee,14.108018942469188,2.7999999999999994
Chautauqua,14.090070601121393,2.7
Ulster,13.993386524883414,2.6
Schenectady,13.991874769361345,2.6
Rensselaer,13.931922495230673,2.5
Cortland,13.851247810420958,2.4
Schoharie,13.778251179815868,2.3
Oneida,13.742385838465033,2.2
Ontario,13.71294910305294,2.2
Warren,13.705412176194312,2.2
Niagara,13.669788201566766,2.1
Rockland,13.562259652833989,1.9
Orange,13.47293888486559,1.7999999999999998
Albany,13.462570932327067,1.7999999999999998
Putnam,13.356934876166488,1.7000000000000002
Onondaga,13.277342559586364,1.5
New York,13.207001187673065,1.3999999999999997
Richmond,13.188067999477992,1.3999999999999997
Saratoga,13.168642107776208,1.3999999999999997
Dutchess,13.10872826484086,1.3
Monroe,13.072002676002151,1.2
Erie,13.004549652347563,1.1
Westchester,12.845572760139943,0.8999999999999999
Kings,12.833914570387147,0.8
Queens,12.725603716830161,0.6999999999999998
Suffolk,12.678012591314333,0.658
Nassau,12.671862556574975,0.658
