county,pov,moe
Bronx,20.362258084998214,1.3999999999999997
Oswego,20.062258084998213,3.0999999999999996
Schuyler,19.86805043443472,6.3
Franklin,19.792258084998213,6.1000000000000005
Yates,19.088912679538662,5.3
Delaware,18.38734626271708,4.4
Fulton,18.287047367742694,4.300000000000001
Seneca,18.101029099146,4.300000000000001
Montgomery,17.920201905415,3.8
St. Lawrence,17.842463576581917,3.7000000000000006
Sullivan,17.842375193961598,3.7000000000000006
Orleans,17.813347002137817,3.7000000000000006
Livingston,17.79627611488273,4.1000000000000005
Allegany,17.686697450755364,3.4999999999999996
Lewis,17.525903586346747,3.2999999999999994
Clinton,17.522373368856694,3.4000000000000004
Otsego,17.382276927642316,3.2999999999999994
Cattaraugus,17.375052442628455,3.0999999999999996
Chemung,17.3741085333927,3.0999999999999996
Chenango,17.359154219767166,3.0999999999999996
Herkimer,17.326258625403245,3.0999999999999996
Cayuga,17.285303808357096,3
Broome,17.21926909414385,2.9000000000000004
Steuben,17.132611732726204,2.7999999999999994
Columbia,17.113785632137386,3.8
Jefferson,17.078369936857023,2.7999999999999994
Chautauqua,17.06345523888803,2.7
Rensselaer,16.872162865878966,2.5
Ulster,16.740244015570745,2.6
Oneida,16.673289902074,2.2
Niagara,16.589829873494956,2.1
Schenectady,16.559240098076753,2.6
Washington,16.514401753059307,3.8
Rockland,16.44021129460962,1.9
Orange,16.360562450293497,1.7999999999999998
Wyoming,16.265912582847186,4.1000000000000005
Albany,16.260832921429678,1.7999999999999998
Wayne,16.21682004084151,2.9000000000000004
Onondaga,16.128304803371048,1.5
New York,16.04946957053221,1.3999999999999997
Monroe,15.892571261255679,1.2
Erie,15.81384042960975,1.1
Kings,15.583246948929188,0.8
Queens,15.018112706233952,0.6999999999999998
Essex,14.469644413757596,3.2999999999999994
Richmond,14.000231346022549,1.3999999999999997
Madison,13.326760319637582,2.7999999999999994
Cortland,12.118275726234684,2.4
Tioga,11.339341313623734,3.4000000000000004
Tompkins,9.840352834062617,2.7999999999999994
Greene,8.77240971746596,3.8
Hamilton,7.737245433299737,5.3
Ontario,6.292526264547094,2.2
Schoharie,5.522485696030939,2.3
Westchester,4.896916535401166,0.8999999999999999
Genesee,4.56740720307233,2.7999999999999994
Dutchess,4.2918704680797735,1.3
Warren,4.149449009608273,2.2
Suffolk,4.060817734410364,0.658
Saratoga,4.021709645047133,1.3999999999999997
Nassau,4.004764871829204,0.658
Putnam,4.000293460306007,1.7000000000000002
