county,pov,moe
Bronx,22.552258084998215,1.3999999999999997
Oswego,21.202258084998217,3.0999999999999996
Franklin,19.852258084998216,6.1000000000000005
Schuyler,17.929296446957277,6.3
Yates,17.03577497068608,5.3
Delaware,16.20322383633635,4.4
Allegany,15.929568426993104,3.4999999999999996
St. Lawrence,15.92035398084537,3.7000000000000006
Montgomery,15.857528329653677,3.8
Sullivan,15.828901835053747,3.7000000000000006
Fulton,15.630003556289878,4.300000000000001
Broome,15.615308207957005,2.9000000000000004
Cattaraugus,15.530431919198007,3.0999999999999996
Chautauqua,15.398772093564883,2.7
Seneca,15.260296652205188,4.300000000000001
Chemung,15.191703472249593,3.0999999999999996
Orleans,15.172829326499379,3.7000000000000006
Lewis,15.138084206808289,3.2999999999999994
Livingston,15.023465723676683,4.1000000000000005
Rockland,14.95232234121476,1.9
Chenango,14.840165013697733,3.0999999999999996
Cayuga,14.810395700894027,3
Clinton,14.79342828881636,3.4000000000000004
Hamilton,14.757619857597273,5.3
Steuben,14.710007303506503,2.7999999999999994
Herkimer,14.675680572991793,3.0999999999999996
Wyoming,14.673679880308708,4.1000000000000005
Columbia,14.660262194205579,3.8
Otsego,14.634408543879807,3.2999999999999994
Oneida,14.587488604809101,2.2
Washington,14.54169235733784,3.8
Jefferson,14.428084420893118,2.7999999999999994
Rensselaer,14.305321254783513,2.5
Niagara,14.25830202171845,2.1
Kings,14.247048189944927,0.8
Orange,14.19248596211174,1.7999999999999998
Onondaga,14.160183833455914,1.5
Ulster,14.069659802330511,2.6
Essex,14.022559737356627,3.2999999999999994
Wayne,14.011490936825307,2.9000000000000004
Schenectady,13.972558518852955,2.6
New York,13.944256419082546,1.3999999999999997
Greene,13.933723875310788,3.8
Tioga,13.861112448423077,3.4000000000000004
Monroe,13.73249221613456,1.2
Albany,13.663435305917284,1.7999999999999998
Madison,13.632368541900572,2.7999999999999994
Erie,13.627292847504386,1.1
Tompkins,13.40043648124356,2.7999999999999994
Cortland,13.305698382227362,2.4
Richmond,12.861580043190864,1.3999999999999997
Ontario,12.747142065950055,2.2
Genesee,12.729778410587572,2.7999999999999994
Schoharie,12.697419391186532,2.3
Queens,12.66353468341867,0.6999999999999998
Warren,12.02824942126923,2.2
Westchester,11.737973650024843,0.8999999999999999
Dutchess,11.694414021004352,1.3
Saratoga,11.06125469547376,1.3999999999999997
Suffolk,10.938192303343529,0.658
Nassau,10.253429630646258,0.658
Putnam,9.90905258865861,1.7000000000000002
