county,pov,moe
Schuyler,19.868068904393322,6.3
Bronx,19.762258084998212,1.3999999999999997
Oswego,19.762258084998212,3.0999999999999996
Franklin,19.762258084998212,6.1000000000000005
Yates,19.08900417012816,5.3
Delaware,18.387804258263824,4.4
Fulton,18.304120457914056,4.300000000000001
Seneca,18.22062424317513,4.300000000000001
Livingston,17.97907535872757,4.1000000000000005
Montgomery,17.92040355477563,3.8
St. Lawrence,17.842513778687437,3.7000000000000006
Sullivan,17.842505858310453,3.7000000000000006
Orleans,17.83454283177143,3.7000000000000006
Allegany,17.686705127556298,3.4999999999999996
Clinton,17.57811804460625,3.4000000000000004
Lewis,17.529977926853654,3.2999999999999994
Otsego,17.47077579613985,3.2999999999999994
Columbia,17.43421337396822,3.8
Cattaraugus,17.375080310110473,3.0999999999999996
Chemung,17.374958844746768,3.0999999999999996
Chenango,17.371238357421223,3.0999999999999996
Herkimer,17.359797036755864,3.0999999999999996
Cayuga,17.294492453693806,3
Broome,17.219270206497598,2.9000000000000004
Steuben,17.13951065141805,2.7999999999999994
Jefferson,17.12026220656583,2.7999999999999994
Chautauqua,17.063458384850012,2.7
Washington,16.94398678485983,3.8
Rensselaer,16.897163416760403,2.5
Ulster,16.87153443353835,2.6
Schenectady,16.758921076180673,2.6
Wyoming,16.750198366558024,4.1000000000000005
Oneida,16.67385392521164,2.2
Niagara,16.594788440654344,2.1
Wayne,16.5649102075027,2.9000000000000004
Rockland,16.440211530055578,1.9
Orange,16.362044069465387,1.7999999999999998
Albany,16.323184317797065,1.7999999999999998
Onondaga,16.128559859332483,1.5
New York,16.050512826803764,1.3999999999999997
Monroe,15.894495928134775,1.2
Erie,15.81641663810052,1.1
Kings,15.58324696183461,0.8
Queens,15.221502427734753,0.6999999999999998
Essex,14.900686236779542,3.2999999999999994
Richmond,14.369182425302226,1.3999999999999997
Madison,13.639300399862918,2.7999999999999994
Cortland,12.252666410938653,2.4
Tioga,11.315382448278902,3.4000000000000004
Tompkins,9.569295636109354,2.7999999999999994
Greene,8.354956629530081,3.8
Hamilton,7.2503753128189325,5.3
Ontario,5.752411893569582,2.2
Schoharie,5.055548828030394,2.3
Westchester,4.5382760462515925,0.8999999999999999
Genesee,4.313228136178351,2.7999999999999994
Dutchess,4.134583333179473,1.3
Warren,4.059755409614364,2.2
Suffolk,4.019195492137957,0.658
Saratoga,4.0054665976740385,1.3999999999999997
Nassau,4.000833668185251,0.658
Putnam,4.000027492707886,1.7000000000000002
