county,pov,moe
Bronx,25.38725808499821,1.3999999999999997
Oswego,22.574758084998216,3.0999999999999996
Franklin,20.043508084998212,6.1000000000000005
Schuyler,19.84260411546577,6.3
Yates,19.036449206772158,5.3
Delaware,18.278239794969952,4.4
Montgomery,17.846958009063727,3.8
St. Lawrence,17.80431837796431,3.7000000000000006
Sullivan,17.782733561447156,3.7000000000000006
Fulton,17.69997512625742,4.300000000000001
Allegany,17.670880032958454,3.4999999999999996
Cattaraugus,17.34650649503813,3.0999999999999996
Chemung,17.232883037004115,3.0999999999999996
Lewis,17.230477012307574,3.2999999999999994
Broome,17.21292311465416,2.9000000000000004
Orleans,17.174599421427672,3.7000000000000006
Chautauqua,17.05322424077998,2.7
Chenango,16.872354520320663,3.0999999999999996
Cayuga,16.857372250742564,3
Steuben,16.759769021822702,2.7999999999999994
Seneca,16.72944367645816,4.300000000000001
Oneida,16.559452558106464,2.2
Herkimer,16.552168769532578,3.0999999999999996
Clinton,16.547061411367846,3.4000000000000004
Rockland,16.43720564425599,1.9
Niagara,16.27573538169516,2.1
Jefferson,16.230312690192843,2.7999999999999994
Rensselaer,16.20383017167359,2.5
Otsego,16.198529287523698,3.2999999999999994
Livingston,16.193160439187395,4.1000000000000005
Orange,16.183427252269226,1.7999999999999998
Onondaga,16.051297316063792,1.5
New York,15.900813221365542,1.3999999999999997
Monroe,15.69556073238897,1.2
Erie,15.588623388631174,1.1
Kings,15.582487964051438,0.8
Ulster,15.378434660680778,2.6
Albany,15.27816914832595,1.7999999999999998
Columbia,15.23125047191468,3.8
Schenectady,14.973570318449122,2.6
Washington,14.58300131230121,3.8
Wyoming,14.381416627486379,4.1000000000000005
Wayne,14.372557390081708,2.9000000000000004
Queens,13.513766819839015,0.6999999999999998
Essex,13.09511029721201,3.2999999999999994
Richmond,12.485273862756266,1.3999999999999997
Madison,12.37770413173879,2.7999999999999994
Cortland,11.699261101074637,2.4
Tioga,11.621389436946819,3.4000000000000004
Tompkins,10.799487296388415,2.7999999999999994
Greene,10.577108160444205,3.8
Hamilton,10.42178508490326,5.3
Ontario,8.781107067084884,2.2
Schoharie,8.183058217356125,2.3
Westchester,7.250304098953456,0.8999999999999999
Genesee,7.02486185441187,2.7999999999999994
Dutchess,6.194933847013216,1.3
Warren,5.763760357652534,2.2
Suffolk,5.132206358955535,0.658
Saratoga,4.757599466384844,1.3999999999999997
Nassau,4.3745810291263885,0.658
Putnam,4.111400083762829,1.7000000000000002
