county,pov,moe
Bronx,21.952258084998213,1.3999999999999997
Oswego,20.902258084998216,3.0999999999999996
Franklin,19.852258084998216,6.1000000000000005
Schuyler,18.152129142189644,6.3
Yates,17.25094515038929,5.3
Delaware,16.404903853603873,4.4
Allegany,16.121209709257286,3.4999999999999996
St. Lawrence,16.11874767764135,3.7000000000000006
Montgomery,16.05592044835179,3.8
Sullivan,16.027076625335347,3.7000000000000006
Broome,15.791545286916788,2.9000000000000004
Fulton,15.785579747028619,4.300000000000001
Cattaraugus,15.721863440787992,3.0999999999999996
Chautauqua,15.578685510076056,2.7
Chemung,15.376078959724907,3.0999999999999996
Seneca,15.357404050041273,4.300000000000001
Orleans,15.317962476002739,3.7000000000000006
Lewis,15.30886088220914,3.2999999999999994
Rockland,15.110019634829152,1.9
Livingston,15.100343212069822,4.1000000000000005
Chenango,14.991460033073437,3.0999999999999996
Cayuga,14.965719927863697,3
Clinton,14.910140058991777,3.4000000000000004
Steuben,14.86813159969568,2.7999999999999994
Herkimer,14.804150759166296,3.0999999999999996
Oneida,14.764980802317208,2.2
Otsego,14.735028163044603,3.2999999999999994
Columbia,14.702848587710058,3.8
Wyoming,14.676167838274425,4.1000000000000005
Hamilton,14.582613035131937,5.3
Washington,14.558425298260506,3.8
Jefferson,14.547967713159155,2.7999999999999994
Rensselaer,14.43565619617924,2.5
Niagara,14.414374256052756,2.1
Kings,14.376488947414323,0.8
Orange,14.358987806781212,1.7999999999999998
Onondaga,14.33373554862238,1.5
Ulster,14.149770900901027,2.6
New York,14.109424643012822,1.3999999999999997
Wayne,14.040164541654137,2.9000000000000004
Schenectady,14.033808415785515,2.6
Essex,13.993995197576123,3.2999999999999994
Monroe,13.890416724635479,1.2
Greene,13.79891592871819,3.8
Erie,13.781253536734658,1.1
Tioga,13.775801945792532,3.4000000000000004
Albany,13.763307843043743,1.7999999999999998
Madison,13.587743176602785,2.7999999999999994
Tompkins,13.296289592313299,2.7999999999999994
Cortland,13.244254041350862,2.4
Richmond,12.850322687837219,1.3999999999999997
Queens,12.70908139318079,0.6999999999999998
Ontario,12.570297133380596,2.2
Schoharie,12.487935662170043,2.3
Genesee,12.435047303251432,2.7999999999999994
Warren,11.637417680175496,2.2
Westchester,11.512013499783833,0.8999999999999999
Dutchess,11.37835114234895,1.3
Saratoga,10.529255496150547,1.3999999999999997
Suffolk,10.516023994311304,0.658
Nassau,9.618922546743791,0.658
Putnam,8.97725833935648,1.7000000000000002
