county,pov,moe
Schuyler,19.898041080501418,6.3
Franklin,19.762258084998212,6.1000000000000005
Yates,19.11888109847732,5.3
Delaware,18.417256816447843,4.4
Fulton,18.319842888979704,4.300000000000001
Seneca,18.184862995565492,4.300000000000001
Montgomery,17.950143997682616,3.8
Livingston,17.92806108674665,4.1000000000000005
St. Lawrence,17.872441653018782,3.7000000000000006
Sullivan,17.872331575630255,3.7000000000000006
Orleans,17.8471996362419,3.7000000000000006
Allegany,17.716692367473353,3.4999999999999996
Clinton,17.569501107095405,3.4000000000000004
Lewis,17.555908424608955,3.2999999999999994
Otsego,17.446354212674212,3.2999999999999994
Oswego,17.425081977622042,3.0999999999999996
Cattaraugus,17.40503808283775,3.0999999999999996
Chemung,17.403976334885975,3.0999999999999996
Columbia,17.401584367689978,3.8
Chenango,17.390490479370698,3.0999999999999996
Herkimer,17.36403567589496,3.0999999999999996
Cayuga,17.316036798865568,3
Broome,17.249268049856553,2.9000000000000004
Steuben,17.16293486367391,2.7999999999999994
Jefferson,17.119216279828294,2.7999999999999994
Chautauqua,17.09345272945543,2.7
Washington,17.021829817230568,3.8
Wyoming,16.956359593040123,4.1000000000000005
Rensselaer,16.9068283529662,2.5
Ulster,16.831637364188882,2.6
Schenectady,16.708218569841886,2.6
Oneida,16.703169866907395,2.2
Niagara,16.619837035490452,2.1
Wayne,16.567258787736876,2.9000000000000004
Rockland,16.47021100929135,1.9
Orange,16.39037748564169,1.7999999999999998
Albany,16.31011319909308,1.7999999999999998
Onondaga,16.15822606554569,1.5
Bronx,16.10068218344221,1.3999999999999997
New York,16.079294312099098,1.3999999999999997
Monroe,15.922357250226016,1.2
Erie,15.84362375493717,1.1
Kings,15.613246925630955,0.8
Essex,15.556550371825162,3.2999999999999994
Queens,15.176432342439188,0.6999999999999998
Richmond,14.688213323606753,1.3999999999999997
Madison,14.632599660147116,2.7999999999999994
Cortland,13.645524450683851,2.4
Tioga,13.302765926388124,3.4000000000000004
Tompkins,11.84685935164128,2.7999999999999994
Greene,10.98695936755258,3.8
Hamilton,10.02856851003821,5.3
Ontario,7.458088051587114,2.2
Schoharie,6.096685061583422,2.3
Westchester,4.652159393238583,0.8999999999999999
Genesee,3.9077213011300445,2.7999999999999994
Dutchess,3.05007193827412,1.3
Warren,2.5932869488278576,2.2
Suffolk,2.255504438168236,0.658
Saratoga,2.101215426010262,1.3999999999999997
Nassau,2.024701519090332,0.658
Putnam,2.0019283783347968,1.7000000000000002
