county,pov,moe
Lake,22.752626779220392,11.8
Morrow,22.731023593471434,8.7
Malheur,20.06613390158482,6.5
Harney,19.914878393876304,8.4
Sherman,19.580469295290225,7.7
Grant,19.35586560224617,6.199999999999999
Coos,18.941167970222896,4.9
Wheeler,18.42975456781478,8.4
Klamath,18.31521621507242,4.6
Lincoln,18.193250131926842,4.8
Tillamook,17.79690080365526,4.8
Wallowa,17.644225578913893,6.1000000000000005
Josephine,17.527989687775417,3.8
Union,17.407065152672267,4.2
Crook,17.297441896433384,5.3
Baker,17.243888256108256,5.2
Curry,17.14115349547668,5.1
Jefferson,17.050984723419184,4.2
Douglas,16.850749871073916,2.9000000000000004
Polk,16.799057149575063,3.5000000000000004
Clatsop,16.781407865839824,4
Yamhill,16.776706813534823,3.3000000000000003
Umatilla,16.674782805666318,3.3000000000000003
Benton,16.630951190108846,3.2
Wasco,16.56893539721889,3.4000000000000004
Gilliam,16.499108985054992,4.7
Columbia,16.443481025545992,3.3000000000000003
Linn,16.364455901096957,2.7
Jackson,16.19442850163054,2.2
Marion,16.066538354483928,1.9
Lane,16.031599351145257,1.8000000000000003
Hood River,15.96238729541425,2.7999999999999994
Deschutes,15.943629214301621,2.1
Multnomah,15.567818062118988,1.1
Washington,15.459692158515544,1.1
Clackamas,15.376399172395766,1
