county,pov,moe
Lake,22.459287500393422,11.8
Morrow,21.877810711390897,8.7
Coos,21.877810711390897,4.9
Malheur,21.877810711390897,6.5
Harney,19.485871821364807,8.4
Sherman,19.113506636899693,7.7
Grant,18.586114034408418,6.199999999999999
Klamath,17.472103855173494,4.6
Lincoln,17.301975706535647,4.8
Tillamook,16.709807404469547,4.8
Josephine,16.64387927192453,3.8
Union,15.992715513009816,4.2
Douglas,15.664367124409347,2.9000000000000004
Yamhill,14.876145240627734,3.2999999999999994
Polk,14.632436550169608,3.4999999999999996
Lane,14.406482120346428,1.7999999999999998
Jackson,14.278022717697588,2.2
Benton,14.221986945702339,3.2
Marion,14.214669722052452,1.9
Jefferson,14.098394336322457,4.2
Umatilla,14.059403507544655,3.2999999999999994
Linn,13.433006895623695,2.7
Wasco,13.309848466243013,3.4000000000000004
Multnomah,13.201224239481382,1.1
Clatsop,12.972612982535924,4
Crook,12.801353996676676,5.3
Wallowa,12.666776272078467,6.1000000000000005
Deschutes,12.227738774683527,2.1
Columbia,12.188386372251005,3.2999999999999994
Baker,11.626071546430591,5.2
Curry,10.908453178635192,5.1
Wheeler,10.40020661378685,8.4
Washington,8.549999986296394,1.1
Clackamas,6.920223755841162,1
Hood River,6.237695143869221,2.7999999999999994
Gilliam,4.7057996323422735,4.7
