county,pov,moe
Morrow,23.9378107113909,8.7
Coos,22.907810711390898,4.9
Malheur,21.877810711390897,6.5
Lake,21.524117761532796,11.8
Harney,18.55868120281779,8.4
Sherman,18.23953751460597,7.7
Grant,18.058588227662238,6.199999999999999
Klamath,17.125450122650417,4.6
Lincoln,16.657323350717977,4.8
Josephine,16.09212424123277,3.8
Tillamook,15.907408561517272,4.8
Union,15.204628176225023,4.2
Douglas,14.99959032482591,2.9000000000000004
Yamhill,14.160994778108407,3.2999999999999994
Polk,13.972340114863563,3.4999999999999996
Lane,13.71607442651151,1.7999999999999998
Jefferson,13.662161688015514,4.2
Benton,13.616049982210992,3.2
Jackson,13.58675298035302,2.2
Marion,13.523951564693421,1.9
Umatilla,13.503711917804809,3.2999999999999994
Wallowa,13.082566014734251,6.1000000000000005
Crook,13.004779480504483,5.3
Wasco,12.980122445109274,3.4000000000000004
Linn,12.95707208900862,2.7
Clatsop,12.86108371009171,4
Multnomah,12.593962663603733,1.1
Baker,12.248191506934218,5.2
Columbia,12.216616300481942,3.2999999999999994
Wheeler,12.128836037888902,8.4
Deschutes,12.016601023056673,2.1
Curry,11.781420731225868,5.1
Washington,9.48517039453378,1.1
Clackamas,8.403864615299964,1
Hood River,8.229041132203612,2.7999999999999994
Gilliam,7.177752784805912,4.7
