county,pov,moe
Morrow,27.287810711390897,8.7
Coos,24.537810711390897,4.9
Lake,22.79498357414322,11.8
Malheur,21.787810711390897,6.5
Harney,19.60163079747876,8.4
Sherman,19.358026272880643,7.7
Grant,19.335501725722892,6.199999999999999
Klamath,18.335389093123382,4.6
Lincoln,17.898781176654456,4.8
Josephine,17.339428906720293,3.8
Tillamook,16.882502348025714,4.8
Douglas,16.15315845332225,2.9000000000000004
Union,16.01807211716489,4.2
Yamhill,14.694653723398202,3.2999999999999994
Lane,14.641289810448491,1.7999999999999998
Marion,14.291695651143174,1.9
Polk,14.259569573259753,3.4999999999999996
Jackson,14.256950422681442,2.2
Benton,13.788283800160158,3.2
Umatilla,13.531307860037186,3.2999999999999994
Jefferson,13.310797514439152,4.2
Multnomah,13.105098446521938,1.1
Linn,12.882889670659626,2.7
Wasco,12.532945632668591,3.4000000000000004
Clatsop,11.993778287086728,4
Crook,11.567827813818193,5.3
Deschutes,11.535989882120914,2.1
Wallowa,11.309639905158381,6.1000000000000005
Columbia,11.248522446598527,3.2999999999999994
Baker,10.401654718038309,5.2
Curry,9.748168529025383,5.1
Wheeler,9.098531886183252,8.4
Washington,8.019166681031365,1.1
Clackamas,6.782870676044397,1
Hood River,6.294248502644844,2.7999999999999994
Gilliam,5.373211967423504,4.7
