county,pov,moe
Morrow,25.327810711390896,8.7
Coos,23.602810711390894,4.9
Malheur,21.877810711390897,6.5
Lake,19.575456856272467,11.8
Harney,17.045185551384893,8.4
Sherman,16.702496033091414,7.7
Grant,16.419283265594757,6.199999999999999
Klamath,15.651141886402122,4.6
Lincoln,15.168566288637036,4.8
Tillamook,14.68706620990383,4.8
Josephine,14.647264088763837,3.8
Wheeler,14.635662370097545,8.4
Union,14.158665750221353,4.2
Wallowa,14.02996540659403,6.1000000000000005
Douglas,13.732569489475004,2.9000000000000004
Crook,13.692449700338452,5.3
Jefferson,13.504735690980432,4.2
Baker,13.40652145071332,5.2
Yamhill,13.394330850997946,3.2999999999999994
Polk,13.378931281506128,3.4999999999999996
Curry,13.21792716660813,5.1
Clatsop,13.143438233945734,4
Benton,13.130109496992267,3.2
Umatilla,13.120351924446005,3.2999999999999994
Wasco,12.959648158684642,3.4000000000000004
Jackson,12.788155261702263,2.2
Lane,12.735584182714547,1.7999999999999998
Linn,12.69490551664047,2.7
Marion,12.667720326204474,1.9
Columbia,12.655039419730333,3.2999999999999994
Deschutes,12.128809178401632,2.1
Multnomah,11.994237167249867,1.1
Gilliam,11.521515248458133,4.7
Hood River,11.172948734021638,2.7999999999999994
Washington,10.906574806320297,1.1
Clackamas,10.524310872732299,1
