county,pov,moe
Forest,25.93454200298964,16.7
Philadelphia,23.95456374942392,1.6
Mifflin,22.60456374942392,6.199999999999999
Sullivan,21.25456374942392,7.9
Cameron,19.55400056141867,9
McKean,15.992051667162006,4.300000000000001
Potter,15.932945154532549,3.9
Jefferson,15.924068218133005,3.4000000000000004
Greene,15.801653911358965,4.7
Carbon,15.794698131802607,3.9
Cambria,15.554047050714367,3
Clearfield,15.47541260004818,3.2
Venango,15.40926278116554,3.2999999999999994
Columbia,15.371211616400643,3.5999999999999996
Mercer,15.343746585166745,2.7999999999999994
Lawrence,15.32353328599829,3.2999999999999994
Fayette,15.234778274093566,2.7999999999999994
Luzerne,15.112517313660579,2
Pike,14.954833181869024,4.2
Erie,14.922111475588856,2.3
Warren,14.920974784642743,3.5999999999999996
Fulton,14.853873081455038,3.9
Lycoming,14.800602794852608,2.9000000000000004
Wyoming,14.743188164359056,3.0999999999999996
Blair,14.722821552457535,2.9000000000000004
Tioga,14.706286753173764,2.6
Northumberland,14.644752292480396,2.9000000000000004
Huntingdon,14.60711574870942,3.2
Bradford,14.545258909157496,2.7
Wayne,14.442938339265543,3.4999999999999996
Montour,14.433852821749058,5.699999999999999
Susquehanna,14.319638066425554,2.9000000000000004
Lehigh,14.249762428151982,1.9
Lebanon,14.23268203310912,2.9000000000000004
Lackawanna,14.208218251564736,2
Schuylkill,14.159417112732875,2.6
Crawford,14.11537829982055,2.3
Monroe,14.079368529035637,3.0999999999999996
Juniata,14.018936360802833,4
Clinton,13.98835503577005,3.2999999999999994
Clarion,13.867940653427798,2.7
Somerset,13.810655823188005,2.4
Berks,13.785579033613473,1.5
Beaver,13.739957508188722,2.1
Indiana,13.702113023728407,2.6
Dauphin,13.667134200413775,1.7000000000000002
Union,13.656642629758862,4
Franklin,13.64972115458335,2.6
Armstrong,13.598157341217304,3.2
Elk,13.513954155237268,3.5999999999999996
Bedford,13.294472194294608,2.4
Snyder,13.055426245437793,2.7
Northampton,12.727611647272335,1.6
Delaware,12.652567773703641,1.3
Washington,12.58319817745312,1.7999999999999998
Adams,12.537255205638589,2.3
Allegheny,12.500681851208286,0.8999999999999999
Westmoreland,12.414706980714762,1.2
Perry,12.241045401804993,2.4
York,11.556175036475205,1
Cumberland,11.526734573973648,1.3999999999999997
Centre,11.50614141464187,2
Lancaster,11.255443477892872,1.2
Butler,10.94727814585082,1.3999999999999997
Chester,10.491674444635224,1.1
Montgomery,9.912682752335748,0.8
Bucks,9.062522733218541,0.8
