county,pov,moe
Forest,26.79307135455654,16.7
Philadelphia,22.654563749423918,1.6
Mifflin,21.95456374942392,6.199999999999999
Sullivan,21.25456374942392,7.9
Cameron,20.459593266121733,9
McKean,16.74756222838258,4.300000000000001
Potter,16.63872660159001,3.9
Carbon,16.526296082962322,3.9
Greene,16.518113774475506,4.7
Jefferson,16.478687402821794,3.4000000000000004
Clearfield,16.14321863694853,3.2
Cambria,16.132562733349975,3
Venango,16.11160339533718,3.2999999999999994
Columbia,16.101779504510834,3.5999999999999996
Lawrence,16.037297189110635,3.2999999999999994
Mercer,15.943088754635601,2.7999999999999994
Fayette,15.873570791439784,2.7999999999999994
Warren,15.555230175594737,3.5999999999999996
Erie,15.526097786216592,2.3
Lycoming,15.499050145502776,2.9000000000000004
Luzerne,15.490550742077058,2
Wyoming,15.413712005842296,3.0999999999999996
Pike,15.411162843776758,4.2
Blair,15.411035677993315,2.9000000000000004
Tioga,15.399101181281077,2.6
Fulton,15.364347330194247,3.9
Northumberland,15.3176473459669,2.9000000000000004
Bradford,15.219014404847547,2.7
Huntingdon,15.210921505311772,3.2
Lehigh,14.915075095664887,1.9
Lackawanna,14.875396667200427,2
Susquehanna,14.875133496666852,2.9000000000000004
Wayne,14.849437578775834,3.4999999999999996
Lebanon,14.742478504372183,2.9000000000000004
Crawford,14.73435519888172,2.3
Schuylkill,14.725610913864715,2.6
Berks,14.426458145654856,1.5
Monroe,14.403732853816969,3.0999999999999996
Somerset,14.254357896693426,2.4
Dauphin,14.252248589298988,1.7000000000000002
Beaver,14.250218721941298,2.1
Clarion,14.222609676402701,2.7
Clinton,14.129668690604055,3.2999999999999994
Indiana,13.977726871695168,2.6
Franklin,13.882250888580502,2.6
Juniata,13.736050357414703,4
Armstrong,13.410187122058481,3.2
Montour,13.335517694316627,5.699999999999999
Bedford,13.31785266364969,2.4
Union,12.937774985255748,4
Elk,12.93202374062217,3.5999999999999996
Delaware,12.728643495160147,1.3
Northampton,12.6903468049217,1.6
Allegheny,12.669204241380742,0.8999999999999999
Snyder,12.606777652780309,2.7
Westmoreland,12.315302459314173,1.2
Washington,12.248504520850222,1.7999999999999998
Adams,11.75562109700623,2.3
Perry,10.9800921930429,2.4
York,10.557633188540818,1
Cumberland,10.146248599766592,1.3999999999999997
Lancaster,9.67461451089448,1.2
Centre,9.58296772091548,2
Butler,8.782479949060981,1.3999999999999997
Chester,7.99084004431002,1.1
Montgomery,6.975597410146822,0.8
Bucks,5.422225649356364,0.8
