county,pov,moe
Forest,27.969993355173767,16.7
Cameron,21.961011128023454,9
Philadelphia,21.549563749423918,1.6
Mifflin,21.35706374942392,6.199999999999999
Sullivan,21.18381374942392,7.9
Greene,18.440963812606075,4.7
McKean,18.28809578526321,4.300000000000001
Potter,17.992440580355257,3.9
Carbon,17.985018355129164,3.9
Columbia,17.725248961021943,3.5999999999999996
Jefferson,17.60841329057235,3.4000000000000004
Venango,17.520978137580652,3.2999999999999994
Lawrence,17.51462476165367,3.2999999999999994
Warren,17.488654958733836,3.5999999999999996
Clearfield,17.44888821101392,3.2
Cambria,17.296443996030195,3
Fulton,17.270331487908454,3.9
Wyoming,17.23779032750123,3.0999999999999996
Pike,17.220879008197173,4.2
Lycoming,17.16391152439293,2.9000000000000004
Mercer,17.140138713396347,2.7999999999999994
Blair,17.1392102371,2.9000000000000004
Fayette,17.138544870370488,2.7999999999999994
Huntingdon,17.137335823895096,3.2
Northumberland,17.10526619856673,2.9000000000000004
Bradford,16.969094498882,2.7
Tioga,16.955581515235096,2.6
Susquehanna,16.79401803931137,2.9000000000000004
Erie,16.749989325154186,2.3
Lebanon,16.636957039924948,2.9000000000000004
Schuylkill,16.630310225640432,2.6
Crawford,16.570227051800128,2.3
Wayne,16.560756436820338,3.4999999999999996
Luzerne,16.518094402381003,2
Lackawanna,16.475275546323566,2
Lehigh,16.41714816557314,1.9
Beaver,16.125850990023643,2.1
Dauphin,16.079540946558456,1.7000000000000002
Berks,16.068362514683344,1.5
Somerset,16.062805518434043,2.4
Monroe,15.889324219648742,3.0999999999999996
Clarion,15.821912957678826,2.7
Indiana,15.317071910784815,2.6
Franklin,15.04778469125179,2.6
Clinton,14.80107097244259,3.2999999999999994
Allegheny,13.681434083139626,0.8999999999999999
Bedford,13.416962243232375,2.4
Delaware,13.240615848274162,1.3
Northampton,12.50922180537132,1.6
Armstrong,12.073689400246074,3.2
Westmoreland,11.792005315261044,1.2
Juniata,11.674702514203078,4
Washington,10.163326192417674,1.7999999999999998
Snyder,9.715361691882983,2.7
Elk,9.170631137366083,3.5999999999999996
Union,8.45660756316513,4
Adams,7.413835228746585,2.3
Montour,7.158998234974965,5.699999999999999
York,6.030821282331877,1
Perry,5.635640758286995,2.4
Cumberland,5.141187297386056,1.3999999999999997
Lancaster,4.785094352830684,1.2
Centre,4.527997684719117,2
Butler,4.307362310631055,1.3999999999999997
Chester,4.157213331535472,1.1
Montgomery,4.0611932528020755,0.8
Bucks,4.0102967298857335,0.8
