county,pov,moe
Forest,27.970213486041807,16.7
Philadelphia,26.039563749423916,1.6
Mifflin,23.60206374942392,6.199999999999999
Cameron,21.967083980786022,9
Sullivan,21.408313749423918,7.9
Greene,18.49809055389346,4.7
McKean,18.298893863668752,4.300000000000001
Potter,17.995846653825012,3.9
Carbon,17.992013896536157,3.9
Columbia,17.74262106709237,3.5999999999999996
Jefferson,17.60868868920121,3.4000000000000004
Warren,17.559485881362,3.5999999999999996
Venango,17.526331919504013,3.2999999999999994
Lawrence,17.522851766924934,3.2999999999999994
Clearfield,17.451324821674604,3.2
Fulton,17.377601109577505,3.9
Pike,17.33284162207531,4.2
Cambria,17.29694367708803,3
Wyoming,17.282065509923587,3.0999999999999996
Huntingdon,17.21169631680282,3.2
Lycoming,17.1862977436082,2.9000000000000004
Blair,17.16894362619768,2.9000000000000004
Northumberland,17.143796030365408,2.9000000000000004
Mercer,17.140943376875462,2.7999999999999994
Fayette,17.140271881607333,2.7999999999999994
Bradford,17.002436015533405,2.7
Tioga,16.969123303348827,2.6
Susquehanna,16.877428085748658,2.9000000000000004
Erie,16.751155078057074,2.3
Lebanon,16.72897947345412,2.9000000000000004
Schuylkill,16.7056899039462,2.6
Wayne,16.656208405399898,3.4999999999999996
Crawford,16.6214011087365,2.3
Luzerne,16.51811287991286,2
Lackawanna,16.493048468724396,2
Lehigh,16.427850996630884,1.9
Beaver,16.205702115165536,2.1
Somerset,16.150288182752078,2.4
Dauphin,16.132574878263576,1.7000000000000002
Berks,16.091120483266756,1.5
Monroe,15.950690050625067,3.0999999999999996
Clarion,15.89284103042985,2.7
Indiana,15.34490373563483,2.6
Franklin,15.043230084643454,2.6
Clinton,14.717924334450908,3.2999999999999994
Allegheny,13.601551655428084,0.8999999999999999
Bedford,13.180534426483787,2.4
Delaware,13.05444526418166,1.3
Northampton,12.178031481028583,1.6
Armstrong,11.601563798355418,3.2
Westmoreland,11.370559589115329,1.2
Juniata,11.136882380850318,4
Washington,9.522710510083998,1.7999999999999998
Snyder,9.038628938606923,2.7
Elk,8.481805162381132,3.5999999999999996
Union,7.77467535998854,4
Adams,6.740989504958754,2.3
Montour,6.575553001239901,5.699999999999999
York,5.477556476656383,1
Perry,5.170287986664246,2.4
Cumberland,4.761967229710709,1.3999999999999997
Lancaster,4.493576219758295,1.2
Centre,4.317331793450693,2
Butler,4.168621597334676,1.3999999999999997
Chester,4.07766666201072,1.1
Montgomery,4.026165309427015,0.8
Bucks,4.0033983146566126,0.8
