county,pov,moe
Forest,26.97764403153847,16.7
Philadelphia,21.25456374942392,1.6
Mifflin,21.25456374942392,6.199999999999999
Sullivan,21.25456374942392,7.9
Cameron,20.84874346043587,9
McKean,17.138667649827482,4.300000000000001
Greene,17.083504918965208,4.7
Potter,16.926269004403004,3.9
Carbon,16.872869658822072,3.9
Jefferson,16.618797496238546,3.4000000000000004
Columbia,16.529203705129596,3.5999999999999996
Venango,16.428906331398117,3.2999999999999994
Clearfield,16.40011722397412,3.2
Lawrence,16.391076813343727,3.2999999999999994
Cambria,16.296716170173227,3
Mercer,16.129757866473334,2.7999999999999994
Warren,16.115611200526498,3.5999999999999996
Fayette,16.104396424189765,2.7999999999999994
Pike,15.990638292193859,4.2
Fulton,15.947021662166097,3.9
Lycoming,15.940382726301905,2.9000000000000004
Wyoming,15.923677613856125,3.0999999999999996
Blair,15.87968626502777,2.9000000000000004
Northumberland,15.810931418642408,2.9000000000000004
Tioga,15.788666366666018,2.6
Huntingdon,15.76560978764872,3.2
Erie,15.729691105557055,2.3
Bradford,15.695084052510143,2.7
Luzerne,15.55062706238512,2
Susquehanna,15.428687817357275,2.9000000000000004
Wayne,15.398260583441182,3.4999999999999996
Lebanon,15.29725891064411,2.9000000000000004
Lackawanna,15.281191577871908,2
Lehigh,15.27424885856607,1.9
Schuylkill,15.266983495000124,2.6
Crawford,15.24131963212228,2.3
Monroe,14.912039084474356,3.0999999999999996
Berks,14.846935033461348,1.5
Somerset,14.787377156705398,2.4
Beaver,14.78103031790226,2.1
Dauphin,14.749839784034855,1.7000000000000002
Clarion,14.735707213161453,2.7
Clinton,14.53624939194372,3.2999999999999994
Indiana,14.452985107856342,2.6
Franklin,14.334177713690933,2.6
Juniata,13.793833330667049,4
Bedford,13.623035219016128,2.4
Armstrong,13.545276648844442,3.2
Delaware,13.056216800987471,1.3
Allegheny,13.05328384268657,0.8999999999999999
Northampton,12.933338943487877,1.6
Elk,12.67132252117536,3.5999999999999996
Montour,12.536297492525211,5.699999999999999
Union,12.533747460458706,4
Westmoreland,12.49817104041119,1.2
Snyder,12.4721071526915,2.7
Washington,12.215834400357043,1.7999999999999998
Adams,11.245027367363566,2.3
Perry,9.923680209087086,2.4
York,9.77013655659752,1
Cumberland,8.937780949740521,1.3999999999999997
Lancaster,8.251011905116712,1.2
Centre,7.831225172926362,2
Butler,6.830301494515449,1.3999999999999997
Chester,5.828564406275051,1.1
Montgomery,4.683541038040352,0.8
Bucks,3.2939848121291533,0.8
