county,pov,moe
Forest,26.45769659507969,16.7
Sullivan,21.15730120346463,7.9
Mifflin,21.155193099291363,6.199999999999999
Philadelphia,19.62339142498927,1.6
Cameron,19.137208245804864,9
Jefferson,17.117415944317585,3.4000000000000004
Potter,16.826451506537133,3.9
McKean,16.79671499427607,4.3
Greene,16.739428014409192,4.7
Cambria,16.696718448324212,3
Carbon,16.693896832296364,3.9
Clearfield,16.569040049314644,3.2
Mercer,16.52874493486351,2.7999999999999994
Venango,16.516976356795116,3.3000000000000003
Luzerne,16.47455898327806,2
Fayette,16.436375244614972,2.7999999999999994
Lawrence,16.40595645934605,3.3000000000000003
Columbia,16.40289592696283,3.6000000000000005
Warren,16.304488017625772,3.6000000000000005
Erie,16.233706165300767,2.3
Fulton,16.208000077115702,3.9
Pike,16.194083040538924,4.2
Wyoming,16.15933863957982,3.0999999999999996
Huntingdon,16.1472419131014,3.2
Lycoming,16.13011060783117,2.9000000000000004
Blair,16.09586566858521,2.9000000000000004
Northumberland,16.084542598316602,2.9000000000000004
Tioga,16.02352170612427,2.6
Bradford,16.02028872592416,2.7
Susquehanna,15.99549659419768,2.9000000000000004
Wayne,15.957447952420816,3.5000000000000004
Lebanon,15.919620169040517,2.9000000000000004
Montour,15.893000832961125,5.700000000000001
Schuylkill,15.89251418790137,2.6
Crawford,15.833422900149799,2.3
Clinton,15.832618777589765,3.3000000000000003
Monroe,15.825957911865277,3.0999999999999996
Juniata,15.78818333010735,4
Lehigh,15.786155044201339,1.9
Lackawanna,15.77938662609046,2
Clarion,15.728980206672475,2.7
Beaver,15.712947733256394,2.1
Somerset,15.690979533154897,2.4
Indiana,15.683520473508183,2.6
Franklin,15.674325246332257,2.6
Union,15.653376272296034,4
Armstrong,15.630546664085879,3.2
Dauphin,15.616008230545503,1.7000000000000002
Elk,15.60008418038486,3.6000000000000005
Berks,15.572707308238131,1.5
Bedford,15.497449940367819,2.4
Snyder,15.459110942409223,2.7
Adams,15.360333669440454,2.3
Washington,15.336377350022804,1.8000000000000003
Northampton,15.331633293578545,1.6
Perry,15.320253563349256,2.4
Delaware,15.278356005148169,1.3
Westmoreland,15.244627327915735,1.2
Allegheny,15.230245195224379,0.9000000000000001
Cumberland,15.163755377974228,1.3999999999999997
York,15.15000840661817,1
Centre,15.129547247514525,2
Lancaster,15.120699249569034,1.2
Butler,15.04086332384583,1.3999999999999997
Chester,15.025005514196172,1.1
Montgomery,15.013023236486003,0.8
Bucks,15.00012190289609,0.8
