county,pov,moe
Forest,27.970279759965255,16.7
Cameron,21.971335710124272,9
Philadelphia,21.314563749423918,1.6
Mifflin,21.23956374942392,6.199999999999999
Sullivan,21.172063749423916,7.9
Greene,18.60234875232817,4.7
McKean,18.309248304726495,4.300000000000001
Potter,17.99823747634747,3.9
Carbon,17.998000593951502,3.9
Pike,17.921596806393183,4.2
Fulton,17.814414167386143,3.9
Columbia,17.762792289875275,3.5999999999999996
Warren,17.725359649194598,3.5999999999999996
Jefferson,17.608798281591824,3.4000000000000004
Venango,17.530681994375758,3.2999999999999994
Lawrence,17.53043361476522,3.2999999999999994
Clearfield,17.452934585463865,3.2
Huntingdon,17.403586552541896,3.2
Wyoming,17.361834873104858,3.0999999999999996
Wayne,17.30517254252229,3.4999999999999996
Cambria,17.29717249466193,3
Lycoming,17.216076245208455,2.9000000000000004
Blair,17.21356401526314,2.9000000000000004
Northumberland,17.20931148812231,2.9000000000000004
Mercer,17.141356204705318,2.7999999999999994
Fayette,17.141334267407345,2.7999999999999994
Susquehanna,17.13872428715363,2.9000000000000004
Lebanon,17.085696788935778,2.9000000000000004
Bradford,17.056006386638675,2.7
Tioga,16.98431928993082,2.6
Schuylkill,16.92439151620841,2.6
Monroe,16.75998181292925,3.0999999999999996
Erie,16.751819199915506,2.3
Crawford,16.730527948546346,2.3
Somerset,16.616281620823457,2.4
Clarion,16.598725302739275,2.7
Luzerne,16.518117388258514,2
Lackawanna,16.51590187579521,2
Beaver,16.498045881243335,2.1
Lehigh,16.439369829156036,1.9
Dauphin,16.25793008524361,1.7000000000000002
Indiana,16.221081178551977,2.6
Berks,16.124721658604283,1.5
Franklin,16.002130470328826,2.6
Clinton,15.830174694898494,3.2999999999999994
Allegheny,14.548739500244626,0.8999999999999999
Bedford,14.234703049102274,2.4
Delaware,14.091145520586517,1.3
Northampton,13.118162858002119,1.6
Westmoreland,12.153648724324375,1.2
Armstrong,12.145530528676742,3.2
Juniata,11.328548471131068,4
Washington,9.474866229659353,1.7999999999999998
Snyder,8.607673847822127,2.7
Elk,7.695611744025258,3.5999999999999996
Union,6.768422336399279,4
Adams,5.826720982889342,2.3
Montour,5.403611158776257,5.699999999999999
York,4.766081431879438,1
Perry,4.502924426709347,2.4
Cumberland,4.284318311630812,1.3999999999999997
Lancaster,4.154698008400148,1.2
Centre,4.0797284240364675,2
Butler,4.034104188494465,1.3999999999999997
Chester,4.011878387794362,1.1
Montgomery,4.002707391127937,0.8
Bucks,4.000165344090268,0.8
