county,pov,moe
Forest,24.95710740240355,16.7
Philadelphia,24.70456374942392,1.6
Mifflin,22.979563749423917,6.199999999999999
Sullivan,21.25456374942392,7.9
Cameron,18.90720675081906,9
McKean,15.519793272091743,4.300000000000001
Greene,15.483410842644188,4.7
Potter,15.40972852690963,3.9
Jefferson,15.356083054509742,3.4000000000000004
Carbon,15.30705417160311,3.9
Montour,15.065489534318447,5.699999999999999
Cambria,15.00557310586627,3
Clearfield,14.960274086875078,3.2
Columbia,14.95446838932612,3.5999999999999996
Venango,14.925037525303992,3.2999999999999994
Lawrence,14.86302549954984,3.2999999999999994
Pike,14.853626963212221,4.2
Mercer,14.809919629523993,2.7999999999999994
Fayette,14.72036817651782,2.7999999999999994
Fulton,14.711631182729695,3.9
Warren,14.669449111666225,3.5999999999999996
Luzerne,14.589534532574383,2
Wyoming,14.43504045463623,3.0999999999999996
Lycoming,14.425354077287148,2.9000000000000004
Erie,14.412140290495252,2.3
Huntingdon,14.377818468237754,3.2
Blair,14.374824267813068,2.9000000000000004
Wayne,14.36727183550685,3.4999999999999996
Northumberland,14.325215259842983,2.9000000000000004
Juniata,14.299298380618152,4
Tioga,14.298999044753216,2.6
Bradford,14.214982439147791,2.7
Susquehanna,14.12875544655402,2.9000000000000004
Union,14.120831304420692,4
Lebanon,14.078570331809736,2.9000000000000004
Clinton,14.062356613175716,3.2999999999999994
Monroe,14.050596497787287,3.0999999999999996
Schuylkill,13.95435157920481,2.6
Elk,13.918477013598551,3.5999999999999996
Crawford,13.850057943066465,2.3
Lehigh,13.846555719560353,1.9
Lackawanna,13.838865819415656,2
Armstrong,13.829815434964951,3.2
Clarion,13.817227893284247,2.7
Somerset,13.69878276582508,2.4
Indiana,13.697427381701615,2.6
Franklin,13.669287091649284,2.6
Beaver,13.574739217589412,2.1
Berks,13.451483012152801,1.5
Dauphin,13.425590933404386,1.7000000000000002
Bedford,13.420845987842977,2.4
Snyder,13.39661033608784,2.7
Adams,13.011519003136119,2.3
Perry,12.905005053715051,2.4
Northampton,12.877045576060084,1.6
Washington,12.868335124654667,1.7999999999999998
Delaware,12.744273134436016,1.3
Westmoreland,12.590199913118335,1.2
Allegheny,12.541288804262837,0.8999999999999999
Centre,12.426805292487145,2
Cumberland,12.227612774586245,1.3999999999999997
York,12.10413408429404,1
Lancaster,12.032878376367021,1.2
Butler,11.962291543127344,1.3999999999999997
Chester,11.651019916031915,1.1
Montgomery,11.285214368234524,0.8
Bucks,10.902731187337416,0.8
