county,pov,moe
Forest,27.96849328464584,16.7
Philadelphia,27.914563749423916,1.6
Mifflin,24.539563749423916,6.199999999999999
Cameron,21.935093425259318,9
Sullivan,21.502063749423918,7.9
McKean,18.242933262838026,4.300000000000001
Greene,18.22937597167015,4.7
Potter,17.97610897873604,3.9
Carbon,17.95417632581582,3.9
Columbia,17.654823442337577,3.5999999999999996
Jefferson,17.606563948438176,3.4000000000000004
Venango,17.496440369575954,3.2999999999999994
Lawrence,17.478633694861877,3.2999999999999994
Clearfield,17.43661327476263,3.2
Cambria,17.293343464107853,3
Warren,17.20870312020119,3.5999999999999996
Mercer,17.135446361259543,2.7999999999999994
Fayette,17.129420332763363,2.7999999999999994
Lycoming,17.073220396476387,2.9000000000000004
Wyoming,17.063381107018706,3.0999999999999996
Blair,17.02043946308381,2.9000000000000004
Northumberland,16.952276789602237,2.9000000000000004
Tioga,16.898246430714075,2.6
Bradford,16.8354201334004,2.7
Huntingdon,16.832500171623977,3.2
Fulton,16.7708394442176,3.9
Erie,16.743477778749558,2.3
Pike,16.632619362380193,4.2
Luzerne,16.517910288552223,2
Susquehanna,16.427707007514496,2.9000000000000004
Lackawanna,16.400319466338424,2
Lehigh,16.370151379546325,1.9
Crawford,16.359023183276072,2.3
Schuylkill,16.302629624190008,2.6
Lebanon,16.197211746490566,2.9000000000000004
Berks,15.971939182946967,1.5
Wayne,15.948631667210513,3.4999999999999996
Dauphin,15.850707669751296,1.7000000000000002
Beaver,15.738418211970822,2.1
Somerset,15.555351053545042,2.4
Monroe,15.21491001871855,3.0999999999999996
Clarion,15.191323564311036,2.7
Indiana,14.625504552026339,2.6
Franklin,14.334103329855258,2.6
Clinton,14.063256466930408,3.2999999999999994
Allegheny,12.990951000501008,0.8999999999999999
Bedford,12.740347576133182,2.4
Delaware,12.546494944477063,1.3
Northampton,11.885371315718213,1.6
Armstrong,11.637578452374742,3.2
Juniata,11.391282183770688,4
Westmoreland,11.233349900782564,1.2
Washington,9.940764992471477,1.7999999999999998
Snyder,9.67717700971001,2.7
Elk,9.337286506091145,3.5999999999999996
Union,8.796284364243359,4
Montour,7.837156009591087,5.699999999999999
Adams,7.7525547024279,2.3
York,6.4200917781872295,1
Perry,6.129921798579208,2.4
Cumberland,5.559036095137559,1.3999999999999997
Lancaster,5.1509215839724956,1.2
Centre,4.858097956921529,2
Butler,4.541997065242725,1.3999999999999997
Chester,4.3088617843917945,1.1
Montgomery,4.139371912814817,0.8
Bucks,4.0312210704703535,0.8
