county,pov,moe
Forest,27.200942912078308,16.7
Sullivan,21.15730120346463,7.9
Mifflin,20.410685243475584,6.199999999999999
Cameron,20.388571542527142,9
Greene,17.554784083399735,4.7
McKean,17.46421403109076,4.3
Jefferson,17.364067851195806,3.4000000000000004
Potter,17.35556331911906,3.9
Montour,17.346891398349474,5.700000000000001
Carbon,17.274523625931437,3.9
Pike,17.05936506472547,4.2
Columbia,17.00053590561161,3.6000000000000005
Cambria,16.986694163936694,3
Venango,16.975809565593288,3.3000000000000003
Clearfield,16.97550049062446,3.2
Fulton,16.973858527587925,3.9
Warren,16.939600812167896,3.6000000000000005
Lawrence,16.907802629539358,3.3000000000000003
Mercer,16.821893947072507,2.7999999999999994
Fayette,16.766805423501317,2.7999999999999994
Juniata,16.745665620800242,4
Philadelphia,16.719706396930174,1.6
Huntingdon,16.71646075172281,3.2
Wayne,16.69280086901905,3.5000000000000004
Wyoming,16.69253903502746,3.0999999999999996
Union,16.663203676620956,4
Lycoming,16.6115428128538,2.9000000000000004
Blair,16.59035475865005,2.9000000000000004
Northumberland,16.583342968251493,2.9000000000000004
Clinton,16.55262833960042,3.3000000000000003
Susquehanna,16.528123694633553,2.9000000000000004
Luzerne,16.51577486426762,2
Elk,16.504226506835774,3.6000000000000005
Monroe,16.48565784106887,3.0999999999999996
Erie,16.483468159970453,2.3
Lebanon,16.481008863244277,2.9000000000000004
Bradford,16.48067512012246,2.7
Tioga,16.451210076564042,2.6
Armstrong,16.396532496640194,3.2
Schuylkill,16.370041933119737,2.6
Clarion,16.299908942947962,2.7
Indiana,16.24032337182345,2.6
Crawford,16.23918940777393,2.3
Franklin,16.234627289904658,2.6
Somerset,16.18214565576014,2.4
Snyder,16.133690009929147,2.7
Lackawanna,16.111408836450895,2
Beaver,16.10165030115592,2.1
Lehigh,16.084070289773706,1.9
Bedford,16.06247785268923,2.4
Perry,15.954355026544443,2.4
Adams,15.946991266000666,2.3
Dauphin,15.91592260574595,1.7000000000000002
Berks,15.826237137125057,1.5
Washington,15.77432396077132,1.8000000000000003
Centre,15.713192258570647,2
Northampton,15.708318568459486,1.6
Delaware,15.580988141798608,1.3
Cumberland,15.54280113229701,1.3999999999999997
Westmoreland,15.528719576112357,1.2
Butler,15.470030687938083,1.3999999999999997
Lancaster,15.453461655966292,1.2
Allegheny,15.425404799376508,0.9000000000000001
York,15.40768808016372,1
Chester,15.365184940746218,1.1
Montgomery,15.262599203294391,0.8
Bucks,15.25516748681787,0.8
