county,pov,moe
Forest,28.016067100994853,16.7
Sullivan,21.624029395432427,7.9
Mifflin,20.936625382678248,6.199999999999999
Cameron,20.63937252692267,9
Greene,17.653989282664455,4.7
McKean,17.57003886927237,4.3
Jefferson,17.50812348737887,3.4000000000000004
Potter,17.46695097635004,3.9
Montour,17.391479182623183,5.700000000000001
Carbon,17.375425673970764,3.9
Pike,17.12377886354906,4.2
Cambria,17.09752196879538,3
Columbia,17.08160422289376,3.6000000000000005
Clearfield,17.0726732658105,3.2
Venango,17.06776992653831,3.3000000000000003
Philadelphia,17.048117949056582,1.6
Fulton,17.040087733748365,3.9
Warren,17.01361875044376,3.6000000000000005
Lawrence,16.991077962847353,3.3000000000000003
Mercer,16.92036821154928,2.7999999999999994
Fayette,16.857192694150992,2.7999999999999994
Juniata,16.78596602193516,4
Huntingdon,16.78139088510589,3.2
Wyoming,16.758831464994646,3.0999999999999996
Wayne,16.744101215963187,3.5000000000000004
Union,16.69595400306058,4
Lycoming,16.67684784621997,2.9000000000000004
Blair,16.65318134465489,2.9000000000000004
Northumberland,16.645358467253054,2.9000000000000004
Luzerne,16.624446262476088,2
Clinton,16.59665364501657,3.3000000000000003
Susquehanna,16.58390298918171,2.9000000000000004
Erie,16.562398531954006,2.3
Bradford,16.539168838126965,2.7
Elk,16.53436440897179,3.6000000000000005
Lebanon,16.531667172114446,2.9000000000000004
Monroe,16.529716162820463,3.0999999999999996
Tioga,16.51051402308374,2.6
Armstrong,16.428772817548126,3.2
Schuylkill,16.420050955818084,2.6
Clarion,16.338880783567042,2.7
Crawford,16.286478646116848,2.3
Indiana,16.276703242141483,2.6
Franklin,16.27043885477516,2.6
Somerset,16.21950500792327,2.4
Snyder,16.156793101265965,2.7
Lackawanna,16.15644679049653,2
Beaver,16.141499271306266,2.1
Lehigh,16.13024567026642,1.9
Bedford,16.088068866166818,2.4
Perry,15.970132426379719,2.4
Adams,15.96498282807602,2.3
Dauphin,15.950875521042887,1.7000000000000002
Berks,15.859157023017989,1.5
Washington,15.791419587715497,1.8000000000000003
Northampton,15.725379244111211,1.6
Centre,15.719329982647567,2
Delaware,15.595367117911751,1.3
Cumberland,15.550793025542914,1.3999999999999997
Westmoreland,15.541278547809629,1.2
Butler,15.471925011897728,1.3999999999999997
Lancaster,15.459297685690213,1.2
Allegheny,15.437605740402994,0.9000000000000001
York,15.415149179040618,1
Chester,15.366338501940108,1.1
Montgomery,15.263196375094095,0.8
Bucks,15.25516748681787,0.8
