county,pov,moe
Forest,26.817766174057496,16.7
Sullivan,21.15730120346463,7.9
Mifflin,20.720859338328054,6.199999999999999
Cameron,19.721028654318484,9
Philadelphia,17.320723761574268,1.6
Jefferson,17.227567198243786,3.4000000000000004
Greene,17.128586100957552,4.7
McKean,17.112915450296644,4.3
Potter,17.070631290428594,3.9
Carbon,16.970316505479957,3.9
Cambria,16.829291344227208,3
Clearfield,16.757873391732385,3.2
Venango,16.732026259374127,3.3000000000000003
Columbia,16.686312357971868,3.6000000000000005
Mercer,16.667487196242504,2.7999999999999994
Lawrence,16.646408692752416,3.3000000000000003
Warren,16.608004656536018,3.6000000000000005
Pike,16.60029088003959,4.2
Fayette,16.594874459444405,2.7999999999999994
Montour,16.587740238704615,5.700000000000001
Fulton,16.573118278826104,3.9
Luzerne,16.49273942634286,2
Huntingdon,16.41459557274427,3.2
Wyoming,16.408548168855702,3.0999999999999996
Lycoming,16.35633797996333,2.9000000000000004
Erie,16.349176059719746,2.3
Blair,16.331392981667918,2.9000000000000004
Northumberland,16.32239489371285,2.9000000000000004
Wayne,16.302347844491067,3.5000000000000004
Susquehanna,16.24595697123764,2.9000000000000004
Juniata,16.243553734519093,4
Bradford,16.23511131712588,2.7
Tioga,16.225247041837484,2.6
Lebanon,16.185605993806117,2.9000000000000004
Clinton,16.17162714750665,3.3000000000000003
Monroe,16.136136869412898,3.0999999999999996
Union,16.13332418972753,4
Schuylkill,16.115584358334313,2.6
Elk,16.028296843642643,3.6000000000000005
Crawford,16.02431612437066,2.3
Clarion,15.998307879181109,2.7
Armstrong,15.992481786194626,3.2
Indiana,15.945848820436739,2.6
Franklin,15.938179964688452,2.6
Lackawanna,15.933569079774978,2
Lehigh,15.927058143282608,1.9
Somerset,15.924252064509425,2.4
Beaver,15.897300358308323,2.1
Snyder,15.778484066296953,2.7
Bedford,15.767783751634083,2.4
Dauphin,15.759215745313732,1.7000000000000002
Berks,15.6904588583173,1.5
Adams,15.640208596012906,2.3
Perry,15.623215179007222,2.4
Washington,15.54432347788226,1.8000000000000003
Northampton,15.508650862294854,1.6
Delaware,15.422877955023923,1.3
Centre,15.411600570158823,2
Westmoreland,15.378579984002085,1.2
Cumberland,15.34412770821573,1.3999999999999997
Allegheny,15.322390870430368,0.9000000000000001
Lancaster,15.279729403192558,1.2
York,15.271894199114353,1
Butler,15.24692280534921,1.3999999999999997
Chester,15.18866767171512,1.1
Montgomery,15.13340981111943,0.8
Bucks,15.123334200263935,0.8
