county,pov,moe
Providence,17.191364366884425,1.6
Newport,17.191364366884425,2.7999999999999994
Kent,17.191364366884425,1.9
Washington,16.334847406973726,1.7999999999999998
Bristol,4.591059492372987,1.9
