county,pov,moe
Providence,17.491364366884426,1.6
Newport,17.341364366884427,2.7999999999999994
Kent,17.206364366884426,1.9
Washington,16.031822577508635,1.7999999999999998
Bristol,4.4290843218380616,1.9
