county,pov,moe
Providence,17.191364366884425,1.6
Newport,17.191364366884425,2.7999999999999994
Kent,17.191364366884425,1.9
Washington,16.342428236180215,1.7999999999999998
Bristol,4.583478663166497,1.9
