county,pov,moe
Providence,20.191364366884425,1.6
Newport,18.69136436688443,2.7999999999999994
Kent,17.341364366884427,1.9
Washington,12.260903148132252,1.7999999999999998
Bristol,4.015003751215134,1.9
