county,pov,moe
Providence,17.341364366884427,1.6
Newport,17.266364366884428,2.7999999999999994
Kent,17.198864366884425,1.9
Washington,16.31201097077526,1.7999999999999998
Bristol,4.38139592857146,1.9
