county,pov,moe
Providence,19.341364366884427,1.6
Newport,18.311364366884426,2.7999999999999994
Kent,17.28136436688443,1.9
Washington,10.886331656153777,1.7999999999999998
Bristol,6.67957524319293,1.9
