county,pov,moe
Newport,19.712956879797293,2.7999999999999994
Providence,19.62339142498927,1.6
Kent,16.480869909694025,1.9
Washington,16.150637402531185,1.8000000000000003
Bristol,15.691608724724107,1.9
