county,pov,moe
Providence,17.28136436688443,1.6
Newport,17.28136436688443,2.7999999999999994
Kent,17.28136436688443,1.9
Washington,13.213233420102394,1.7999999999999998
Bristol,7.442673479244327,1.9
