county,pov,moe
Providence,18.391364366884428,1.6
Newport,17.791364366884427,2.7999999999999994
Kent,17.251364366884424,1.9
Washington,14.970444573327809,1.7999999999999998
Bristol,4.095462326018909,1.9
