county,pov,moe
Providence,18.99136436688443,1.6
Newport,18.091364366884427,2.7999999999999994
Kent,17.28136436688443,1.9
Washington,13.7878653072219,1.7999999999999998
Bristol,4.348041592124808,1.9
