county,pov,moe
Providence,19.62339142498927,1.6
Newport,17.442737102182235,2.7999999999999994
Kent,16.480869909694025,1.9
Washington,16.333120205142055,1.8000000000000003
Bristol,16.22931883375369,1.9
