county,pov,moe
Providence,19.62339142498927,1.6
Newport,18.27741826308357,2.7999999999999994
Kent,16.480869909694025,1.9
Washington,16.2077474488553,1.8000000000000003
Bristol,15.84970173618789,1.9
