county,pov,moe
Providence,17.466364366884427,1.6
Newport,17.328864366884424,2.7999999999999994
Kent,17.205114366884427,1.9
Washington,16.104401984613347,1.7999999999999998
Bristol,4.395254914733376,1.9
