county,pov,moe
Providence,19.381364366884426,1.6
Newport,18.33136436688443,2.7999999999999994
Kent,17.28136436688443,1.9
Washington,10.50375772190728,1.7999999999999998
Bristol,7.00214917743943,1.9
