county,pov,moe
Providence,19.62339142498927,1.6
Newport,17.438994913245658,2.7999999999999994
Kent,16.480869909694025,1.9
Washington,16.334417770710285,1.8000000000000003
Bristol,16.228640073434235,1.9
