county,pov,moe
Providence,18.681364366884427,1.6
Newport,17.981364366884428,2.7999999999999994
Kent,17.28136436688443,1.9
Washington,12.00439263476837,1.7999999999999998
Bristol,6.551514264578337,1.9
