county,pov,moe
Providence,18.69136436688443,1.6
Newport,17.94136436688443,2.7999999999999994
Kent,17.191364366884425,1.9
Washington,14.630300060782803,1.7999999999999998
Bristol,4.045606838564226,1.9
