county,pov,moe
Providence,19.62339142498927,1.6
Newport,19.34938094767637,2.7999999999999994
Kent,17.034391506907127,1.9
Washington,16.745785227912993,1.8000000000000003
Bristol,16.480869909694025,1.9
