county,pov,moe
Providence,22.691364366884425,1.6
Newport,19.941364366884425,2.7999999999999994
Kent,17.466364366884427,1.9
Washington,7.728954662414791,1.7999999999999998
Bristol,4.671952236931929,1.9
