county,pov,moe
Providence,19.62339142498927,1.6
Newport,18.252150069099123,2.7999999999999994
Kent,16.480869909694025,1.9
Washington,16.211158680973732,1.8000000000000003
Bristol,15.848187130695027,1.9
