county,pov,moe
Newport,17.191364366884425,2.7999999999999994
Kent,16.490211534671573,1.9
Providence,16.256493923933956,1.6
Washington,14.265288226366449,1.7999999999999998
Bristol,8.296641948143593,1.9
