county,pov,moe
Providence,22.816364366884425,1.6
Newport,20.00386436688443,2.7999999999999994
Kent,17.472614366884425,1.9
Washington,8.100195267935185,1.7999999999999998
Bristol,4.106961631411706,1.9
