county,pov,moe
Allendale,27.638425404778776,20.1
McCormick,25.625975380637733,18.5
Lee,23.925542806850014,10.3
Dillon,23.03642021536661,8.9
Barnwell,21.702884854404534,8.6
Marion,20.01884524764081,7.5
Marlboro,19.712165991796905,7.3
Union,18.488281721914042,6.800000000000001
Bamberg,18.25914386106346,8.2
Calhoun,18.120797528059764,9.1
Fairfield,17.93684031457753,9.3
Georgetown,17.76854470010508,7.000000000000001
Williamsburg,17.646245140959238,8
Jasper,17.632168320158666,8.3
Hampton,17.434268806748463,6.800000000000001
Darlington,17.403396821537058,5.599999999999999
Orangeburg,17.335737437407282,4.1
Clarendon,17.26253105698873,6.199999999999999
Chesterfield,16.869886390397152,5.3
Chester,16.784393062569553,6
Abbeville,16.697629615881084,5.599999999999999
Greenwood,16.64160575144735,4.6
Laurens,16.584288012764898,5
Colleton,16.425674441260153,6.4
Cherokee,16.30011378615077,4.3
Edgefield,16.291989755329173,5.700000000000001
Newberry,16.191650058506326,5.1
Saluda,16.170408224984183,6.1000000000000005
Oconee,15.89704957141283,4.3
Kershaw,15.821542308915692,3.8
Florence,15.750558083192228,3.0999999999999996
Dorchester,15.6888093321483,3.7000000000000006
Sumter,15.606466095339663,3
Anderson,15.542219001317697,2.6
Beaufort,15.530647526216365,3
Horry,15.51013383179251,2.7
Aiken,15.473199906079751,2.5
Richland,15.453761553975154,2.1
Lancaster,15.36335361599023,3.4000000000000004
Charleston,15.326777679467323,2.2
Spartanburg,15.324459614167438,1.9
Berkeley,15.21323205764811,2.2
Lexington,15.180543375260683,1.9
Pickens,15.17313026125158,2.7999999999999994
Greenville,15.112995476886368,1.3999999999999997
York,15.000274281516205,1.8000000000000003
