county,pov,moe
Dillon,27.594304635324857,8.9
Lee,25.359304635324854,10.3
Barnwell,23.124304635324854,8.600000000000001
Allendale,22.051019934150663,20.1
McCormick,21.138181575268973,18.5
Fairfield,15.904850830174158,9.3
Calhoun,15.797152329214983,9.1
Jasper,15.339697451157392,8.3
Bamberg,15.307028264623055,8.200000000000001
Williamsburg,15.175409543816269,8
Marion,14.95977968343084,7.500000000000001
Marlboro,14.830568584345535,7.3
Georgetown,14.627458337320032,6.999999999999999
Union,14.524632919354383,6.800000000000001
Hampton,14.506787490253279,6.800000000000001
Colleton,14.254336369996443,6.4
Clarendon,14.17381781810431,6.199999999999999
Saluda,14.07306912800253,6.1000000000000005
Chester,14.037360030398304,6
Edgefield,13.862853093289985,5.699999999999999
Darlington,13.844293857197629,5.599999999999999
Abbeville,13.816253641496967,5.599999999999999
Chesterfield,13.65962010942296,5.3
Newberry,13.527449973567055,5.1
Laurens,13.480596838143319,5
Greenwood,13.269811867683018,4.6
Cherokee,13.08306759392577,4.300000000000001
Oconee,13.066505696850509,4.300000000000001
Orangeburg,13.005202476741811,4.1000000000000005
Kershaw,12.791234254169584,3.8
Dorchester,12.71905319317082,3.7000000000000006
Lancaster,12.539869700017631,3.4000000000000004
Florence,12.40468502850351,3.0999999999999996
Sumter,12.334484317840635,3
Beaufort,12.323936659988636,3
Pickens,12.184141119712624,2.7999999999999994
Horry,12.160104103374687,2.7
Anderson,12.11345724439859,2.6
Aiken,12.049889401856934,2.5
Charleston,11.870128851263066,2.2
Berkeley,11.86392822026097,2.2
Richland,11.834264130177324,2.1
Spartanburg,11.704490884363556,1.9
Lexington,11.692004647202412,1.9
York,11.612294262675238,1.7999999999999998
Greenville,11.407314637119047,1.3999999999999997
