county,pov,moe
Allendale,28.343898943452395,20.1
McCormick,26.471163307280403,18.5
Lee,23.692736317503915,10.3
Dillon,22.745799420553762,8.9
Barnwell,21.702884854404534,8.6
Marion,20.213331080298616,7.5
Marlboro,19.939714906004557,7.3
Calhoun,18.910070713733656,9.1
Bamberg,18.900391054556124,8.2
Union,18.8796487596673,6.800000000000001
Fairfield,18.7987442441992,9.3
Jasper,18.390277121167024,8.3
Williamsburg,18.366224201544906,8
Georgetown,18.31636823044589,7.000000000000001
Hampton,18.00760903616393,6.800000000000001
Darlington,17.803750803815774,5.599999999999999
Clarendon,17.77612091168467,6.199999999999999
Orangeburg,17.52310608308775,4.1
Chester,17.357282444395047,6
Chesterfield,17.32495759955997,5.3
Abbeville,17.229062252731083,5.599999999999999
Colleton,17.120239771505158,6.4
Laurens,17.04233561516086,5
Greenwood,17.0345590538756,4.6
Edgefield,16.906797163120906,5.700000000000001
Saluda,16.874461853323428,6.1000000000000005
Newberry,16.739259316241817,5.1
Cherokee,16.7041825002399,4.3
Oconee,16.376112243373843,4.3
Kershaw,16.24050036603709,3.8
Dorchester,16.119424694137212,3.7000000000000006
Florence,16.077485448132425,3.0999999999999996
Sumter,15.945700340218105,3
Beaufort,15.884055184551041,3
Anderson,15.832067868086508,2.6
Horry,15.821139373855516,2.7
Lancaster,15.808888423845758,3.4000000000000004
Aiken,15.760314235051403,2.5
Richland,15.685539675967863,2.1
Charleston,15.597047131920133,2.2
Pickens,15.566132387579469,2.7999999999999994
Spartanburg,15.550983669817537,1.9
Berkeley,15.506886977649684,2.2
Lexington,15.434922113562239,1.9
Greenville,15.303773335335592,1.3999999999999997
York,15.277501950593852,1.8000000000000003
