county,pov,moe
Allendale,29.301707869631333,20.1
Dillon,28.534304635324855,8.9
McCormick,27.764240531953117,18.5
Lee,25.784304635324855,10.3
Barnwell,23.034304635324855,8.600000000000001
Marion,20.501656705073763,7.500000000000001
Marlboro,20.065996220859596,7.3
Bamberg,19.288727012702314,8.200000000000001
Union,18.781356688515018,6.800000000000001
Calhoun,18.263370340919487,9.1
Georgetown,18.22967302470755,6.999999999999999
Fairfield,17.777610696468333,9.3
Darlington,17.719134620841675,5.599999999999999
Clarendon,17.458320632473338,6.199999999999999
Hampton,17.36434362959734,6.800000000000001
Williamsburg,17.302325727456612,8
Orangeburg,17.063024739613677,4.1000000000000005
Jasper,16.885215438050654,8.3
Greenwood,16.178269862082598,4.6
Chesterfield,16.166815669427166,5.3
Abbeville,14.776368453233463,5.599999999999999
Laurens,14.719391009554345,5
Chester,14.400984867891983,6
Cherokee,13.795485777168448,4.300000000000001
Newberry,13.33688822568477,5.1
Edgefield,13.309040996364388,5.699999999999999
Colleton,13.298757324159222,6.4
Florence,12.633733586944363,3.0999999999999996
Kershaw,11.813267656098061,3.8
Oconee,11.044863415687836,4.300000000000001
Saluda,10.965684832440243,6.1000000000000005
Richland,10.787547291328728,2.1
Anderson,10.698955599816648,2.6
Sumter,10.224794450111657,3
Aiken,9.39380148678021,2.5
Horry,9.117507322253452,2.7
Dorchester,9.050915114367257,3.7000000000000006
Beaufort,8.484451550151723,3
Spartanburg,7.841059950739451,1.9
Charleston,7.540092008279137,2.2
Lancaster,7.385530591601242,3.4000000000000004
Berkeley,6.748868035561253,2.2
Lexington,6.28007225971528,1.9
Greenville,5.774179296342606,1.3999999999999997
Pickens,5.407365648896886,2.7999999999999994
York,4.705689932479306,1.7999999999999998
