county,pov,moe
Allendale,30.619008352956893,20.1
McCormick,29.37235404418925,18.5
Dillon,23.034304635324855,8.9
Lee,23.034304635324855,10.3
Barnwell,23.034304635324855,8.600000000000001
Fairfield,21.969325113226514,9.3
Calhoun,21.952854759625623,9.1
Bamberg,21.344343341969005,8.200000000000001
Jasper,21.081283487379306,8.3
Williamsburg,21.048334258050218,8
Marion,20.802939928773746,7.500000000000001
Marlboro,20.647120350252386,7.3
Georgetown,20.406567264106044,6.999999999999999
Union,20.256685739419776,6.800000000000001
Hampton,20.22388738358542,6.800000000000001
Clarendon,19.77856858117329,6.199999999999999
Darlington,19.320934913690053,5.599999999999999
Chesterfield,19.03828169713458,5.3
Abbeville,18.63835037998743,5.599999999999999
Greenwood,18.52547874358669,4.6
Laurens,18.41119596390564,5
Orangeburg,18.153795289520993,4.1000000000000005
Chester,18.131037974313383,6
Cherokee,17.365991080379935,4.300000000000001
Newberry,16.035928956211244,5.1
Florence,15.529977280624498,3.0999999999999996
Edgefield,15.302358850954572,5.699999999999999
Colleton,14.302693406758351,6.4
Kershaw,11.60258843346538,3.8
Richland,9.553169665869317,2.1
Anderson,8.401105011535067,2.6
Oconee,7.551754837725591,4.300000000000001
Sumter,6.308418740135005,3
Saluda,5.828829939244691,6.1000000000000005
Aiken,4.968738209908603,2.5
Horry,4.6090740942468384,2.7
Dorchester,4.386153307521606,3.7000000000000006
Beaufort,4.21312160736682,3
Spartanburg,4.109327381870501,1.9
Charleston,4.057681783873543,2.2
Lancaster,4.029794051968813,3.4000000000000004
Berkeley,4.012065631445684,2.2
Lexington,4.004439393816992,1.9
Greenville,4.001265023514956,1.3999999999999997
Pickens,4.0002520802721895,2.7999999999999994
York,4.000009758468901,1.7999999999999998
