county,pov,moe
Bennett,28.686737380519904,17.8
Jones,27.69010306383091,16.9
Faulk,26.460741219644813,15.2
Douglas,26.032692863049324,15.1
Mellette,25.60519835343864,13.600000000000001
Jackson,25.595328043985543,13.700000000000001
Fall River,23.474526234885545,11.600000000000001
Bon Homme,22.82686357574997,11.000000000000002
Buffalo,22.29732744871979,9.6
Tripp,21.997512982871008,9.1
Oglala Lakota,21.865716581636768,8.8
Lyman,21.253379574304706,8.3
Roberts,21.132368908186958,8.200000000000001
Charles Mix,20.80837404155149,8
Walworth,20.74551628375763,9.1
Ziebach,20.709845442019514,7.400000000000001
Dewey,20.576321217833392,7.3
Brule,20.1308155341263,7.7
Potter,20.111687047921027,10.1
Corson,20.097756103683054,6.599999999999999
Perkins,19.995489780175472,8.3
Day,19.791104933744972,7.1
Todd,19.762258084998212,6.1000000000000005
Miner,19.60960518035981,9.8
Davison,19.213196220135814,6.800000000000001
Lake,18.763426657711214,7.1
Clay,17.77653918573379,6.3
Gregory,17.740379639004686,5.4
Spink,17.29906795759135,5.3
Haakon,17.244073911714743,8.3
Pennington,16.456792807337134,2.9000000000000004
Hutchinson,15.84389196751318,9
Brown,15.755295398367608,4.4
Turner,15.680877558657546,5.2
Moody,15.285709454322898,4.1000000000000005
Custer,15.222461365060349,6.999999999999999
Hughes,14.616359323188236,5.2
Jerauld,13.87491647160711,7.199999999999999
Codington,13.803974195734392,3.2
Hamlin,13.76150649236411,6
Hanson,13.017116775597392,7.7
Lawrence,12.058001010185599,4.5
Grant,11.791986739777881,6.199999999999999
Edmunds,11.266054564174782,7.8
Hyde,9.658292355805502,6.7
Beadle,9.47758519240886,4.5
Minnehaha,9.452687407082761,1.7999999999999998
Lincoln,7.849826302803402,2.7
Union,7.440114440486156,3
McCook,7.298819333443593,4.4
Yankton,6.780438653732804,4.4
Marshall,6.357869906924887,4.8
Kingsbury,5.736592779017539,4.1000000000000005
McPherson,5.278544315418779,4.1000000000000005
Aurora,4.803101087318242,3.8
Meade,4.3656655668074436,3.4999999999999996
Brookings,4.036442110069712,3.9
Sully,4.0023837394349,7.7
Sanborn,3.3936347087804735,4.2
Clark,3.0939997412644695,4
Deuel,2.790648047179344,2.7999999999999994
Butte,2.589733078022593,3.0999999999999996
Hand,2.4314049380369442,4.300000000000001
Campbell,2.2610394739516084,3.7000000000000006
Stanley,2.1386983830279878,4.5
Harding,2.033580862207248,1.9
