county,pov,moe
Mellette,29.605198353438638,13.600000000000001
Bennett,28.597843835433885,17.8
Oglala Lakota,27.60519835343864,8.8
Jones,27.422002336536245,16.9
Faulk,26.25228878469688,15.2
Douglas,25.622417171084795,15.1
Todd,25.60519835343864,6.1000000000000005
Jackson,25.57192903768732,13.700000000000001
Fall River,23.170772686002433,11.600000000000001
Bon Homme,22.428173759258392,11.000000000000002
Buffalo,22.213834886491092,9.6
Tripp,21.966804913027847,9.1
Lyman,21.153476356856046,8.3
Roberts,21.0082930593796,8.200000000000001
Ziebach,20.701018712491067,7.400000000000001
Charles Mix,20.59228007752263,8
Dewey,20.535486003609403,7.3
Corson,20.095436745571742,6.599999999999999
Walworth,20.06950506637776,9.1
Brule,19.689675142447847,7.7
Day,19.41656435424253,7.1
Perkins,19.27508058698453,8.3
Potter,18.87593478830616,10.1
Davison,18.679900751591045,6.800000000000001
Miner,18.300689308372913,9.8
Lake,17.945229489571503,7.1
Gregory,17.06893214225436,5.4
Clay,16.85044661270355,6.3
Spink,16.498791493206923,5.3
Pennington,16.089815078397503,2.9000000000000004
Haakon,15.72732629912521,8.3
Brown,14.745204987008895,4.4
Turner,14.488653008021204,5.2
Moody,14.238581566298272,4.1000000000000005
Hutchinson,14.073593923476427,9
Custer,13.681197445459773,6.999999999999999
Hughes,13.283233407359257,5.2
Codington,12.692961954500348,3.2
Hamlin,12.296447137621373,6
Jerauld,12.290626871392766,7.199999999999999
Hanson,11.448374205194362,7.7
Lawrence,10.796328259257235,4.5
Grant,10.453341036999426,6.199999999999999
Edmunds,9.940756576607011,7.8
Hyde,8.712268068940029,6.7
Minnehaha,8.67872960347033,1.7999999999999998
Beadle,8.622917029981588,4.5
Lincoln,7.446951378626487,2.7
Union,7.158869496400704,3
McCook,7.056768695321283,4.4
Yankton,6.7142146782865595,4.4
Marshall,6.443236563351208,4.8
Kingsbury,6.055357291702314,4.1000000000000005
McPherson,5.778977085349725,4.1000000000000005
Aurora,5.498596588737454,3.8
Meade,5.247168504507771,3.4999999999999996
Brookings,5.064987247722068,3.9
Sully,5.0599481510169895,7.7
Sanborn,4.716632639083336,4.2
Clark,4.557299684191732,4
Deuel,4.396417973159148,2.7999999999999994
Butte,4.294547340824297,3.0999999999999996
Hand,4.21617597126465,4.300000000000001
Campbell,4.1296970277913365,3.7000000000000006
Stanley,4.069045040349556,4.5
Harding,4.016349021205111,1.9
