county,pov,moe
Mellette,27.755198353438644,13.600000000000001
Oglala Lakota,26.72519835343864,8.8
Todd,25.69519835343864,6.1000000000000005
Bennett,25.21923240874116,17.8
Jones,23.573946615424457,16.9
Jackson,23.040220643425418,13.700000000000001
Faulk,22.62007675027231,15.2
Douglas,21.845187276213906,15.1
Fall River,19.72171650095355,11.600000000000001
Tripp,19.50136522967953,9.1
Buffalo,19.31589269712437,9.6
Bon Homme,19.02871764240863,11.000000000000002
Ziebach,18.72305650901585,7.400000000000001
Corson,18.4664095765502,6.599999999999999
Lyman,18.26245392669644,8.3
Roberts,18.046672304277788,8.200000000000001
Dewey,18.03934638881764,7.3
Charles Mix,17.493630553956464,8
Walworth,17.117570983337085,9.1
Potter,16.862281089037573,10.1
Brule,16.641391595591625,7.7
Miner,16.539665416761633,9.8
Perkins,16.49088159691734,8.3
Day,16.387075001822197,7.1
Davison,15.822864235729964,6.800000000000001
Lake,15.50268273886187,7.1
Haakon,15.101703640670289,8.3
Hutchinson,14.8635697500215,9
Clay,14.773806376866622,6.3
Gregory,14.600629205387506,5.4
Spink,14.304393164662669,5.3
Custer,13.95642162957147,6.999999999999999
Jerauld,13.609365440427348,7.199999999999999
Hanson,13.540849043554653,7.7
Turner,13.515084492733148,5.2
Pennington,13.497170890546276,2.9000000000000004
Brown,13.307034200962603,4.4
Hamlin,13.139024288364206,6
Hughes,13.128711837223625,5.2
Edmunds,13.070986659204442,7.8
Moody,13.01876841232786,4.1000000000000005
Grant,12.634203111525345,6.199999999999999
Hyde,12.193284127941748,6.7
Codington,12.166487675682161,3.2
Lawrence,12.083999683804192,4.5
Beadle,11.339864671277866,4.5
McCook,10.619888562843185,4.4
Yankton,10.43659773266344,4.4
Marshall,10.412532662948548,4.8
Minnehaha,10.33991655221961,1.7999999999999998
Lincoln,10.197508146241645,2.7
Union,10.174701292133612,3
Sully,10.031260429687142,7.7
Kingsbury,9.925243269923188,4.1000000000000005
McPherson,9.720331274436123,4.1000000000000005
Aurora,9.389633671145074,3.8
Meade,9.05404918511,3.4999999999999996
Brookings,8.964856954961967,3.9
Sanborn,8.536381186853886,4.2
Clark,8.170415475341123,4
Deuel,7.47959272108813,2.7999999999999994
Butte,7.21744450627355,3.0999999999999996
Hand,7.123689558309125,4.300000000000001
Campbell,6.464396385671561,3.7000000000000006
Stanley,5.969096475632318,4.5
Harding,4.489172911828195,1.9
