county,pov,moe
Mellette,26.22706935479087,13.600000000000001
Bennett,23.60831247494502,17.8
Jackson,22.835467873163395,13.699999999999998
Jones,22.302887643865976,16.9
Oglala Lakota,21.858765897530223,8.8
Faulk,21.6219702713206,15.2
Douglas,20.55959598600109,15.1
Tripp,19.865267791491746,9.1
Corson,19.858648385802812,6.6000000000000005
Todd,19.75910536567093,6.1000000000000005
Buffalo,19.63184037302704,9.6
Fall River,19.557443208457983,11.600000000000001
Ziebach,19.495293087054666,7.400000000000001
Lyman,18.778045704196487,8.3
Bon Homme,18.704389251130344,11
Dewey,18.686702097236473,7.3
Roberts,18.592460630912047,8.2
Charles Mix,18.214994380020233,8
Potter,17.628139116211607,10.1
Walworth,17.54715305229686,9.1
Miner,17.533318051284596,9.8
Brule,17.337308327905692,7.7
Perkins,17.29060547981338,8.3
Day,17.288386108467684,7.1
Hutchinson,17.08467132457423,9
Haakon,16.972429824796972,8.3
Davison,16.925149272606063,6.800000000000001
Lake,16.879016156277125,7.1
Hanson,16.767874120838307,7.7
Edmunds,16.7334174406321,7.8
Jerauld,16.65913277204497,7.200000000000001
Clay,16.64844558030844,6.3
Custer,16.646674345819136,7.000000000000001
Gregory,16.48874087761201,5.4
Sully,16.47005611331408,7.7
Hyde,16.42156364509093,6.7
Grant,16.416599878003094,6.199999999999999
Spink,16.393054574610645,5.3
Hamlin,16.386375477867976,6
Turner,16.26261184091064,5.2
Hughes,16.227012113593645,5.2
Brown,16.10396855636545,4.4
Lawrence,16.03540680002547,4.5
Moody,16.011960538404402,4.1
Marshall,15.999634477150614,4.8
Beadle,15.962717578617255,4.5
Yankton,15.921665321031647,4.4
McCook,15.921225184981749,4.4
Kingsbury,15.83987276335049,4.1
Pennington,15.825519443758953,2.9000000000000004
McPherson,15.820495668765194,4.1
Sanborn,15.799739154565836,4.2
Codington,15.757274597111465,3.2
Brookings,15.745776688753171,3.9
Clark,15.7441195700414,4
Aurora,15.741594570479837,3.8
Hand,15.731630362123585,4.3
Stanley,15.722148214877762,4.5
Meade,15.679431044137901,3.5000000000000004
Union,15.633438170831566,3
Campbell,15.599859220985826,3.7000000000000006
Lincoln,15.57088681856465,2.7
Butte,15.542736688281792,3.0999999999999996
Deuel,15.51281181137062,2.7999999999999994
Minnehaha,15.404293915722883,1.8000000000000003
Harding,15.292918725626844,1.9
