county,pov,moe
Bennett,27.360938247836312,17.8
Jones,25.669149832880827,16.9
Mellette,25.60519835343864,13.600000000000001
Jackson,24.902900675862075,13.700000000000001
Faulk,24.66912198485395,15.2
Douglas,23.780739036003336,15.1
Oglala Lakota,21.865716581636768,8.8
Fall River,21.565182510955154,11.600000000000001
Tripp,21.2671590500945,9.1
Buffalo,21.163412528284866,9.6
Bon Homme,20.780691848531113,11.000000000000002
Ziebach,20.309354204227425,7.400000000000001
Lyman,20.062650261040492,8.3
Corson,19.889043830378338,6.599999999999999
Roberts,19.838319906404447,8.200000000000001
Dewey,19.77280414860367,7.3
Todd,19.762258084998212,6.1000000000000005
Charles Mix,19.230471324718916,8
Walworth,18.567696869549025,9.1
Brule,18.20027338528585,7.7
Day,17.967250037193644,7.1
Potter,17.916524773820807,10.1
Perkins,17.862355529213513,8.3
Miner,17.507290740610692,9.8
Davison,17.262066455552137,6.800000000000001
Lake,16.724498876044663,7.1
Clay,15.849885398068247,6.3
Gregory,15.845643996649972,5.4
Haakon,15.705950750994122,8.3
Spink,15.428961301168107,5.3
Hutchinson,15.052256082491128,9
Pennington,14.865052984142608,2.9000000000000004
Custer,14.281685826632327,6.999999999999999
Turner,14.210699316566627,5.2
Brown,14.151868395009949,4.4
Moody,13.789249319715807,4.1000000000000005
Jerauld,13.618349312027783,7.199999999999999
Hughes,13.569969881086239,5.2
Hanson,13.308419165063276,7.7
Hamlin,13.281983285751037,6
Codington,12.708724370866777,3.2
Edmunds,12.469935301126785,7.8
Grant,12.342270687520756,6.199999999999999
Lawrence,12.064668621866579,4.5
Hyde,11.400242882197567,6.7
Beadle,10.78830294577346,4.5
Minnehaha,10.126995719405915,1.7999999999999998
McCook,9.612713179537172,4.4
Lincoln,9.531717184216749,2.7
Union,9.380763256047537,3
Yankton,9.31069568360006,4.4
Marshall,9.133694118335043,4.8
Kingsbury,8.586613920030976,4.1000000000000005
McPherson,8.263559640349506,4.1000000000000005
Aurora,7.845154380970985,3.8
Sully,7.712652502128522,7.7
Meade,7.42638900839853,3.4999999999999996
Brookings,7.1835249174880484,3.9
Sanborn,6.5088768768413585,4.2
Clark,6.07122695819803,4
Deuel,5.445361745922137,2.7999999999999994
Butte,5.081334249770414,3.0999999999999996
Hand,4.795599664518072,4.300000000000001
Campbell,4.213834760887807,3.7000000000000006
Stanley,3.707143246990115,4.5
Harding,2.824960083597704,1.9
