county,pov,moe
San Juan,27.561010093930392,4.6
Piute,26.661010093930393,13.8
Garfield,25.851010093930395,10.4
Grand,20.68107966220025,7.400000000000001
Carbon,20.085450951657744,6.599999999999999
Kane,19.957007603202253,7.500000000000001
Sanpete,19.631562721407985,6
Emery,19.105595518885917,5.500000000000001
Millard,19.094477162686815,5.599999999999999
Duchesne,18.546304782460737,4.7
Sevier,17.749958460480663,4.2
Uintah,16.888083443362827,3.7000000000000006
Iron,16.65734091152817,3.9
Cache,16.31577621305898,2.1
Juab,16.302824290690424,4.1000000000000005
Washington,14.36956273800541,2
Weber,13.398884866856397,1.5
Salt Lake,12.233241645024474,0.8
Box Elder,11.911068612099179,2.1
Rich,11.048649896428707,7.199999999999999
Davis,10.569831816636988,1.5
Wayne,9.483072599534058,7.3
Utah,7.0293384784476,0.658
Wasatch,6.292648916136019,2.4
Beaver,5.602526787389054,4.5
Tooele,4.840786541559773,1.6
Summit,4.434257970577788,1.9
Morgan,4.167508925462739,1.3999999999999997
Daggett,4.030128202427903,1.7000000000000002
