county,pov,moe
San Juan,30.321010093930393,4.6
Piute,28.08601009393039,13.8
Garfield,25.851010093930395,10.4
Kane,15.076932009449207,7.500000000000001
Grand,15.04952304772359,7.400000000000001
Wayne,14.927814297323078,7.3
Rich,14.874661597957713,7.199999999999999
Carbon,14.6007500201813,6.599999999999999
Sanpete,14.273212195924541,6
Millard,14.003385557915774,5.599999999999999
Emery,13.950720837507264,5.500000000000001
Duchesne,13.498323829089815,4.7
Beaver,13.321692245809025,4.5
Sevier,13.196018550865915,4.2
Juab,13.126622426285028,4.1000000000000005
Iron,13.015418781362694,3.9
Uintah,12.904224194280012,3.7000000000000006
Wasatch,12.13098447226464,2.4
Cache,11.999751420644989,2.1
Box Elder,11.97522250187088,2.1
Washington,11.925991584438984,2
Summit,11.83309951552975,1.9
Daggett,11.699261676951705,1.7000000000000002
Tooele,11.667813506277918,1.6
Weber,11.638322971179333,1.5
Davis,11.63067260733167,1.5
Morgan,11.54196160861695,1.3999999999999997
Salt Lake,11.236777597844156,0.8
Utah,11.1428106635829,0.658
