county,pov,moe
San Juan,28.011010093930395,4.6
Piute,26.88601009393039,13.8
Garfield,25.873510093930392,10.4
Grand,20.722277260786637,7.400000000000001
Kane,20.559460468617125,7.500000000000001
Carbon,20.101146378260253,6.599999999999999
Sanpete,19.634306034675305,6
Millard,19.287438882427193,5.599999999999999
Emery,19.22805353162484,5.500000000000001
Duchesne,18.614727931078885,4.7
Sevier,18.11522249289497,4.2
Uintah,17.499284394715474,3.7000000000000006
Iron,17.419422227917277,3.9
Juab,17.200150399899705,4.1000000000000005
Cache,16.539754320527646,2.1
Washington,15.174916555630077,2
Weber,14.111929562118172,1.5
Salt Lake,12.698167951179299,0.8
Box Elder,12.09682602662642,2.1
Rich,10.299269809923798,7.199999999999999
Davis,10.242857527447532,1.5
Wayne,8.27249754600992,7.3
Utah,5.808951342791739,0.658
Wasatch,5.12696159704734,2.4
Beaver,4.6353479359542575,4.5
Tooele,4.234023740231374,1.6
Summit,4.084980419749646,1.9
Morgan,4.019981883356623,1.3999999999999997
Daggett,4.001513496717362,1.7000000000000002
