county,pov,moe
San Juan,28.551010093930394,4.6
Piute,27.201010093930396,13.8
Garfield,25.851010093930395,10.4
Grand,17.528332292792275,7.400000000000001
Sanpete,17.33215119677764,6
Carbon,17.294202072195265,6.599999999999999
Kane,16.261165056431608,7.500000000000001
Emery,15.774811213740577,5.500000000000001
Millard,15.638965738957753,5.599999999999999
Duchesne,15.455832833096478,4.7
Sevier,14.376979767014298,4.2
Rich,14.145123409331534,7.199999999999999
Wayne,13.925970460333426,7.3
Uintah,13.729809129993967,3.7000000000000006
Iron,13.685170180861292,3.9
Juab,13.635095254296814,4.1000000000000005
Cache,13.206149421837726,2.1
Washington,12.226564085574168,2
Box Elder,11.783564465602705,2.1
Weber,11.777316209604814,1.5
Beaver,11.570799783537558,4.5
Davis,11.271013901811704,1.5
Salt Lake,11.218088926320311,0.8
Wasatch,10.857858809960515,2.4
Utah,10.225959092423025,0.658
Tooele,9.841355866151616,1.6
Summit,9.554179943423073,1.9
Morgan,8.76392579459198,1.3999999999999997
Daggett,7.816584811546693,1.7000000000000002
