county,pov,moe
San Juan,25.76101009393039,4.6
Piute,25.76101009393039,13.8
Garfield,25.76101009393039,10.4
Kane,20.780067317247678,7.500000000000001
Grand,20.725010071694197,7.400000000000001
Carbon,20.101784749583466,6.599999999999999
Sanpete,19.634352165204753,6
Millard,19.321485560635477,5.599999999999999
Emery,19.24442243712719,5.500000000000001
Duchesne,18.621471449557816,4.7
Sevier,18.223969573620895,4.2
Juab,17.939085114621754,4.1000000000000005
Iron,17.90063220899663,3.9
Uintah,17.79918236328514,3.7000000000000006
Cache,16.593209837900993,2.1
Washington,16.11241748538812,2
Weber,15.30919193789366,1.5
Salt Lake,14.00888152015313,0.8
Box Elder,13.36301587802182,2.1
Davis,10.841586507125111,1.5
Rich,9.95937958458946,7.199999999999999
Wayne,7.1566059615603725,7.3
Utah,4.967121565013083,0.658
Wasatch,4.415077573722674,2.4
Beaver,4.1548963828517875,4.5
Tooele,4.035826439809288,1.6
Summit,4.007451511605237,1.9
Morgan,4.000828478958051,1.3999999999999997
Daggett,4.000016042040963,1.7000000000000002
