county,pov,moe
Piute,26.919731644629046,13.8
Garfield,23.105814242535715,10.4
Grand,19.539372931992975,7.400000000000001
Sanpete,19.28380649366006,6
San Juan,19.2665283307521,4.6
Carbon,19.256908632958698,6.6000000000000005
Emery,18.317988323559597,5.5
Kane,17.911906505342216,7.5
Duchesne,17.835371840132748,4.7
Millard,17.61597502278051,5.599999999999999
Sevier,16.646553477280715,4.2
Rich,16.44545332921063,7.200000000000001
Wayne,16.41814889448379,7.3
Uintah,16.394885056705004,3.7000000000000006
Iron,16.327387990136494,3.9
Juab,16.32223938774863,4.1
Cache,15.879806102004896,2.1
Beaver,15.686604581949846,4.5
Washington,15.57516041729552,2
Box Elder,15.497469854933573,2.1
Wasatch,15.412124502942667,2.4
Weber,15.365320649173043,1.5
Davis,15.310906212729886,1.5
Salt Lake,15.192172122228694,0.8
Summit,15.170524398945071,1.9
Tooele,15.148580740632214,1.6
Utah,15.110743456026194,0.6
Morgan,15.004523049659474,1.3999999999999997
Daggett,15.000259043654193,1.7000000000000002
