county,pov,moe
San Juan,31.26101009393039,4.6
Piute,28.511010093930395,13.8
Garfield,25.76101009393039,10.4
Grand,19.629019335701386,7.400000000000001
Carbon,19.382992653298725,6.599999999999999
Sanpete,19.29446326125399,6
Emery,17.60359307517327,5.500000000000001
Kane,17.41029478871653,7.500000000000001
Duchesne,17.35899049657781,4.7
Millard,17.335028964241225,5.599999999999999
Sevier,15.716693823751482,4.2
Uintah,14.682253048013367,3.7000000000000006
Cache,14.672495582455666,2.1
Iron,14.414802420224499,3.9
Juab,14.119237105797447,4.1000000000000005
Washington,12.567513431550573,2
Rich,12.40529398412943,7.199999999999999
Weber,11.912235284625833,1.5
Wayne,11.762357156439416,7.3
Box Elder,11.348280162810198,2.1
Salt Lake,11.166716153053754,0.8
Davis,10.625512999396856,1.5
Utah,8.854346432130491,0.658
Wasatch,8.8441489550385,2.4
Beaver,8.763619434502933,4.5
Tooele,7.3907718285225386,1.6
Summit,6.762048396206853,1.9
Morgan,5.925414166321034,1.3999999999999997
Daggett,5.018846778275038,1.7000000000000002
