county,pov,moe
Essex,32.00875200893217,7.7
Windham,26.508752008932174,4.300000000000001
Bennington,21.55875200893217,5
Washington,16.675612724286694,3.2
Caledonia,15.839388254385703,3.4000000000000004
Franklin,14.432058515942703,2.7
Orange,13.458917182543543,2.7
Orleans,12.2847944020406,2.4
Rutland,11.361903894336198,2.7
Chittenden,9.905512724981685,1.7999999999999998
Windsor,9.16600917773234,3
Lamoille,7.959611586621305,3.0999999999999996
Addison,6.512497630637128,2.1
Grand Isle,5.327437879690817,4.300000000000001
