county,pov,moe
Essex,21.00875200893217,7.7
Bennington,18.905293512293618,5
Windham,18.35995242057251,4.300000000000001
Caledonia,17.492911374144505,3.4000000000000004
Washington,17.450020314717456,3.2
Franklin,16.76090438387523,2.7
Orange,16.446088576601927,2.7
Orleans,15.730421294767327,2.4
Rutland,15.16911305828298,2.7
Chittenden,13.42600901999389,1.7999999999999998
Windsor,12.380842714784183,3
Lamoille,9.909080559143867,3.0999999999999996
Addison,6.476079497334884,2.1
Grand Isle,3.4845312645521984,4.300000000000001
