county,pov,moe
Essex,21.098752008932173,7.7
Windham,21.098752008932173,4.300000000000001
Bennington,21.098752008932173,5
Washington,16.253472226675882,3.2
Caledonia,16.07253316563814,3.4000000000000004
Franklin,15.191721026504851,2.7
Orange,14.770079310498222,2.7
Orleans,14.057355335927904,2.4
Rutland,13.634553598735536,2.7
Chittenden,12.312809077054771,1.7999999999999998
Windsor,12.017101337769367,3
Lamoille,10.728268170321252,3.0999999999999996
Addison,8.494397372446654,2.1
Grand Isle,6.171453351630898,4.300000000000001
