county,pov,moe
Essex,22.4024640673617,7.7
Bennington,18.897026078142172,5
Windham,18.466877514826038,4.3
Caledonia,17.24583339727812,3.4000000000000004
Grand Isle,17.200916388131336,4.3
Washington,17.151980729911344,3.2
Franklin,16.646029509878986,2.7
Orange,16.646029509878986,2.7
Rutland,16.638731102009626,2.7
Lamoille,16.608534027308632,3.0999999999999996
Windsor,16.570844417686157,3
Orleans,16.456649868453,2.4
Addison,16.07977868799707,2.1
Chittenden,16.03570020458179,1.8000000000000003
