county,pov,moe
Essex,21.458752008932173,7.7
Windham,21.23375200893217,4.300000000000001
Bennington,21.03125200893217,5
Caledonia,17.554536159750413,3.4000000000000004
Washington,17.446268826040033,3.2
Franklin,16.889567905073623,2.7
Orange,16.61658828415359,2.7
Orleans,15.84625312530322,2.4
Rutland,14.993972721376622,2.7
Chittenden,12.682272934618613,1.7999999999999998
Windsor,10.502285712616075,3
Lamoille,7.4436116457871835,3.0999999999999996
Addison,5.138747094729882,2.1
Grand Isle,4.1621395637542165,4.300000000000001
