county,pov,moe
Essex,24.00875200893217,7.7
Windham,22.50875200893217,4.300000000000001
Bennington,21.158752008932172,5
Caledonia,17.606561204334238,3.4000000000000004
Washington,17.452925092412958,3.2
Franklin,17.0460430639599,2.7
Orange,16.973245104750976,2.7
Orleans,16.457680532866195,2.4
Rutland,15.678069647403186,2.7
Chittenden,12.402749758696133,1.7999999999999998
Windsor,8.397428763190682,3
Lamoille,5.15876288321844,3.0999999999999996
Addison,4.1455362912289875,2.1
Grand Isle,4.004741631141815,4.300000000000001
