county,pov,moe
Essex,25.301167409606894,7.7
Bennington,18.897026078142172,5
Windham,18.589500467727323,4.3
Caledonia,16.91315459119876,3.4000000000000004
Washington,16.86601209100481,3.2
Grand Isle,16.371525241646058,4.3
Franklin,16.289557326694652,2.7
Orange,16.289557326694652,2.7
Rutland,16.277544887616678,2.7
Orleans,16.13559545565927,2.4
Lamoille,16.02392054135372,3.0999999999999996
Windsor,16.013758297021262,3
Chittenden,15.758886467871184,1.8000000000000003
Addison,15.677724699568904,2.1
