county,pov,moe
Essex,21.00875200893217,7.7
Bennington,18.905293512293618,5
Windham,18.35995242057251,4.300000000000001
Caledonia,17.63878640450355,3.4000000000000004
Washington,17.482987735003018,3.2
Franklin,17.093251014272628,2.7
Orange,17.091585131252742,2.7
Rutland,17.01162089888644,2.7
Orleans,16.846874366238268,2.4
Chittenden,15.915094416184445,1.7999999999999998
Windsor,14.366396382331912,3
Lamoille,6.871969415579484,3.0999999999999996
Addison,2.403429492364241,2.1
Grand Isle,2.004006801584916,4.300000000000001
