county,pov,moe
Essex,21.283752008932172,7.7
Windham,21.14625200893217,4.300000000000001
Bennington,21.02250200893217,5
Caledonia,17.604884603130344,3.4000000000000004
Washington,17.4528168499746,3.2
Franklin,17.04019144080054,2.7
Orange,16.965349894035405,2.7
Orleans,16.49177889028013,2.4
Rutland,15.969478882235306,2.7
Chittenden,13.450916539642629,1.7999999999999998
Windsor,10.103847130877886,3
Lamoille,6.0948589092751675,3.0999999999999996
Addison,4.356117841494228,2.1
Grand Isle,4.017252991457222,4.300000000000001
