county,pov,moe
Essex,37.25007123276084,7.7
Windham,27.425364454658652,4.3
Bennington,22.79546002187206,5
Caledonia,17.649977733136677,3.4000000000000004
Washington,17.61567785394935,3.2
Grand Isle,16.763926578404632,4.3
Franklin,16.720484156703066,2.7
Orange,16.720484156703066,2.7
Rutland,16.70184098376535,2.7
Orleans,16.512747541124757,2.4
Lamoille,16.31889781976101,3.0999999999999996
Windsor,16.307273350488526,3
Chittenden,15.995463810528621,1.8000000000000003
Addison,15.872056318974014,2.1
