county,pov,moe
Essex,22.414115698516152,7.7
Bennington,18.897026078142172,5
Windham,18.468674302611756,4.3
Caledonia,17.2466709201556,3.4000000000000004
Grand Isle,17.200916388131336,4.3
Washington,17.154521322403752,3.2
Franklin,16.648135708860888,2.7
Orange,16.646328596743036,2.7
Rutland,16.63769416899809,2.7
Lamoille,16.60775370732339,3.0999999999999996
Windsor,16.569416830918712,3
Orleans,16.457371337144178,2.4
Addison,16.080689002654427,2.1
Chittenden,16.03398984026808,1.8000000000000003
