county,pov,moe
Essex,25.568752008932172,7.7
Windham,23.333752008932173,4.300000000000001
Bennington,21.098752008932173,5
Grand Isle,12.836170587080739,4.300000000000001
Caledonia,12.425471625568237,3.4000000000000004
Washington,12.332217689724704,3.2
Lamoille,12.204362966144048,3.0999999999999996
Windsor,12.157363944133701,3
Franklin,12.027250006458985,2.7
Orange,12.019273608012451,2.7
Rutland,12.00554220463584,2.7
Orleans,11.84630315974449,2.4
Addison,11.643025116594638,2.1
Chittenden,11.501763065105623,1.7999999999999998
