county,pov,moe
Jefferson,25.335034398194555,7.3
Adams,23.10003439819456,7.400000000000001
Okanogan,20.865034398194556,4.9
Garfield,19.542732818257466,13.3
Wahkiakum,18.640290589345472,11.8
Lincoln,16.14538997772489,7.7
Klickitat,15.629071813409196,6.9
Ferry,15.292398219118827,6.3
Pend Oreille,14.71856080254082,5.4
Columbia,14.536240423864582,5.2
Asotin,14.458897099200192,4.9
Kittitas,14.34390519728035,4.8
Mason,14.244055549966378,4.6
Stevens,14.172568088445017,4.5
Grays Harbor,14.078662022533525,4.300000000000001
Skamania,13.995229488231665,4.300000000000001
Pacific,13.973690150718173,4.2
Grant,13.69037031421334,3.7000000000000006
San Juan,13.539115856446472,3.4999999999999996
Clallam,13.481587480534182,3.4000000000000004
Chelan,13.413403542617466,3.2999999999999994
Franklin,13.375475682381834,3.2
Skagit,13.320740656532863,3.0999999999999996
Whitman,13.28108213196253,3.0999999999999996
Douglas,13.275870236139795,3.0999999999999996
Lewis,13.1779647611655,2.9000000000000004
Cowlitz,13.066027090812938,2.7
Walla Walla,12.912874269038143,2.5
Yakima,12.908045281100808,2.4
Whatcom,12.743868539605078,2.2
Island,12.699849504064867,2.2
Benton,12.6315265916221,2
Thurston,12.496307806094016,1.7999999999999998
Spokane,12.319842280219772,1.5
Kitsap,12.309639112421603,1.5
Clark,12.189487357006952,1.3
Snohomish,11.929277975574628,0.8999999999999999
Pierce,11.880816467895215,0.8
King,11.785031627347381,0.658
