county,pov,moe
Garfield,23.1902335531189,13.3
Wahkiakum,22.459858378299923,11.8
Jefferson,20.887705067235583,7.3
Adams,20.7982081180582,7.400000000000001
Lincoln,19.94475626023073,7.7
Klickitat,19.181377179429436,6.9
Ferry,19.047890797734986,6.3
Okanogan,18.819085556579328,4.9
Asotin,18.422433506826295,4.9
Pend Oreille,18.401162838317973,5.4
Grays Harbor,17.972438704972948,4.3
Mason,17.956692207136737,4.6
Kittitas,17.90377152111603,4.8
Stevens,17.84280711181615,4.5
Columbia,17.67134337265248,5.2
Pacific,17.510447844591543,4.2
Grant,17.37186006544584,3.7000000000000006
Skamania,17.266816642345677,4.3
San Juan,17.053695229224843,3.5000000000000004
Franklin,17.0156677086113,3.2
Clallam,17.011544146900185,3.4000000000000004
Skagit,16.967670376516043,3.0999999999999996
Chelan,16.906163197704583,3.3000000000000003
Lewis,16.72802365707533,2.9000000000000004
Whitman,16.703381405274154,3.0999999999999996
Douglas,16.680161779442148,3.0999999999999996
Cowlitz,16.662041928122694,2.7
Yakima,16.60848660019924,2.4
Walla Walla,16.363390914058566,2.5
Whatcom,16.28410566192637,2.2
Benton,16.205932147674506,2
Island,16.12605024509045,2.2
Thurston,16.004161873816162,1.8000000000000003
Spokane,15.88277412080606,1.5
Kitsap,15.828971111079019,1.5
Clark,15.72362555980223,1.3
Snohomish,15.480688652793088,0.9000000000000001
Pierce,15.439248203800924,0.8
King,15.323615129344729,0.6
