county,pov,moe
Garfield,25.240947618147818,13.3
Wahkiakum,24.14776688402968,11.8
Lincoln,20.95851756401589,7.7
Jefferson,20.775034398194556,7.3
Adams,20.775034398194556,7.400000000000001
Okanogan,20.775034398194556,4.9
Klickitat,20.23510878524106,6.9
Ferry,19.867988602545317,6.3
Pend Oreille,19.146140084079114,5.4
Asotin,18.77738747143595,4.9
Kittitas,18.553943963307688,4.8
Mason,18.543200171838674,4.6
Stevens,18.4591254592777,4.5
Grays Harbor,18.309948510604933,4.300000000000001
Pacific,17.87474508113897,4.2
Grant,17.841569015579832,3.7000000000000006
Franklin,17.44218914223939,3.2
Skagit,17.373270140580736,3.0999999999999996
Cowlitz,17.033510295958333,2.7
Yakima,16.829721713556,2.4
Clallam,16.766090519504154,3.4000000000000004
Lewis,16.696107375935394,2.9000000000000004
Benton,16.320069829409082,2
San Juan,15.682077225395187,3.4999999999999996
Spokane,14.965023353623344,1.5
Whatcom,13.902417636799527,2.2
Chelan,13.256237029437262,3.2999999999999994
Thurston,10.970312131661201,1.7999999999999998
Clark,9.15864802783587,1.3
Kitsap,7.662913096427554,1.5
Pierce,6.240036872685954,0.8
Whitman,5.514321051773223,3.0999999999999996
Walla Walla,4.782726201431765,2.5
Douglas,4.3951873744455066,3.0999999999999996
King,4.147542799876529,0.658
Snohomish,4.0559799307358295,0.8999999999999999
Skamania,4.020123749865318,4.300000000000001
Columbia,4.003864202121894,5.2
Island,4.000137892874575,2.2
