county,pov,moe
Garfield,25.340347743285896,13.3
Wahkiakum,24.18246218448334,11.8
Lincoln,20.98874033157795,7.7
Adams,20.775034398194556,7.400000000000001
Jefferson,20.69712852794868,7.3
Klickitat,20.349875570873586,6.9
Ferry,19.898066435084427,6.3
Pend Oreille,19.194458843103135,5.4
Okanogan,18.827387642047746,4.9
Asotin,18.80738763972468,4.9
Kittitas,18.70433238303519,4.8
Mason,18.57364215785646,4.6
Stevens,18.495119677262366,4.5
Grays Harbor,18.339952324543194,4.300000000000001
Pacific,18.187270352853982,4.2
Grant,17.87245214716514,3.7000000000000006
Franklin,17.481813946406454,3.2
Clallam,17.42141463655405,3.4000000000000004
Skagit,17.404940301144958,3.0999999999999996
Lewis,17.12728311479911,2.9000000000000004
Cowlitz,17.089482813891138,2.7
San Juan,17.05813434374535,3.4999999999999996
Yakima,16.85974023165717,2.4
Benton,16.509773338080972,2
Spokane,15.816726964522635,1.5
Whatcom,15.638773073683796,2.2
Chelan,15.633335267413178,3.2999999999999994
Thurston,13.417308020325391,1.7999999999999998
Clark,11.389742121744668,1.3
Kitsap,9.248085922682648,1.5
Pierce,6.662963087791729,0.8
Whitman,5.05022932438508,3.0999999999999996
Walla Walla,3.480555105484474,2.5
Douglas,2.6654518011193686,3.0999999999999996
King,2.21928684365921,0.658
Snohomish,2.069269155345422,0.8999999999999999
Skamania,2.0192896060435586,4.300000000000001
Columbia,2.002688063414194,5.2
Island,2.0000545570650825,2.2
