county,pov,moe
Jefferson,21.354886361139403,7.3
Adams,20.877182290723628,7.400000000000001
Garfield,20.035048716668904,13.3
Wahkiakum,19.90403571703175,11.8
Okanogan,18.819085556579328,4.9
Lincoln,18.368406511752873,7.7
Asotin,17.776946439781078,4.9
Ferry,17.755968964161443,6.3
Klickitat,17.47049314035756,6.9
Grays Harbor,17.366861756238052,4.3
Pend Oreille,17.21516361008954,5.4
Mason,17.01229479922899,4.6
Stevens,16.858058197141784,4.5
Kittitas,16.706423348118864,4.8
Grant,16.608362077554688,3.7000000000000006
Pacific,16.429706768058065,4.2
Franklin,16.312689546719728,3.2
Skagit,16.305130288742102,3.0999999999999996
Yakima,16.201826914877433,2.4
Clallam,16.10675108629306,3.4000000000000004
San Juan,16.10493400640259,3.5000000000000004
Cowlitz,16.022152746992933,2.7
Chelan,15.977781800951728,3.3000000000000003
Lewis,15.972718879589312,2.9000000000000004
Columbia,15.824635622521782,5.2
Skamania,15.806268985286556,4.3
Whitman,15.729022916179659,3.0999999999999996
Benton,15.700896180025193,2
Douglas,15.679315497233409,3.0999999999999996
Whatcom,15.678446025307165,2.2
Walla Walla,15.56496678862336,2.5
Spokane,15.480892156911338,1.5
Thurston,15.456655182818269,1.8000000000000003
Kitsap,15.363135637218106,1.5
Island,15.33916905072582,2.2
Clark,15.326779269978072,1.3
Pierce,15.188134946110878,0.8
Snohomish,15.182925389400047,0.9000000000000001
King,15.128748630149062,0.6
