county,pov,moe
Jefferson,25.650034398194556,7.3
Garfield,24.849151331815754,13.3
Wahkiakum,24.084910486601842,11.8
Adams,23.212534398194556,7.400000000000001
Okanogan,21.018784398194555,4.9
Lincoln,20.95136229498066,7.7
Ferry,19.864632602972172,6.3
Klickitat,19.82952368040619,6.9
Pend Oreille,19.000740777122296,5.4
Asotin,18.777343703123837,4.9
Mason,18.532157334946053,4.6
Stevens,18.391960294577185,4.5
Grays Harbor,18.309558094764636,4.300000000000001
Kittitas,18.068800704037987,4.8
Grant,17.823932018442544,3.7000000000000006
Franklin,17.351488999442473,3.2
Skagit,17.34608797128984,3.0999999999999996
Pacific,17.090240988740042,4.2
Cowlitz,16.858671091373832,2.7
Yakima,16.8285722307169,2.4
Lewis,15.78791563832101,2.9000000000000004
Benton,15.780561207546299,2
Clallam,15.63970116386057,3.4000000000000004
San Juan,14.28031471442743,3.4999999999999996
Spokane,13.810658759584571,1.5
Whatcom,12.636303694508019,2.2
Chelan,12.12646910082032,3.2999999999999994
Thurston,10.319907832454033,1.7999999999999998
Clark,9.002765416391254,1.3
Kitsap,7.956661433502468,1.5
Pierce,6.805222853103365,0.8
Whitman,6.2764971947036505,3.0999999999999996
Walla Walla,5.45388071112516,2.5
Douglas,4.930811361401726,3.0999999999999996
King,4.453538050053263,0.658
Snohomish,4.233759924553697,0.8999999999999999
Skamania,4.1220315403656524,4.300000000000001
Columbia,4.0389545720915105,5.2
Island,4.0035570312531865,2.2
