county,pov,moe
Jefferson,24.315034398194555,7.3
Adams,22.590034398194554,7.400000000000001
Okanogan,20.865034398194556,4.9
Garfield,20.052419512973337,13.3
Wahkiakum,19.55109736118091,11.8
Lincoln,17.273730702661904,7.7
Ferry,16.458093290671194,6.3
Asotin,16.0781538839473,4.9
Klickitat,15.958140276996039,6.9
Grays Harbor,15.399435941915424,4.300000000000001
Pend Oreille,15.214600261079406,5.4
Mason,15.134809747448314,4.6
Stevens,14.773014813056374,4.5
Kittitas,14.581443244242557,4.8
Grant,14.46599137871678,3.7000000000000006
Pacific,14.085890068078768,4.2
Skagit,14.004296694862884,3.0999999999999996
Yakima,13.967259240711382,2.4
Franklin,13.877121563366268,3.2
Clallam,13.472943180750816,3.4000000000000004
Cowlitz,13.442237815740432,2.7
San Juan,13.408356097126111,3.4999999999999996
Lewis,13.226614205506262,2.9000000000000004
Chelan,13.155252154234445,3.2999999999999994
Benton,12.783838203938346,2
Columbia,12.778232761858321,5.2
Whitman,12.641563710220986,3.0999999999999996
Skamania,12.601105289783787,4.300000000000001
Whatcom,12.562641146571385,2.2
Douglas,12.430865400367917,3.0999999999999996
Spokane,12.25822025580405,1.5
Walla Walla,12.200380371478353,2.5
Thurston,12.195807955231498,1.7999999999999998
Kitsap,11.879977818875217,1.5
Clark,11.833287970660246,1.3
Pierce,11.397867165773212,0.8
King,10.94300462205994,0.658
Snohomish,10.942873818325326,0.8999999999999999
Island,10.699328879200872,2.2
