county,pov,moe
Jefferson,23.565034398194555,7.3
Adams,22.215034398194557,7.400000000000001
Okanogan,20.865034398194556,4.9
Garfield,20.61398648537449,13.3
Wahkiakum,20.345484978457424,11.8
Lincoln,18.109853682670483,7.7
Ferry,17.279946342852057,6.3
Asotin,16.932619023372244,4.9
Klickitat,16.34761230321858,6.9
Grays Harbor,16.20823925251438,4.300000000000001
Mason,15.82464833443864,4.6
Pend Oreille,15.705044713920543,5.4
Stevens,15.317784034317954,4.5
Grant,15.091725704074257,3.7000000000000006
Kittitas,14.890278953820612,4.8
Yakima,14.670592529149179,2.4
Skagit,14.577809239887458,3.0999999999999996
Franklin,14.351450848051584,3.2
Pacific,14.295199290826357,4.2
Cowlitz,13.833266369416531,2.7
Clallam,13.57928552676505,3.4000000000000004
San Juan,13.410477119541438,3.4999999999999996
Lewis,13.377140013149827,2.9000000000000004
Chelan,13.0410598379879,3.2999999999999994
Benton,13.010564568254573,2
Whatcom,12.511584442236465,2.2
Spokane,12.308208726039972,1.5
Whitman,12.15227116765883,3.0999999999999996
Thurston,12.031796504518102,1.7999999999999998
Douglas,11.726504007310197,3.0999999999999996
Walla Walla,11.629776708134429,2.5
Clark,11.612407397277218,1.3
Kitsap,11.588817903341358,1.5
Skamania,11.313865825992172,4.300000000000001
Columbia,11.10297385294249,5.2
Pierce,11.047837360931927,0.8
King,10.215233995297575,0.658
Snohomish,10.061050171006448,0.8999999999999999
Island,8.73849959066745,2.2
