county,pov,moe
Menominee,33.31101209355947,10.7
Richland,19.17308553255314,5.5
Price,19.1308476428307,5.3
Green Lake,18.50389437238461,5.599999999999999
Crawford,18.265425072460417,5.700000000000001
Vernon,18.047083694309528,4.4
Sawyer,17.997849153088552,5.2
Adams,17.847881668317218,4.3
Forest,17.846370100551052,5
Ashland,17.26873756998729,4.5
Vilas,17.21527269576838,4.2
Rusk,16.99551211990816,4.4
Iron,16.97603310318028,4.8
Door,16.93221049301444,4.9
Barron,16.782194240876454,3.8
Langlade,16.74693506803314,4.7
Bayfield,16.746779861620315,3.8
Clark,16.57307697311562,3.0999999999999996
Washburn,16.461108314669367,3.2
Waushara,16.40592899357166,3.0999999999999996
Jackson,16.349544083587798,3.0999999999999996
Douglas,16.33099523741185,3.4000000000000004
Florence,16.325890254706366,4.4
Marquette,16.30200311285395,3.4000000000000004
Lafayette,16.291131827541584,3.5000000000000004
Monroe,16.267155255062015,3.0999999999999996
Grant,16.252589301378958,3
Pepin,16.195730994419474,3.9
Oneida,16.147545970808093,3.5000000000000004
Marinette,16.132306514942517,3.6000000000000005
Burnett,16.05696680618,2.7
Juneau,16.04480832277765,2.4
Chippewa,16.040727274572937,2.7999999999999994
Lincoln,16.03761265637673,2.9000000000000004
Fond du Lac,16.021650924139504,2.9000000000000004
Racine,15.991025519320337,2.2
Kenosha,15.988016551590139,2.4
Milwaukee,15.974641859376582,1.2
Manitowoc,15.91227953050244,2.4
Winnebago,15.760232942085366,2
Shawano,15.739816186445848,2.1
Wood,15.733151580868629,2.2
Polk,15.729526489844917,2.3
Rock,15.714954435079441,1.8000000000000003
Sauk,15.697807946808181,2.2
Eau Claire,15.688423086842947,2.5
Buffalo,15.681534653871873,2.7
Waupaca,15.6690412369661,2.3
Taylor,15.63926869421501,2.3
Sheboygan,15.63334923989551,2.3
Dodge,15.62744111617101,2.3
Jefferson,15.609783252847025,2.3
Pierce,15.60182875326863,2.7999999999999994
Walworth,15.594521135991782,2.1
Dunn,15.58764340748543,2.4
Green,15.551601216194575,2.3
Portage,15.550738469474357,2
Kewaunee,15.539614640284627,2.6
Columbia,15.538673123528312,2.2
Brown,15.520227159948666,1.5
Iowa,15.47263224821817,1.8000000000000003
Marathon,15.448834524650348,1.6
Oconto,15.43620650656185,1.8000000000000003
Trempealeau,15.347857259010878,1.6
La Crosse,15.342731407695439,1.8000000000000003
Outagamie,15.318306845721274,1.3
Calumet,15.31637083987578,1.6
St. Croix,15.29686095027911,1.6
Dane,15.277662266392245,1.1
Ozaukee,15.231251625494876,1.5
Washington,15.212904448558929,1.3
Waukesha,15.160432083258266,0.9000000000000001
