county,pov,moe
Calhoun,31.360962514502905,18.1
Clay,30.2359625145029,11.700000000000001
McDowell,29.223462514502902,9.9
Wirt,27.654154949843583,16.3
Summers,24.230331703754207,11.9
Roane,23.216505466556626,10.6
Ritchie,23.039947265074183,10.4
Hardy,22.826644157725458,10.2
Hampshire,22.511817861062237,9.9
Barbour,22.348299131372286,9.5
Jackson,22.326892302013164,9.5
Pocahontas,22.197865884178285,10
Lincoln,21.910422204221582,9.2
Wyoming,21.76500127103499,8.8
Mingo,21.737770714928565,8.7
Logan,21.341619968014925,8.200000000000001
Webster,20.789392471416956,9
Mason,20.67340280225551,8.200000000000001
Pendleton,20.157268941946832,9.9
Fayette,19.848823891028783,6.4
Greenbrier,19.669797062985882,6.5
Taylor,19.490170284986753,8.200000000000001
Lewis,19.10055524171308,7.1
Mercer,18.987587143308087,6.199999999999999
Raleigh,18.842007629844325,5.3
Monroe,15.371448228587075,11.000000000000002
Marshall,15.187303834366938,6.5
Cabell,14.984246297663653,3.7000000000000006
Marion,14.889593867428392,4.6
Kanawha,14.743047551563105,2.5
Upshur,14.192476000431073,6.3
Braxton,13.092336239791194,8.4
Mineral,11.478325425455724,6.999999999999999
Randolph,10.048161084794566,5.699999999999999
Preston,9.329011387420518,6.5
Nicholas,8.261531000589521,5.699999999999999
Wood,7.061910880734419,3.2999999999999994
Harrison,6.589707822245326,4.2
Putnam,6.227892166171638,5.800000000000001
Wayne,5.734079412442249,5.800000000000001
Morgan,5.421798301893713,7.199999999999999
Monongalia,4.9101691527488915,4
Doddridge,4.726530252578162,12.699999999999998
Hancock,4.722751253682513,5.3
Boone,4.355326567761077,4.300000000000001
Ohio,4.23937443938977,3.7000000000000006
Tucker,4.176835923735295,5.3
Wetzel,4.119539996373208,5.9
Berkeley,4.060884596302495,2.1
Tyler,4.0481698493323695,7.400000000000001
Brooke,4.023665724539396,5
Jefferson,4.010073341510724,2.3
Grant,4.005430795556665,7.199999999999999
Gilmer,4.001588165056175,7.199999999999999
Pleasants,4.000124547079176,3
