county,pov,moe
Calhoun,33.670962514502904,18.1
Clay,31.4359625145029,11.700000000000001
McDowell,29.200962514502905,9.9
Wirt,18.30731145216246,16.3
Doddridge,16.34395084967542,12.699999999999998
Summers,16.06322803849613,11.9
Monroe,15.508572977704912,11.000000000000002
Roane,15.382994510142145,10.6
Ritchie,15.256901675653985,10.4
Hardy,15.143160314703985,10.2
Pocahontas,15.023793567848045,10
Hampshire,14.983093993703841,9.9
Pendleton,14.958711004201536,9.9
Barbour,14.798821503144968,9.5
Jackson,14.790637566962669,9.5
Lincoln,14.621197933476497,9.2
Webster,14.504257881407595,9
Mingo,14.43360719528903,8.7
Wyoming,14.427669104782284,8.8
Braxton,14.176319673928495,8.4
Logan,14.135361361592267,8.200000000000001
Mason,14.098700577946971,8.200000000000001
Taylor,14.090134374105928,8.200000000000001
Tyler,13.619494972228937,7.400000000000001
Morgan,13.543975882812376,7.199999999999999
Lewis,13.528674536923301,7.1
Grant,13.501060451858176,7.199999999999999
Gilmer,13.491712482928527,7.199999999999999
Mineral,13.458244591570187,6.999999999999999
Greenbrier,13.231565428307096,6.5
Marshall,13.209965365319457,6.5
Preston,13.198714929858872,6.5
Fayette,13.189779518570607,6.4
Upshur,13.105769051445805,6.3
Mercer,13.071506722127937,6.199999999999999
Wetzel,12.862213731994462,5.9
Putnam,12.83310433891544,5.800000000000001
Wayne,12.831064669375866,5.800000000000001
Randolph,12.791530823067939,5.699999999999999
Nicholas,12.78782258320343,5.699999999999999
Raleigh,12.618340968139313,5.3
Hancock,12.569275036523486,5.3
Tucker,12.559242120180272,5.3
Brooke,12.39249596136885,5
Marion,12.239248535773704,4.6
Boone,12.054262857929562,4.300000000000001
Harrison,12.017472729673992,4.2
Monongalia,11.907673610583412,4
Cabell,11.780180304459934,3.7000000000000006
Ohio,11.74572424543425,3.7000000000000006
Wood,11.559276298965058,3.2999999999999994
Pleasants,11.341978074330129,3
Kanawha,11.167352627103968,2.5
Jefferson,11.013058014741697,2.3
Berkeley,10.921905433846073,2.1
