county,pov,moe
Niobrara,32.940444286304775,22.900000000000002
Hot Springs,32.940444286304775,14.100000000000001
Johnson,32.940444286304775,11.1
Albany,20.200850119453676,8.7
Converse,18.473504568606835,8
Platte,17.899012829598604,11.199999999999998
Carbon,17.668077463240937,6.1000000000000005
Big Horn,15.975832408468188,6
Fremont,14.629178686460051,3.2
Sweetwater,14.458463026367774,4.5
Sublette,13.442301926964904,7.3
Park,13.246627590912984,4.4
Weston,12.020110660328461,7.7
Laramie,11.877493784056348,3
Natrona,10.596505264690437,2.9000000000000004
Goshen,10.120540750320048,5.1
Teton,8.688169114167254,5.800000000000001
Campbell,8.563783009386691,3
Lincoln,7.145707450225982,3.4999999999999996
Sheridan,6.308606074595781,3.5999999999999996
Washakie,5.800427801383735,5.9
Uinta,4.502744741400669,4.5
Crook,3.0607298704562877,1.3999999999999997
