county,pov,moe
Niobrara,32.85044428630478,22.900000000000002
Hot Springs,25.99472770466801,14.100000000000001
Johnson,23.657551597291832,11.1
Albany,21.700211814791995,8.7
Platte,20.91284306143779,11.199999999999998
Converse,20.735871421565655,8
Carbon,19.521411733557805,6.1000000000000005
Big Horn,18.51322573698118,6
Sweetwater,16.950126709422165,4.5
Fremont,16.822774003948577,3.2
Park,15.593899630807663,4.4
Sublette,15.399157147069895,7.3
Laramie,13.907650096351315,3
Weston,12.917632657289843,7.7
Natrona,11.908822755125371,2.9000000000000004
Goshen,10.389512793441533,5.1
Campbell,8.300621630698936,3
Teton,7.7340346125136765,5.800000000000001
Lincoln,5.885015578786118,3.4999999999999996
Sheridan,4.739079140172054,3.5999999999999996
Washakie,3.916933137238838,5.9
Uinta,2.924485836734836,4.5
Crook,2.2239669138005347,1.3999999999999997
