county,pov,moe
Niobrara,36.45304722294592,22.899999999999995
Hot Springs,26.195482771413857,14.099999999999998
Johnson,23.65139789347562,11.1
Platte,22.426489190483068,11.199999999999998
Albany,21.421418789803518,8.7
Converse,20.86968624439876,8
Weston,19.73914925206027,7.7
Sublette,19.6056634357855,7.3
Carbon,19.493435350099595,6.1000000000000005
Big Horn,19.05574639372834,6
Teton,18.377848026666612,5.800000000000001
Washakie,18.326249797128373,5.9
Goshen,18.0679912039611,5.1
Sweetwater,18.001101674915677,4.5
Park,17.851234196017828,4.4
Uinta,17.532116370704244,4.5
Fremont,17.28397313381032,3.2
Sheridan,17.045172688645962,3.6000000000000005
Lincoln,17.011298596696182,3.5000000000000004
Laramie,16.90360135774401,3
Natrona,16.81921077560102,2.9000000000000004
Campbell,16.777403646329137,3
Crook,15.716577428693924,1.3999999999999997
