county,pov,moe
Niobrara,40.72544428630477,22.900000000000002
Hot Springs,36.78794428630477,14.100000000000001
Johnson,33.244194286304776,11.1
Albany,20.623450133472208,8.7
Converse,18.025525206832143,8
Carbon,17.70656427080533,6.1000000000000005
Platte,15.989006979527199,11.199999999999998
Big Horn,15.10143976985848,6
Fremont,14.253117588424228,3.2
Sweetwater,13.534195707505711,4.5
Park,12.055018872068727,4.4
Sublette,11.727983130877792,7.3
Laramie,10.802359926974415,3
Weston,10.318786639806152,7.7
Natrona,9.524099992426118,2.9000000000000004
Goshen,8.9042573762474,5.1
Campbell,7.794405449199582,3
Teton,7.767693263947631,5.800000000000001
Lincoln,6.772015466126785,3.4999999999999996
Sheridan,6.2375867060833405,3.5999999999999996
Washakie,5.9157702486902926,5.9
Uinta,5.206791197573307,4.5
Crook,4.4823492146405535,1.3999999999999997
