county,pov,moe
Niobrara,32.85044428630478,22.900000000000002
Hot Springs,25.99472770466801,14.100000000000001
Johnson,23.657551597291832,11.1
Platte,23.416400045151057,11.199999999999998
Albany,21.767777890134614,8.7
Converse,21.21836209056385,8
Carbon,19.74158925509635,6.1000000000000005
Big Horn,19.62407333038758,6
Sweetwater,18.399246463259683,4.5
Sublette,18.299320157918782,7.3
Park,17.91783447920595,4.4
Fremont,17.470920802708026,3.2
Laramie,16.346862546009596,3
Natrona,13.644188726864822,2.9000000000000004
Weston,13.432081853186146,7.7
Goshen,8.958328960003207,5.1
Campbell,5.6196083495925695,3
Teton,4.018473874800804,5.800000000000001
Lincoln,2.756975265588572,3.4999999999999996
Sheridan,2.2681295136090673,3.5999999999999996
Washakie,2.082828327363177,5.9
Uinta,2.0137568831547563,4.5
Crook,2.000517597136768,1.3999999999999997
