county,pov,moe
Niobrara,32.940444286304775,22.900000000000002
Hot Springs,32.940444286304775,14.100000000000001
Johnson,32.940444286304775,11.1
Albany,20.572439893460107,8.7
Converse,19.26832476224555,8
Platte,18.92047558832282,11.199999999999998
Carbon,18.243636290640005,6.1000000000000005
Big Horn,16.847958335943677,6
Fremont,15.345778136963753,3.2
Sweetwater,15.26863412810742,4.5
Park,13.916626185720416,4.4
Sublette,13.857871705434361,7.3
Laramie,12.375917540358078,3
Weston,11.925060016869663,7.7
Natrona,10.738683145572393,2.9000000000000004
Goshen,9.77664093800054,5.1
Campbell,8.021396955639108,3
Teton,7.812371697081128,5.800000000000001
Lincoln,6.178087637800103,3.4999999999999996
Sheridan,5.209446409915383,3.5999999999999996
Washakie,4.529063199651333,5.9
Uinta,3.4201724670835794,4.5
Crook,2.4500821062762324,1.3999999999999997
