county,pov,moe
Niobrara,34.650444286304776,22.900000000000002
Hot Springs,33.75044428630478,14.100000000000001
Johnson,32.940444286304775,11.1
Albany,21.717533761027873,8.7
Converse,20.864769874374513,8
Platte,19.955065680698144,11.199999999999998
Carbon,19.60378506456429,6.1000000000000005
Big Horn,18.51866143841597,6
Fremont,16.938366053023127,3.2
Sweetwater,16.77392269594198,4.5
Park,14.585231980698484,4.4
Sublette,12.547938196566683,7.3
Laramie,12.50127823703821,3
Natrona,9.47060199007123,2.9000000000000004
Weston,8.930803130041493,7.7
Goshen,7.11817208303927,5.1
Campbell,5.907864676801858,3
Teton,5.326335691560514,5.800000000000001
Lincoln,4.723738433551848,3.4999999999999996
Sheridan,4.393815216701066,3.5999999999999996
Washakie,4.200403148683575,5.9
Uinta,4.070147227506976,4.5
Crook,4.010232560778546,1.3999999999999997
